id,area_sqft,bedrooms,bathrooms,age_years,basement,garage_spaces,lot_size_sqft,floors,neighborhood,year_sold,month_sold,sale_price
1,2255,4,2,7,1,2,5555,2,South,2021,8,411000
2,3615,5,4,5,0,2,14674,3,North,2023,3,914000
3,2526,5,2,3,1,3,12658,2,North,2022,4,662000
4,2360,3,1,23,1,1,4841,1,North,2021,9,355000
5,1181,1,1,14,1,2,3509,1,South,2021,1,247000
6,1150,2,1,41,1,2,6787,1,South,2023,2,180000
7,1128,2,1,1,1,3,2270,1,South,2023,2,309000
8,2643,5,3,26,0,2,14198,2,East,2021,1,618000
9,2355,4,2,34,1,2,12782,1,East,2022,12,429000
10,2605,4,3,34,0,1,12218,1,South,2021,4,379000
11,1592,3,2,43,1,2,7768,2,Central,2022,8,312000
12,4259,6,2,32,0,3,14131,1,East,2022,7,935000
13,3414,4,1,46,0,3,15925,1,West,2021,3,409000
14,1458,2,1,5,1,2,5325,1,Central,2021,4,339000
15,989,1,1,16,1,1,2526,1,North,2023,4,254000
16,1504,2,2,1,1,3,3411,1,East,2021,4,352000
17,2033,3,2,1,1,0,6788,2,East,2021,1,487000
18,1633,3,2,3,1,1,9265,2,South,2022,2,363000
19,1631,3,1,2,1,2,9575,2,North,2021,9,380000
20,995,2,1,4,0,1,5470,1,Central,2022,7,272000
21,1824,4,2,3,1,3,8829,1,North,2021,6,462000
22,1138,2,1,1,1,2,2703,1,Central,2021,7,278000
23,1417,2,1,44,1,2,8105,1,West,2021,10,208000
24,2217,4,2,1,1,2,8890,1,East,2023,5,548000
25,1628,2,1,32,1,2,3767,1,North,2021,10,321000
26,3075,4,3,3,1,2,12108,1,East,2021,8,682000
27,1103,1,1,44,0,1,4865,1,South,2021,6,121000
28,2334,4,1,43,0,2,12225,2,South,2022,1,294000
29,2266,4,4,27,0,1,6427,1,Central,2021,12,391000
30,1458,3,2,28,0,1,5198,1,South,2023,3,224000
31,2030,4,3,1,1,2,7185,2,East,2021,9,495000
32,1125,2,1,49,0,0,3278,1,Central,2022,8,175000
33,1359,2,1,42,1,3,6256,1,North,2023,4,275000
34,4104,5,5,43,1,2,23614,3,East,2023,1,1015000
35,3785,5,1,27,0,3,12168,2,East,2021,11,889000
36,3329,4,1,5,1,1,8990,3,East,2021,3,736000
37,2491,3,2,43,1,3,5715,2,Central,2022,11,450000
38,906,1,1,4,0,1,2704,1,Central,2022,6,222000
39,2378,3,1,20,1,0,8695,1,East,2022,9,420000
40,2426,4,3,2,0,0,13091,1,East,2022,10,437000
41,1063,2,1,45,0,2,4598,1,East,2022,11,229000
42,2315,3,1,2,1,0,7221,2,West,2022,5,386000
43,1332,2,1,3,1,2,2718,1,West,2021,5,303000
44,3849,5,4,20,0,1,10793,2,South,2022,10,685000
45,1184,1,1,34,0,1,5606,1,North,2022,8,163000
46,1760,3,2,24,1,2,7822,1,Central,2022,5,371000
47,1821,4,4,3,1,1,8865,1,South,2022,5,415000
48,2382,4,1,1,0,2,11127,2,West,2022,11,401000
49,1945,4,2,34,1,2,8567,1,Central,2022,11,442000
50,1004,1,1,49,1,3,5975,1,South,2021,12,126000
51,3595,6,4,37,0,1,7633,3,West,2023,5,660000
52,2890,5,3,13,1,3,8380,2,North,2021,11,628000
53,3600,5,2,44,1,2,12401,2,Central,2021,3,843000
54,2868,5,3,10,1,3,9694,2,North,2022,4,674000
55,2468,3,1,18,1,0,11732,2,East,2022,9,436000
56,3853,5,5,14,1,2,17974,3,East,2021,4,1001000
57,1518,2,1,12,0,3,3689,1,West,2021,12,186000
58,1170,1,1,35,0,0,3280,1,North,2021,10,116000
59,944,1,1,18,1,2,4570,1,East,2023,6,265000
60,2348,3,2,5,1,3,11642,2,South,2021,9,408000
61,2071,4,1,4,1,2,5186,1,South,2022,2,387000
62,1449,2,2,1,1,0,6893,1,West,2022,8,260000
63,2628,4,4,22,1,2,15272,2,North,2022,7,609000
64,1988,3,1,3,1,0,6600,2,West,2023,3,365000
65,980,1,1,2,1,3,3730,1,Central,2021,2,288000
66,2166,4,2,27,1,0,5182,2,Central,2022,10,407000
67,1200,2,2,28,0,1,5430,1,West,2021,8,151000
68,3350,4,1,33,1,1,7335,2,South,2021,10,505000
69,1543,2,2,16,1,2,8062,1,East,2022,1,335000
70,4134,6,2,43,1,3,21226,3,Central,2022,9,930000
71,3407,5,1,46,1,1,10214,3,Central,2023,1,661000
72,1270,2,1,37,0,1,4415,1,East,2021,9,219000
73,1491,2,1,25,1,1,5971,1,Central,2022,7,282000
74,2697,4,4,5,1,3,11386,1,Central,2022,9,691000
75,3222,4,2,49,1,2,12321,2,Central,2021,7,593000
76,2572,4,2,4,1,1,5833,2,West,2021,1,478000
77,2547,5,4,3,0,2,12235,1,Central,2021,10,630000
78,1577,2,1,12,1,1,8029,1,Central,2022,9,289000
79,1834,4,3,2,1,2,6087,2,North,2021,10,435000
80,1196,1,1,49,1,1,3750,1,Central,2021,2,166000
81,2582,4,2,22,1,3,13987,2,South,2022,6,551000
82,2476,4,1,20,1,3,7845,2,East,2021,2,500000
83,1839,3,1,27,0,2,7663,2,West,2022,9,295000
84,1003,1,1,16,1,2,2295,1,West,2023,6,181000
85,1990,3,2,1,0,2,6810,1,Central,2021,3,418000
86,1885,3,1,24,1,1,9796,1,East,2021,2,394000
87,2965,4,4,31,0,2,13038,1,South,2021,1,397000
88,2251,3,2,10,0,2,9052,2,North,2022,3,436000
89,3355,5,1,34,1,3,13523,2,East,2022,8,666000
90,1974,3,1,3,1,1,11050,2,West,2021,11,325000
91,1066,1,1,3,1,2,6009,1,South,2022,2,265000
92,2880,4,4,3,1,2,16207,1,East,2022,9,716000
93,2864,5,4,7,1,1,6573,2,South,2022,7,560000
94,1815,4,3,40,1,2,4507,2,West,2021,4,296000
95,3187,5,1,39,1,3,13858,1,North,2022,9,567000
96,1874,3,1,8,1,3,7059,2,West,2022,7,377000
97,2319,3,1,22,1,2,8475,1,South,2022,12,331000
98,2300,3,2,31,1,0,9883,2,North,2021,8,394000
99,1563,2,2,3,1,3,4664,2,Central,2021,7,348000
100,973,1,1,3,0,2,4771,1,East,2021,7,214000
101,1523,2,1,49,1,1,5532,2,East,2021,3,271000
102,2251,3,1,24,0,1,7671,1,West,2022,2,269000
103,1776,3,2,49,1,1,6492,2,West,2022,4,268000
104,2147,3,1,5,0,0,7268,2,West,2022,8,333000
105,4247,5,4,30,1,2,17126,3,West,2023,2,707000
106,1150,1,1,3,0,1,6877,1,East,2021,6,249000
107,1768,2,1,4,1,0,10316,2,South,2022,2,354000
108,2974,5,3,17,1,1,14312,2,South,2023,3,597000
109,1288,3,3,5,1,2,6723,1,Central,2022,1,342000
110,1176,1,1,3,1,1,4171,1,Central,2021,10,254000
111,1555,3,2,4,1,0,8332,1,South,2021,1,280000
112,1470,2,2,1,1,1,6794,1,North,2023,2,342000
113,3725,5,1,30,1,2,17232,1,South,2023,5,673000
114,3202,5,4,15,1,0,15477,3,West,2022,12,571000
115,1933,4,1,2,1,2,8223,1,North,2021,9,385000
116,3364,5,4,3,1,1,17689,2,West,2022,12,533000
117,3287,4,2,2,1,1,18267,1,Central,2021,2,606000
118,957,1,1,24,1,1,5577,1,Central,2022,4,250000
119,2735,5,2,2,0,1,11626,1,North,2021,12,568000
120,2442,3,2,33,1,1,10372,2,Central,2021,1,388000
121,2533,5,4,1,1,1,7736,2,West,2021,12,502000
122,3325,4,3,3,1,1,17006,3,North,2022,8,679000
123,1924,4,1,43,1,2,5308,1,East,2023,4,382000
124,1310,2,2,31,1,0,7086,1,West,2022,8,191000
125,1174,1,1,2,1,3,6172,1,Central,2022,8,292000
126,1668,3,2,38,0,3,8275,2,North,2021,1,351000
127,2717,5,3,15,1,2,8910,2,North,2022,11,607000
128,3436,5,4,40,0,1,13472,2,East,2022,3,666000
129,1480,2,2,23,0,3,7748,1,Central,2021,10,296000
130,2498,3,2,28,1,1,9085,2,Central,2021,1,448000
131,2336,4,1,50,1,1,8363,2,South,2022,6,336000
132,1222,3,2,3,0,0,5972,1,South,2021,4,215000
133,1117,1,1,24,1,3,3296,1,Central,2021,3,217000
134,2272,4,2,13,1,1,9472,2,West,2022,1,372000
135,4012,6,5,1,0,3,21572,3,Central,2022,4,994000
136,2006,4,2,1,0,1,6766,2,Central,2021,4,434000
137,2259,4,1,2,0,3,7589,2,South,2021,2,366000
138,2970,5,2,26,0,3,15170,1,West,2022,8,460000
139,1747,2,1,21,1,3,10178,2,North,2021,4,357000
140,3772,6,3,20,1,2,21359,1,Central,2022,3,924000
141,3643,6,2,1,1,3,17588,3,West,2022,10,743000
142,1152,2,2,14,0,3,4988,1,Central,2022,1,304000
143,2363,3,1,45,1,1,5580,1,Central,2022,1,391000
144,2175,3,2,9,1,2,7547,1,North,2021,4,455000
145,1451,3,1,25,1,2,4914,1,North,2021,1,272000
146,1169,2,1,35,1,1,4209,1,East,2023,4,261000
147,2365,3,2,36,1,2,8926,1,Central,2023,4,428000
148,2199,3,2,17,0,0,6047,2,Central,2021,11,419000
149,1338,3,3,41,1,2,7739,1,Central,2022,9,257000
150,1497,2,2,8,1,1,6373,1,West,2021,6,224000
151,3909,6,1,43,0,1,17999,2,South,2023,4,659000
152,1270,3,3,3,0,1,6305,1,North,2023,5,312000
153,1124,1,1,4,0,3,5682,1,South,2021,1,232000
154,1742,2,2,2,1,1,10168,2,West,2022,7,317000
155,4022,5,1,36,0,3,20219,2,Central,2022,1,847000
156,1405,3,2,10,0,2,7062,1,South,2021,12,242000
157,1694,3,3,3,1,2,5987,2,Central,2021,8,437000
158,3274,4,3,3,1,1,6747,1,South,2023,1,585000
159,948,1,1,44,0,1,2339,1,South,2022,5,108000
160,3382,4,2,39,1,2,17318,1,East,2021,10,623000
161,1713,3,1,20,1,0,4021,2,East,2022,8,404000
162,1757,2,1,24,1,2,7991,2,Central,2021,10,378000
163,2243,4,2,14,1,3,4761,2,East,2021,12,492000
164,1764,2,1,8,1,1,6229,2,South,2022,12,365000
165,1596,3,2,45,1,2,6779,2,Central,2022,1,330000
166,2933,4,4,2,0,3,9704,2,Central,2022,12,721000
167,2211,3,2,10,1,3,6453,1,West,2022,6,382000
168,965,2,1,5,1,3,2062,1,South,2021,7,237000
169,1294,3,2,16,1,3,5336,1,South,2022,9,281000
170,1991,4,3,13,1,1,8242,2,North,2021,7,440000
171,2211,4,3,17,1,3,13223,1,North,2021,3,443000
172,1379,3,1,2,0,3,5175,1,Central,2022,6,326000
173,2142,4,2,17,0,2,4290,2,North,2022,1,420000
174,1157,2,1,3,0,1,2961,1,East,2023,6,325000
175,2167,4,1,3,1,2,12155,2,West,2023,5,411000
176,911,2,1,2,0,1,5113,1,Central,2023,1,298000
177,2297,4,1,34,1,1,13105,1,North,2022,3,384000
178,2339,3,2,11,0,2,11339,2,East,2022,1,476000
179,3618,6,6,25,1,2,15204,3,South,2023,1,780000
180,1598,2,1,32,0,2,6706,2,South,2023,1,252000
181,2150,3,1,28,1,0,12414,2,South,2021,12,319000
182,1173,2,2,14,1,2,3087,1,East,2021,9,288000
183,4288,6,4,8,1,1,21583,1,North,2023,6,915000
184,3157,5,2,7,1,1,13610,1,East,2022,8,690000
185,1248,2,1,26,1,2,4627,1,North,2021,9,235000
186,1715,2,1,16,0,1,9277,1,Central,2021,9,303000
187,2801,4,4,40,0,0,10404,1,East,2022,4,586000
188,2046,3,1,42,0,1,5891,2,Central,2022,6,350000
189,1762,2,1,3,1,2,4679,1,North,2021,4,409000
190,1364,2,1,2,0,2,2823,1,Central,2023,3,333000
191,903,2,1,25,0,1,4142,1,East,2021,6,201000
192,3477,4,1,5,1,1,10063,1,North,2023,2,658000
193,4240,5,5,1,1,2,21612,2,West,2022,2,753000
194,2497,4,1,43,1,3,10020,1,West,2022,6,348000
195,2337,4,3,3,1,2,13899,1,Central,2022,7,487000
196,1870,3,1,46,1,3,6547,2,West,2022,6,307000
197,3496,5,3,31,1,2,12872,1,North,2023,1,642000
198,3013,4,2,34,0,2,6037,2,South,2021,5,421000
199,3281,4,3,3,1,3,14969,3,East,2021,1,798000
200,2683,5,4,3,1,2,11583,1,North,2022,4,614000
201,2120,4,2,17,0,3,10146,1,West,2022,10,313000
202,1008,1,1,3,1,2,3417,1,East,2023,3,264000
203,1540,3,2,5,1,3,7141,1,Central,2022,10,385000
204,2806,5,1,5,0,2,9270,2,East,2023,1,672000
205,2462,4,2,3,1,3,12856,2,East,2022,7,556000
206,1554,3,2,3,0,0,8323,2,North,2023,6,352000
207,1419,3,2,36,1,2,7642,1,North,2022,1,278000
208,2224,3,1,3,1,3,9687,1,Central,2022,12,466000
209,1103,1,1,1,1,1,4363,1,Central,2022,10,250000
210,1056,2,1,25,0,2,2255,1,East,2022,11,243000
211,1983,3,3,49,0,3,6033,2,Central,2021,9,385000
212,2381,4,4,5,0,1,12559,1,West,2021,6,362000
213,1766,3,1,2,0,2,4953,2,Central,2021,3,450000
214,1452,3,2,21,1,2,4321,1,South,2021,3,244000
215,3477,5,4,44,1,2,12412,2,East,2022,9,674000
216,1443,3,3,36,1,0,7075,1,East,2022,4,292000
217,1601,3,2,24,1,0,3238,2,East,2021,2,401000
218,3114,4,3,5,1,1,18014,3,South,2022,10,585000
219,1932,3,1,19,1,1,11550,1,East,2023,4,430000
220,3001,4,4,2,1,1,9249,2,West,2021,8,457000
221,1620,3,2,28,0,2,5998,1,North,2021,1,294000
222,1715,2,1,31,1,2,7201,2,West,2022,5,300000
223,1271,3,3,48,1,2,5250,1,West,2022,10,211000
224,2500,5,2,4,1,0,12462,2,Central,2023,3,551000
225,1214,2,1,1,1,2,3598,1,East,2022,6,342000
226,1145,2,1,19,1,1,5317,1,North,2021,5,244000
227,3560,6,2,30,0,3,17871,2,East,2022,4,938000
228,1847,4,2,36,0,2,7517,2,North,2023,1,392000
229,3400,4,3,3,1,3,13635,2,West,2022,3,569000
230,2181,4,2,4,1,0,9018,2,North,2021,5,376000
231,3470,5,2,17,1,2,7746,1,South,2021,9,516000
232,1681,3,1,5,1,2,4443,2,North,2023,1,437000
233,1688,2,1,41,1,3,4809,2,North,2021,6,335000
234,2350,3,1,14,1,2,5588,1,Central,2021,12,410000
235,1397,3,2,37,0,2,8201,1,Central,2021,12,255000
236,3336,5,1,21,0,0,17357,3,East,2022,6,657000
237,970,2,1,35,0,2,3578,1,South,2022,7,182000
238,1445,3,1,5,1,1,7989,1,Central,2021,4,289000
239,2385,4,1,39,1,0,5989,2,Central,2021,3,378000
240,1028,2,2,4,0,0,3174,1,Central,2022,10,237000
241,3632,6,4,19,0,3,14460,1,East,2023,1,953000
242,4176,5,2,3,1,1,16844,2,North,2023,1,916000
243,3987,5,1,14,1,3,8750,2,North,2023,5,874000
244,2163,3,3,5,1,3,4608,1,Central,2022,9,485000
245,1069,1,1,4,1,3,3539,1,Central,2022,10,289000
246,3772,6,3,48,0,3,8324,3,East,2021,4,907000
247,2141,4,1,3,1,3,4403,1,South,2021,6,398000
248,4394,5,3,36,0,1,10380,1,West,2023,1,608000
249,4122,6,6,49,1,1,13089,1,Central,2022,3,865000
250,2934,5,1,1,1,2,7301,1,West,2022,4,524000
251,1116,1,1,30,1,2,3640,1,West,2022,3,185000
252,2153,4,1,4,1,0,11087,1,South,2021,4,324000
253,3274,5,5,1,1,2,16613,1,South,2023,6,619000
254,2348,4,1,9,1,2,4818,2,West,2022,1,387000
255,1105,2,1,46,1,3,2323,1,Central,2023,5,268000
256,2331,4,4,1,1,2,13206,1,North,2021,4,475000
257,3820,5,4,22,0,2,17900,1,North,2022,7,819000
258,2009,3,2,16,1,2,11782,2,West,2021,1,325000
259,2288,3,1,42,1,2,13043,2,South,2022,4,335000
260,1565,2,1,2,1,3,5951,2,East,2022,5,377000
261,1983,4,3,28,1,1,8083,1,West,2023,5,339000
262,3949,5,1,28,1,2,22717,2,West,2021,9,585000
263,1429,2,2,28,1,2,4330,1,Central,2021,11,278000
264,2063,4,2,47,1,2,7765,1,South,2021,5,295000
265,2624,4,1,38,0,1,13206,2,East,2021,9,563000
266,2754,5,4,1,0,1,8061,2,North,2022,2,641000
267,1831,3,2,14,1,1,5925,1,Central,2022,4,419000
268,2566,4,2,9,1,1,10224,1,Central,2022,3,584000
269,1947,4,2,5,1,3,5794,1,South,2023,3,418000
270,921,1,1,13,1,2,3322,1,North,2022,12,243000
271,3103,5,1,8,1,1,13311,3,North,2023,3,667000
272,3068,5,2,11,1,1,16202,2,East,2021,1,687000
273,2736,5,4,49,1,1,12434,2,North,2021,3,571000
274,4103,6,5,2,1,3,8738,2,West,2021,9,748000
275,1826,3,1,45,1,2,8066,1,West,2023,6,285000
276,1608,3,2,15,0,3,3889,2,West,2022,11,285000
277,2573,4,1,24,0,1,6250,2,Central,2021,5,560000
278,2325,4,3,39,1,3,9589,1,South,2023,4,449000
279,3147,5,4,6,1,1,18206,2,Central,2021,12,712000
280,2561,5,1,11,0,0,8993,1,North,2022,9,517000
281,2735,5,5,10,0,0,6210,2,North,2022,3,647000
282,1670,2,1,7,1,2,4803,1,East,2023,6,455000
283,1633,3,2,45,1,1,3979,1,East,2022,2,372000
284,1238,2,1,39,0,2,7225,1,North,2021,11,175000
285,1673,2,1,2,0,3,5689,1,East,2022,5,424000
286,1426,3,1,2,1,1,3569,1,South,2021,4,223000
287,1844,4,3,11,1,1,8558,1,Central,2021,7,442000
288,1886,4,3,2,0,3,8580,1,East,2021,12,465000
289,1585,2,1,24,1,2,7321,2,East,2021,9,317000
290,2098,4,3,2,1,3,10152,2,Central,2021,11,519000
291,1119,2,2,17,1,1,3842,1,West,2023,6,228000
292,1452,3,2,1,1,1,3297,1,East,2021,12,347000
293,2636,4,3,5,1,1,6184,1,East,2022,7,695000
294,2341,4,3,28,1,3,13137,1,West,2021,11,358000
295,1484,2,1,15,1,3,6863,1,South,2023,3,298000
296,2191,3,3,49,0,3,6102,1,North,2022,3,347000
297,2985,5,4,42,1,2,10189,2,South,2022,8,524000
298,1148,2,1,6,1,3,3674,1,West,2022,11,244000
299,2404,3,1,1,1,2,12000,1,South,2023,3,426000
300,1384,3,2,40,0,2,5966,1,North,2021,12,228000
301,1316,3,2,44,1,3,3506,1,South,2021,3,218000
302,1795,2,1,38,0,1,7735,2,West,2022,9,226000
303,1697,2,1,2,1,1,3822,2,West,2022,2,325000
304,1700,2,1,50,0,1,4633,1,West,2021,3,173000
305,3175,5,5,4,1,2,13521,2,South,2021,9,573000
306,3942,6,5,31,1,1,17682,3,Central,2022,8,918000
307,1963,3,1,44,1,1,9723,2,East,2023,5,389000
308,2034,4,3,3,0,3,8865,1,East,2022,9,498000
309,2921,5,4,44,1,1,14356,2,Central,2021,1,615000
310,1378,2,1,5,1,1,4014,1,Central,2023,5,355000
311,2485,4,1,49,1,2,12639,2,West,2021,3,337000
312,955,1,1,4,0,3,2853,1,Central,2023,4,272000
313,1589,3,2,47,0,0,6624,2,East,2022,11,265000
314,4170,6,5,2,1,2,15806,3,South,2022,12,831000
315,3162,5,2,30,1,0,11620,2,South,2021,9,516000
316,1701,3,2,18,0,2,6588,1,East,2021,1,415000
317,1663,2,1,14,1,1,8997,1,West,2022,12,283000
318,1312,3,2,3,1,1,2814,1,East,2023,6,356000
319,1247,3,2,30,0,2,5650,1,Central,2022,8,190000
320,1011,2,1,3,1,3,5384,1,East,2021,1,283000
321,1855,4,2,20,1,2,9954,2,South,2021,12,327000
322,2697,4,1,4,1,3,11042,2,North,2021,11,582000
323,1795,2,2,47,1,2,10324,2,Central,2022,10,409000
324,1449,2,1,1,1,0,8092,1,Central,2021,11,261000
325,3960,6,2,3,0,1,21186,1,West,2021,11,600000
326,2644,4,2,3,0,3,14745,1,Central,2023,5,627000
327,2033,4,1,10,0,2,10417,1,Central,2022,8,475000
328,1788,3,1,3,1,3,9522,1,Central,2022,3,453000
329,1886,4,2,15,1,1,3897,1,South,2021,6,355000
330,1373,2,2,42,1,1,3912,1,East,2022,10,263000
331,1856,3,2,31,0,1,8254,1,North,2023,2,307000
332,3396,5,5,21,1,1,20019,3,Central,2022,1,753000
333,977,2,1,2,1,1,4103,1,Central,2021,5,274000
334,1353,2,1,29,1,2,5594,1,West,2023,4,231000
335,1463,2,1,3,1,2,4604,1,East,2021,4,364000
336,1000,1,1,36,1,1,4676,1,East,2022,3,213000
337,2552,5,1,4,1,0,11764,2,East,2021,12,651000
338,3168,5,2,10,0,2,6606,2,South,2021,9,516000
339,2154,4,1,6,1,2,5168,2,East,2022,7,540000
340,915,2,1,41,1,2,2549,1,North,2023,4,240000
341,1696,2,1,2,1,2,5012,1,Central,2022,9,426000
342,2372,3,2,20,0,3,11296,2,East,2022,4,461000
343,1142,2,1,2,1,2,4880,1,Central,2023,4,325000
344,1771,3,3,30,0,3,4990,1,West,2023,3,288000
345,2017,4,3,44,1,2,9064,2,South,2023,4,398000
346,2098,3,1,11,1,1,9936,1,South,2023,1,339000
347,2093,4,1,15,1,1,7934,1,Central,2021,8,444000
348,1118,1,1,45,0,2,2274,1,West,2023,3,166000
349,2486,4,2,17,1,2,8798,1,South,2022,8,381000
350,2011,3,2,15,1,2,7093,1,North,2023,6,424000
351,1661,2,1,21,0,1,6709,2,West,2023,3,267000
352,2669,4,2,29,1,2,14705,1,South,2022,11,479000
353,1989,3,3,2,0,2,7732,2,South,2021,2,400000
354,902,1,1,38,1,2,3060,1,West,2022,4,172000
355,1299,2,1,11,1,2,4203,1,West,2022,2,237000
356,1872,4,3,2,1,3,4341,2,East,2022,2,571000
357,1365,3,1,36,1,2,4508,1,Central,2023,1,319000
358,1893,4,2,7,1,1,5470,1,West,2022,2,343000
359,3934,6,5,2,1,3,20848,3,Central,2022,5,1022000
360,2314,4,3,25,0,1,5603,2,North,2022,1,445000
361,2349,3,1,42,1,2,12334,2,South,2022,12,363000
362,2403,3,1,43,1,1,9701,1,North,2021,6,358000
363,2170,3,2,48,1,0,4830,2,South,2023,5,372000
364,2278,4,1,41,1,1,8544,1,Central,2021,9,381000
365,4236,5,3,1,0,1,16081,2,Central,2022,10,926000
366,2099,3,2,8,1,1,11269,2,West,2021,11,373000
367,3659,6,4,38,1,1,14537,2,East,2021,7,951000
368,3695,6,3,7,1,2,16153,1,West,2021,1,643000
369,1203,2,1,23,0,2,7158,1,East,2023,5,276000
370,1122,1,1,23,1,3,5754,1,North,2021,9,214000
371,959,2,1,7,0,3,5035,1,East,2021,4,277000
372,1493,2,1,44,1,2,6322,1,East,2023,5,307000
373,1455,2,1,16,1,3,6441,1,South,2023,2,278000
374,1663,2,1,13,1,2,8403,1,South,2021,11,325000
375,1221,3,1,50,1,2,6713,1,South,2022,5,183000
376,1659,3,3,15,1,2,3710,2,West,2022,8,342000
377,2552,4,3,3,1,1,6697,1,North,2022,8,614000
378,1498,3,2,17,1,2,8808,1,West,2022,5,261000
379,2989,5,1,38,1,2,17826,2,East,2021,1,610000
380,1414,2,1,35,1,1,4635,1,South,2022,2,221000
381,1443,3,1,36,1,1,5413,1,Central,2021,12,244000
382,1762,2,2,30,1,1,3760,1,East,2023,3,432000
383,1659,2,2,4,0,3,6659,1,South,2022,7,351000
384,3484,4,3,41,1,3,17453,1,Central,2021,3,577000
385,3021,4,3,43,1,1,8285,2,South,2021,4,486000
386,2583,5,4,3,0,1,12187,1,Central,2021,5,646000
387,1090,2,1,2,1,1,2236,1,East,2021,10,310000
388,970,1,1,49,1,3,3560,1,South,2022,1,183000
389,3110,4,2,41,1,1,10923,2,West,2023,2,453000
390,2570,4,3,43,0,3,10164,1,South,2021,3,402000
391,4192,6,4,43,1,2,16469,1,North,2023,3,842000
392,2483,4,3,19,0,3,10871,1,North,2022,4,459000
393,1841,4,3,26,0,2,8420,2,South,2022,3,369000
394,2914,4,3,19,1,2,8931,2,West,2022,7,488000
395,1723,3,1,2,0,2,7561,1,Central,2021,8,377000
396,4465,5,4,33,1,3,20760,1,Central,2022,3,882000
397,3412,4,4,16,0,3,9211,1,South,2021,8,531000
398,2184,3,1,26,1,2,7195,2,West,2021,12,312000
399,2753,4,2,16,1,2,13772,2,South,2021,2,499000
400,3093,4,1,15,1,3,11943,3,West,2022,11,569000
401,1508,3,2,3,1,3,4158,2,Central,2023,3,434000
402,3541,6,4,4,1,2,12816,3,North,2022,10,920000
403,2235,4,4,3,1,0,9621,1,Central,2022,3,495000
404,2584,5,3,3,1,1,9449,2,Central,2023,1,721000
405,2030,3,3,49,1,3,11757,2,West,2022,6,288000
406,3174,5,5,3,1,0,15209,2,West,2021,2,516000
407,2198,4,1,4,1,1,5228,1,West,2023,6,375000
408,1478,2,2,22,1,1,7361,1,Central,2021,4,252000
409,4036,6,3,24,1,2,13179,3,West,2022,8,703000
410,1223,3,1,3,1,2,4660,1,South,2021,5,236000
411,1868,4,2,36,0,1,9455,2,West,2021,5,281000
412,3710,5,3,36,1,1,12694,1,South,2022,4,638000
413,4186,6,6,3,1,2,20413,1,Central,2021,5,962000
414,2334,3,2,4,1,3,13747,2,Central,2023,2,538000
415,1922,4,2,46,1,0,6128,2,East,2023,3,437000
416,1845,4,1,38,0,1,9674,2,West,2022,3,218000
417,1171,2,1,30,1,2,6199,1,Central,2022,3,268000
418,2006,4,1,2,1,3,8279,2,South,2021,6,408000
419,1735,2,1,10,1,2,10292,1,East,2021,7,420000
420,3188,4,2,20,1,2,10496,3,East,2023,5,720000
421,3161,4,2,3,1,3,15429,3,West,2022,9,580000
422,2808,4,4,12,1,1,12969,1,South,2022,10,542000
423,1368,3,1,23,1,1,7924,1,West,2021,8,211000
424,1924,4,1,5,1,2,8261,1,East,2022,1,468000
425,974,2,1,35,1,3,2137,1,North,2021,7,201000
426,1610,3,1,39,1,2,3944,1,North,2022,3,344000
427,2070,3,3,5,1,3,8450,1,North,2021,1,452000
428,3137,4,3,39,0,2,18173,1,North,2021,3,520000
429,2177,4,2,2,0,2,10988,1,East,2022,4,482000
430,1002,2,1,39,0,0,2416,1,West,2022,10,113000
431,975,1,1,3,1,1,2387,1,North,2022,4,253000
432,3051,5,1,2,1,2,15081,3,West,2021,6,530000
433,1819,4,2,26,1,1,7103,2,East,2023,5,490000
434,1418,3,2,14,1,0,4252,1,North,2022,3,295000
435,1171,1,1,44,1,3,3429,1,East,2021,12,252000
436,2636,4,1,6,1,3,14388,1,West,2021,12,482000
437,1257,3,1,4,0,1,2888,1,North,2022,6,278000
438,3403,4,2,16,1,2,13066,3,North,2021,3,655000
439,2571,4,1,13,0,0,8091,1,Central,2023,5,548000
440,1150,2,1,5,0,1,4234,1,West,2021,7,181000
441,1278,3,1,29,0,2,7633,1,East,2021,5,255000
442,3792,6,4,34,0,2,17428,1,West,2023,3,594000
443,1762,2,1,40,0,0,3948,1,Central,2022,3,297000
444,2049,4,3,49,1,1,7488,2,Central,2021,4,367000
445,3354,4,1,4,0,1,18321,1,South,2021,7,462000
446,4057,6,1,31,1,3,24178,1,East,2021,12,910000
447,4221,6,5,9,0,2,8598,1,West,2022,11,687000
448,2810,5,2,28,0,2,12459,2,North,2023,3,562000
449,2227,4,3,14,1,0,6255,2,Central,2021,9,468000
450,1569,3,1,50,1,2,7752,2,East,2021,5,286000
451,3042,4,2,32,1,2,18160,1,South,2023,4,541000
452,1609,2,1,47,1,3,8749,2,Central,2022,4,372000
453,2284,4,3,39,1,1,6608,2,North,2023,5,446000
454,4337,5,1,44,1,3,16201,3,North,2023,6,846000
455,1467,3,1,38,1,2,7056,1,West,2021,1,175000
456,1907,4,3,13,1,1,5167,1,South,2021,3,363000
457,1579,3,1,4,0,1,6220,2,West,2022,11,253000
458,1707,3,3,7,1,2,6890,1,North,2023,5,454000
459,1037,1,1,1,1,3,3850,1,South,2022,7,296000
460,1170,1,1,18,1,2,3503,1,South,2021,5,222000
461,1018,1,1,16,1,2,4583,1,West,2021,8,192000
462,1710,3,1,18,0,1,8526,1,South,2021,7,270000
463,3261,4,1,49,1,1,18260,2,East,2022,10,612000
464,2167,3,3,44,0,2,7600,2,Central,2023,3,411000
465,3660,6,2,3,1,2,17394,3,Central,2023,5,970000
466,1879,3,1,7,0,2,10177,2,West,2021,5,285000
467,1188,2,1,11,0,1,6070,1,East,2022,10,269000
468,3120,5,1,6,1,1,13454,3,East,2022,10,761000
469,1115,1,1,37,1,1,3319,1,West,2021,2,105000
470,4235,5,3,18,0,3,19034,2,Central,2021,2,923000
471,1251,2,1,21,1,2,6934,1,Central,2021,6,287000
472,3709,5,3,40,0,1,9471,2,Central,2021,11,803000
473,1549,2,2,37,0,1,7864,1,Central,2023,6,265000
474,3374,5,3,2,0,1,12849,2,North,2022,12,640000
475,1871,4,2,31,1,2,6279,1,West,2021,8,293000
476,4018,6,4,11,1,2,13127,3,Central,2021,2,954000
477,1400,3,2,4,1,3,7731,1,Central,2021,10,348000
478,1858,3,1,2,1,2,6222,1,Central,2023,4,468000
479,4428,6,3,15,0,1,17189,2,East,2023,6,1034000
480,2467,3,1,6,1,2,10168,1,West,2023,1,402000
481,1653,3,1,4,1,2,9605,2,North,2022,2,425000
482,1695,3,2,29,0,0,4294,2,East,2022,4,380000
483,2250,3,2,35,1,3,6231,2,East,2023,1,481000
484,2034,3,1,3,1,3,8493,2,Central,2021,11,462000
485,2450,4,1,1,1,2,12974,1,Central,2021,1,493000
486,3784,6,3,40,1,2,10633,2,West,2023,3,649000
487,945,1,1,1,1,2,2518,1,North,2022,4,258000
488,903,2,1,46,1,2,2778,1,East,2021,4,191000
489,3842,6,6,25,1,0,18091,3,West,2022,7,682000
490,3290,4,1,5,0,1,18079,1,North,2023,3,617000
491,1734,2,1,3,1,1,4476,1,South,2023,1,354000
492,2253,3,3,1,0,2,5305,2,Central,2023,3,498000
493,1168,1,1,3,0,2,2850,1,North,2022,1,253000
494,1065,1,1,2,1,2,4367,1,North,2021,8,262000
495,2360,4,1,24,1,2,11061,1,East,2021,8,434000
496,2053,3,1,3,1,1,10453,1,Central,2021,4,391000
497,2165,4,2,18,1,2,10524,1,Central,2023,2,502000
498,1337,2,1,22,0,2,6353,1,Central,2021,3,256000
499,4075,5,4,4,1,1,22971,2,West,2021,12,693000
500,3510,6,5,1,0,1,12324,3,East,2022,2,1021000
501,1715,3,3,1,1,3,9847,2,Central,2021,10,517000
502,1678,3,2,1,1,2,9790,1,East,2022,12,461000
503,2308,3,3,32,0,0,6932,2,South,2022,6,297000
504,3426,4,1,5,1,3,12579,3,East,2021,8,764000
505,1753,3,1,36,1,2,9153,1,Central,2021,11,322000
506,1458,2,1,11,1,1,8471,1,Central,2023,5,323000
507,3537,5,2,13,1,0,21188,2,South,2022,3,679000
508,3355,4,3,17,0,1,15199,2,East,2021,7,672000
509,3879,6,1,31,0,2,8139,3,Central,2023,5,887000
510,3097,5,4,4,0,2,14673,2,North,2023,1,695000
511,2166,4,3,2,0,1,7317,1,West,2022,7,337000
512,1752,2,2,20,1,2,10466,1,East,2023,6,457000
513,3941,5,4,5,1,1,15284,1,South,2022,4,718000
514,2631,4,2,12,1,0,13233,2,East,2021,12,648000
515,942,1,1,26,1,2,4717,1,East,2021,7,210000
516,1215,3,1,15,1,1,5808,1,West,2022,12,232000
517,1974,4,2,24,1,2,7210,2,Central,2021,4,464000
518,3421,5,5,19,1,3,8155,2,East,2023,3,795000
519,4456,6,5,32,1,1,26573,2,Central,2022,6,957000
520,940,1,1,30,1,0,2591,1,West,2021,9,117000
521,1967,4,1,18,0,0,4900,1,South,2022,7,289000
522,1816,3,2,28,1,2,8068,1,East,2023,5,449000
523,4199,5,5,42,0,2,11402,2,West,2021,8,623000
524,2756,5,2,11,1,2,11816,1,North,2021,9,547000
525,3183,4,1,10,1,2,9937,2,South,2022,1,559000
526,1706,3,2,34,0,1,8679,2,Central,2021,10,324000
527,1963,3,1,22,1,1,9522,1,West,2022,7,272000
528,1473,3,1,2,1,1,3981,1,South,2021,6,282000
529,1316,2,1,43,1,2,7698,1,South,2021,4,205000
530,3498,4,3,1,1,1,10115,1,South,2021,12,547000
531,3136,5,1,33,0,2,12674,3,East,2021,6,623000
532,4268,6,2,34,1,2,20438,3,North,2023,4,876000
533,3659,5,4,47,1,1,20008,2,North,2022,12,770000
534,1843,4,1,2,0,2,9320,2,South,2023,6,403000
535,3386,4,2,23,1,3,18356,1,West,2022,8,491000
536,3667,6,6,11,1,0,10053,2,North,2022,3,881000
537,3500,6,1,5,0,1,10369,1,North,2021,9,614000
538,1081,1,1,2,1,2,4668,1,North,2022,1,285000
539,2023,3,2,20,0,2,11066,1,South,2022,6,341000
540,925,2,1,14,1,1,2200,1,North,2022,4,238000
541,3684,5,1,2,1,3,14762,2,East,2023,2,1076000
542,2355,4,4,24,0,2,7296,2,East,2021,3,484000
543,1240,3,1,32,1,3,4305,1,South,2022,1,258000
544,2402,3,1,34,0,1,5422,1,Central,2022,1,401000
545,2022,4,1,44,1,3,8404,1,East,2021,7,407000
546,2422,4,3,10,1,1,6434,2,North,2022,10,467000
547,1585,3,2,47,1,1,6585,1,South,2022,9,246000
548,2485,3,1,41,0,3,10236,2,Central,2021,8,419000
549,2353,3,2,4,1,0,13388,2,Central,2023,1,496000
550,3331,4,4,3,1,3,9846,3,South,2021,2,655000
551,1855,3,2,11,1,2,5648,2,North,2021,8,415000
552,2774,5,2,9,1,3,5587,2,East,2021,5,729000
553,1764,2,1,21,0,2,9811,2,East,2021,6,417000
554,2407,4,3,22,1,2,8156,1,East,2021,4,477000
555,3219,5,1,33,1,0,9330,2,East,2022,3,659000
556,1711,2,1,17,1,2,4811,2,South,2023,2,382000
557,1291,2,1,2,1,2,7306,1,North,2022,7,301000
558,939,2,1,41,1,2,3775,1,East,2023,1,239000
559,3380,5,3,5,0,1,12588,1,Central,2023,3,700000
560,2082,4,2,49,0,2,5752,1,North,2022,6,339000
561,2728,5,1,2,0,2,12742,1,West,2021,2,432000
562,1104,2,1,48,0,1,6054,1,East,2022,4,190000
563,1371,2,1,2,1,2,2791,1,South,2021,1,274000
564,1258,2,2,3,1,3,7466,1,Central,2021,4,293000
565,1913,3,3,1,1,1,8260,2,East,2022,6,519000
566,2441,4,1,30,1,2,12253,2,East,2021,6,474000
567,2415,3,3,40,1,3,14018,2,East,2023,6,538000
568,2493,4,3,11,1,0,8578,1,North,2021,3,418000
569,3734,6,2,46,1,2,8965,1,East,2023,5,937000
570,1829,4,3,22,1,2,9717,1,East,2022,12,462000
571,1625,2,2,25,1,2,6524,2,North,2023,4,404000
572,3176,4,1,40,0,2,15420,2,East,2023,6,644000
573,1798,3,2,4,0,2,8301,1,North,2023,4,454000
574,2009,4,1,6,1,0,4760,1,South,2021,12,310000
575,2837,4,2,44,1,2,7350,1,West,2021,12,398000
576,3786,6,1,44,1,2,18765,2,North,2022,5,792000
577,971,1,1,49,1,0,3366,1,West,2021,9,100000
578,4491,6,5,44,1,0,18404,3,Central,2023,4,953000
579,2392,3,3,2,1,3,6435,2,North,2023,4,552000
580,1185,1,1,38,1,2,4929,1,East,2022,11,254000
581,1960,4,3,10,1,2,11032,1,East,2021,3,499000
582,4157,6,1,50,0,3,13530,1,East,2021,5,852000
583,2122,4,3,14,1,2,6723,2,West,2023,4,415000
584,2010,4,2,20,0,3,9045,1,East,2023,2,452000
585,2296,4,1,18,1,3,7329,2,North,2022,1,507000
586,1449,3,2,5,1,2,5138,1,North,2021,4,315000
587,1239,3,1,2,1,2,5873,1,West,2021,7,249000
588,928,2,1,43,1,2,3800,1,South,2021,4,163000
589,1018,2,1,37,1,3,5591,1,Central,2022,7,271000
590,1167,1,1,2,1,2,4846,1,West,2022,7,226000
591,1082,2,1,35,1,1,3076,1,North,2021,7,216000
592,2195,4,2,25,1,1,9452,1,South,2023,6,366000
593,1171,1,1,10,1,1,6328,1,South,2022,12,252000
594,1640,3,2,4,1,3,6851,1,East,2021,7,448000
595,2612,4,1,41,0,3,7074,2,Central,2021,10,558000
596,2211,3,1,30,0,2,9710,2,North,2021,1,359000
597,2045,3,1,19,1,2,9415,1,South,2023,5,344000
598,1253,2,2,23,1,3,3956,1,South,2022,10,230000
599,1221,2,2,2,1,1,4722,1,North,2021,3,264000
600,1346,2,1,14,1,0,7403,1,East,2022,4,308000
601,1520,2,2,3,1,2,4337,1,East,2022,8,324000
602,1423,3,2,3,1,3,4037,1,South,2023,1,353000
603,1018,2,2,27,1,2,3651,1,East,2021,3,264000
604,1294,2,1,44,1,1,3851,1,South,2022,8,146000
605,1490,3,3,9,1,0,8057,1,South,2021,11,248000
606,1795,3,3,3,1,2,5697,1,South,2021,9,348000
607,1160,1,1,26,0,3,2514,1,East,2022,12,252000
608,1646,3,2,42,0,2,6380,1,East,2022,12,387000
609,2326,3,1,33,1,2,11576,2,North,2021,12,410000
610,2047,4,1,41,1,1,12015,1,North,2022,10,345000
611,901,2,1,18,1,3,2350,1,North,2022,1,247000
612,3033,5,1,33,1,1,15401,3,North,2023,6,589000
613,2426,4,1,2,1,1,7138,2,East,2022,4,519000
614,1451,3,3,5,1,3,4106,1,South,2022,3,316000
615,3204,4,3,8,1,3,17821,1,East,2023,1,743000
616,4237,5,2,17,0,2,13754,3,South,2022,2,737000
617,1586,2,1,46,0,2,3483,2,East,2022,8,257000
618,1101,2,1,42,1,1,5836,1,West,2023,2,166000
619,2873,4,2,2,1,0,9009,2,East,2022,12,675000
620,2942,4,1,3,1,1,16313,2,North,2022,1,605000
621,971,2,1,6,1,2,3882,1,North,2021,6,286000
622,1580,2,1,4,1,1,6768,2,South,2021,12,295000
623,1939,3,2,24,1,3,8777,1,East,2021,7,446000
624,2239,4,2,44,1,1,8356,2,North,2022,2,412000
625,1922,3,1,48,1,2,11522,2,South,2022,4,325000
626,2280,3,3,27,0,2,6877,2,Central,2023,5,482000
627,2469,3,2,39,1,2,11377,2,North,2021,4,407000
628,2628,5,4,18,1,1,7595,1,Central,2021,4,614000
629,1207,2,1,3,1,3,7228,1,Central,2022,5,319000
630,1419,2,2,18,1,2,3034,1,Central,2021,5,274000
631,2817,5,1,20,1,2,16257,1,Central,2023,2,658000
632,3183,4,4,33,1,2,7143,3,North,2021,5,615000
633,2019,4,2,3,1,1,11716,2,North,2021,2,415000
634,1935,3,1,7,1,2,4627,2,North,2021,8,377000
635,1312,3,2,6,0,2,4786,1,North,2021,11,320000
636,2314,3,1,48,1,3,11742,1,South,2022,1,298000
637,1903,4,1,12,1,3,7090,2,Central,2022,12,469000
638,1467,3,1,34,1,1,8712,1,South,2022,5,252000
639,1030,1,1,33,1,0,6060,1,South,2022,12,129000
640,1797,3,1,4,0,1,7361,2,West,2021,10,308000
641,1330,2,1,21,1,3,4590,1,North,2021,5,305000
642,2281,3,2,43,1,0,7464,1,South,2022,10,334000
643,1288,2,1,14,0,2,2948,1,South,2022,4,215000
644,2294,4,1,47,0,2,11471,2,Central,2021,12,369000
645,1078,2,1,3,0,2,4456,1,East,2022,1,283000
646,3131,5,1,2,1,1,10411,3,West,2021,12,527000
647,2183,4,3,43,0,1,9738,1,North,2023,6,392000
648,1909,3,2,40,0,2,10892,1,Central,2023,4,344000
649,2916,5,1,50,0,0,16928,2,South,2022,9,423000
650,2162,3,1,28,1,0,5640,1,West,2023,1,296000
651,900,2,1,46,1,0,5022,1,Central,2021,6,185000
652,1912,4,3,39,1,2,6516,1,East,2021,8,440000
653,1894,3,2,40,1,1,9574,1,East,2021,1,363000
654,2716,4,1,21,0,1,6562,2,North,2021,2,516000
655,2041,3,1,8,1,1,4096,1,South,2021,5,351000
656,1493,3,2,46,1,1,4850,1,Central,2021,7,260000
657,1521,3,2,11,0,2,5639,2,North,2021,10,257000
658,2271,3,1,19,1,1,4872,1,Central,2021,7,417000
659,1930,3,1,12,0,2,9504,2,West,2021,5,337000
660,2077,4,1,20,0,1,10585,1,East,2021,8,401000
661,2053,3,2,14,1,3,10244,2,East,2022,4,526000
662,3953,6,1,1,1,0,19603,2,North,2021,4,861000
663,2292,4,2,42,0,3,11830,2,South,2022,2,353000
664,1118,1,1,12,1,3,3052,1,South,2022,1,262000
665,1423,2,1,22,1,2,5062,1,South,2021,11,228000
666,1384,3,1,2,1,3,2801,1,Central,2021,8,339000
667,1073,1,1,1,1,1,3943,1,South,2021,8,202000
668,1574,2,1,3,1,1,3258,2,East,2022,11,370000
669,986,1,1,30,1,1,2381,1,North,2023,1,258000
670,1190,1,1,2,1,1,3626,1,West,2021,7,188000
671,1427,3,2,44,0,1,6621,1,East,2023,1,276000
672,3180,5,4,3,1,2,8894,3,East,2023,3,819000
673,1548,3,1,3,1,0,8231,1,Central,2023,5,374000
674,2235,3,3,3,0,1,10050,1,Central,2022,12,472000
675,1944,3,1,1,1,1,10956,2,West,2021,12,323000
676,3596,6,3,35,0,2,17534,3,Central,2021,3,843000
677,1140,2,1,42,1,3,6343,1,East,2023,4,272000
678,2289,4,1,24,0,2,5805,2,Central,2022,9,425000
679,3818,6,1,3,1,2,12404,2,East,2022,9,986000
680,2731,4,1,4,0,1,6254,2,North,2022,9,580000
681,3326,5,2,14,0,2,6970,1,Central,2022,4,621000
682,1103,1,1,47,1,0,3921,1,North,2022,10,146000
683,1050,2,2,3,1,3,4164,1,South,2023,2,288000
684,1626,2,1,32,1,2,6792,1,North,2021,6,322000
685,3548,6,6,12,0,1,11629,1,South,2021,3,682000
686,1851,4,2,4,1,3,7186,1,South,2021,3,381000
687,2087,4,3,13,1,3,11936,1,West,2021,3,349000
688,1525,3,1,2,1,2,8225,1,Central,2021,11,303000
689,3371,5,5,37,1,0,8730,2,North,2021,5,622000
690,974,2,2,3,1,2,2244,1,West,2022,9,243000
691,2067,3,1,31,1,1,7020,2,North,2021,6,418000
692,2025,4,2,2,1,1,11136,1,North,2022,3,455000
693,2245,4,1,47,1,1,12672,1,West,2023,2,333000
694,1489,2,1,3,1,2,4608,1,Central,2023,5,375000
695,1099,2,1,42,1,2,6140,1,North,2021,1,198000
696,2336,4,2,37,1,1,11906,2,South,2023,5,369000
697,1293,2,1,48,0,3,5545,1,North,2023,3,202000
698,2107,3,1,14,1,1,7134,1,Central,2022,9,442000
699,1309,3,1,32,1,0,6505,1,South,2022,11,210000
700,1850,4,1,7,1,2,9968,2,East,2022,8,512000
701,1752,2,1,3,1,3,3602,2,Central,2021,8,458000
702,1571,2,1,12,1,3,3621,1,East,2023,1,381000
703,2305,4,2,3,1,2,5233,1,Central,2021,2,463000
704,905,1,1,49,1,1,5158,1,Central,2022,3,192000
705,1009,2,1,2,1,3,4790,1,East,2023,4,349000
706,4298,6,1,22,1,3,21592,3,East,2022,4,1022000
707,2036,4,1,25,1,1,9093,1,South,2022,3,348000
708,2725,4,1,19,1,2,9536,1,Central,2022,10,602000
709,1080,2,1,27,1,2,2889,1,South,2021,9,157000
710,2424,4,2,2,1,2,11259,1,West,2021,5,402000
711,3481,4,2,20,1,3,7317,2,South,2021,2,574000
712,2313,3,2,4,0,0,7827,1,South,2022,10,304000
713,2131,4,1,46,1,2,12190,2,North,2023,1,386000
714,2076,3,2,34,1,1,4404,1,East,2022,12,453000
715,1652,3,2,49,0,2,6116,1,South,2023,3,269000
716,4071,6,4,1,1,2,15380,1,North,2021,4,876000
717,2756,4,1,4,0,1,8296,2,South,2023,1,506000
718,4440,5,2,3,1,1,14915,2,South,2023,3,765000
719,1024,1,1,1,1,3,5857,1,East,2021,4,297000
720,2968,4,4,3,1,2,13736,2,South,2022,5,601000
721,3637,6,3,28,1,2,18566,1,North,2023,2,830000
722,1375,3,2,3,1,1,5497,1,East,2023,5,385000
723,1583,2,1,17,1,2,3676,2,West,2022,12,315000
724,3044,5,1,43,0,2,11629,3,East,2023,6,654000
725,2173,4,2,29,0,3,10955,1,Central,2021,9,404000
726,3110,5,2,9,1,1,10658,3,North,2021,3,662000
727,1224,3,1,7,1,2,6049,1,Central,2021,2,285000
728,3473,4,4,13,0,0,7862,1,East,2021,3,646000
729,1353,2,1,3,1,0,5752,1,East,2021,2,328000
730,1527,2,1,25,1,2,7938,1,East,2022,9,302000
731,1416,3,2,6,1,1,5960,1,South,2023,6,331000
732,2937,4,2,40,1,0,7822,2,South,2021,4,433000
733,2451,3,2,34,1,2,12291,2,West,2021,2,365000
734,2162,4,4,24,1,2,9331,2,North,2022,11,430000
735,2057,3,1,6,1,2,5402,2,East,2023,2,519000
736,3419,4,1,3,1,2,18061,1,West,2021,9,460000
737,1763,3,1,35,1,2,4794,2,South,2022,2,309000
738,3262,5,2,15,0,1,19026,2,South,2021,2,488000
739,2483,4,3,3,0,1,13909,1,South,2021,2,367000
740,2087,4,2,3,0,2,4776,1,North,2023,4,422000
741,2061,4,1,3,1,1,10602,1,North,2021,12,408000
742,1866,4,4,35,1,3,5082,2,North,2021,7,428000
743,3270,5,5,3,1,2,13197,3,North,2022,10,696000
744,1854,3,1,18,1,1,10082,1,South,2021,2,290000
745,1552,2,2,13,1,2,7325,1,South,2021,11,316000
746,2784,4,4,21,1,3,7112,2,Central,2022,8,678000
747,2385,3,1,42,1,0,12828,1,Central,2021,12,308000
748,2397,4,3,41,0,1,13163,2,North,2023,4,379000
749,4034,5,2,12,1,3,16903,1,South,2022,2,737000
750,2097,4,2,1,1,1,5202,1,East,2022,3,497000
751,1541,2,2,11,1,0,8107,2,North,2022,7,302000
752,3745,5,3,23,1,1,13737,3,East,2023,4,1030000
753,1882,4,2,20,0,2,7001,1,South,2022,2,383000
754,2051,3,2,26,1,2,6843,2,South,2022,12,362000
755,979,1,1,3,1,2,2136,1,Central,2021,12,282000
756,3231,4,1,26,0,3,10696,1,Central,2021,4,597000
757,1893,4,3,3,1,2,4217,1,Central,2021,1,481000
758,1841,4,2,33,1,3,9106,1,South,2021,7,314000
759,2779,5,3,5,1,2,16527,1,Central,2022,7,707000
760,2844,5,3,30,1,0,7233,2,East,2023,5,675000
761,1227,3,2,1,1,3,6134,1,East,2022,9,384000
762,2154,4,2,10,0,0,9478,1,Central,2022,1,410000
763,982,2,1,30,1,2,2874,1,Central,2021,8,223000
764,2642,5,3,3,1,0,11633,1,West,2022,4,481000
765,1054,1,1,36,1,2,3113,1,South,2022,12,155000
766,1837,3,1,25,0,3,5489,1,East,2022,10,368000
767,2893,4,2,22,1,1,16943,2,West,2021,7,441000
768,3211,4,2,6,1,1,16060,3,Central,2021,5,660000
769,1757,2,1,15,1,1,6081,1,West,2022,4,294000
770,3224,4,1,23,0,2,16015,2,South,2023,3,523000
771,1119,1,1,14,0,1,2991,1,East,2022,12,242000
772,2566,4,1,30,0,2,7704,1,North,2023,3,552000
773,1324,2,1,11,1,1,4752,1,Central,2022,6,293000
774,2018,3,2,3,0,1,5262,2,North,2021,8,368000
775,2839,5,1,3,1,2,16729,2,East,2023,4,736000
776,1455,2,2,1,1,2,6175,1,Central,2022,8,371000
777,1377,2,1,5,1,1,5540,1,East,2021,7,266000
778,2926,5,2,33,1,2,9149,2,Central,2023,1,653000
779,2564,4,3,36,1,3,5612,1,Central,2022,9,607000
780,1812,3,2,3,1,1,10238,1,North,2021,1,443000
781,2453,4,3,48,1,1,14215,2,East,2021,6,460000
782,2031,4,2,16,0,2,11937,2,West,2021,12,329000
783,1298,2,1,45,0,1,6956,1,East,2023,3,238000
784,2389,4,1,30,1,0,9382,2,East,2021,8,395000
785,1498,3,1,31,1,2,5350,1,East,2021,7,269000
786,4469,5,3,2,0,1,13530,1,North,2021,11,837000
787,2313,3,1,3,1,1,10141,2,East,2021,10,486000
788,1621,2,1,1,1,3,7079,2,North,2022,6,439000
789,2478,3,1,31,0,1,6486,1,North,2022,7,352000
790,4402,6,1,5,1,3,21681,1,East,2022,7,1009000
791,1489,3,1,36,0,1,7489,1,East,2023,6,277000
792,1990,4,3,5,1,3,9849,2,North,2021,1,455000
793,2089,3,1,38,1,2,4338,1,West,2022,5,281000
794,1607,3,2,2,1,0,4658,1,South,2023,3,331000
795,1260,2,2,3,1,2,2652,1,Central,2022,2,317000
796,2806,4,2,5,1,3,10223,1,South,2022,9,564000
797,4272,6,6,10,1,1,12895,1,North,2023,4,909000
798,2000,4,4,5,1,2,4768,2,West,2023,1,449000
799,2474,3,1,34,1,2,10456,2,East,2022,12,467000
800,4414,6,2,2,1,2,20399,1,South,2022,3,763000
801,3477,4,1,6,1,2,18490,1,South,2022,1,526000
802,1329,2,1,39,1,0,5798,1,North,2022,4,199000
803,2152,4,3,2,0,1,4706,2,South,2022,4,405000
804,2366,4,1,47,0,2,7754,1,North,2023,3,375000
805,2353,4,1,50,1,3,4897,1,East,2022,2,434000
806,3060,5,3,2,0,1,18049,2,Central,2021,11,661000
807,4320,5,1,4,1,2,21668,3,West,2021,11,677000
808,4118,6,3,7,1,0,12722,3,North,2021,8,894000
809,1826,4,2,35,1,2,8553,1,Central,2022,8,379000
810,1399,3,2,23,1,2,7582,1,East,2021,12,329000
811,3725,6,4,26,1,2,17295,1,North,2022,9,839000
812,2780,4,2,34,1,3,9280,2,West,2021,6,408000
813,1346,2,1,2,0,1,2841,1,South,2022,7,252000
814,3998,5,1,39,1,1,13032,2,South,2022,8,681000
815,2530,5,2,30,0,3,10697,2,North,2021,4,571000
816,1999,4,1,21,1,1,11284,1,East,2021,9,404000
817,1945,3,2,43,1,2,7520,1,North,2022,3,356000
818,2285,4,2,30,1,2,6127,2,West,2021,8,356000
819,1595,3,2,3,1,2,3568,2,East,2023,2,443000
820,2418,4,1,11,0,1,5338,1,East,2021,3,441000
821,2915,4,2,15,1,1,8781,2,North,2021,6,572000
822,1069,2,1,2,0,2,3237,1,Central,2023,6,317000
823,2461,4,2,47,1,1,10556,1,East,2022,11,443000
824,2079,4,1,2,1,2,6083,2,East,2023,3,539000
825,1731,3,2,30,1,2,4204,1,West,2021,10,256000
826,4138,5,1,16,1,1,9463,2,North,2021,12,800000
827,2147,3,1,1,1,1,5366,2,South,2022,12,425000
828,1628,3,1,45,0,3,9375,1,East,2021,8,355000
829,3429,4,3,40,1,2,18572,1,East,2021,9,636000
830,2004,4,3,18,1,2,4087,1,North,2022,4,427000
831,1506,3,1,3,1,3,4219,2,South,2021,9,291000
832,2178,4,2,2,1,2,6588,2,South,2022,8,436000
833,1578,2,1,6,1,3,5645,1,Central,2022,12,327000
834,927,1,1,4,1,1,4373,1,South,2022,11,222000
835,1686,3,1,16,0,3,6771,2,South,2023,6,386000
836,2259,4,2,48,1,1,7021,2,Central,2023,6,410000
837,3939,5,1,21,1,3,22815,2,East,2021,3,949000
838,1739,3,1,43,1,3,6233,1,East,2021,3,396000
839,2488,4,1,26,1,1,11685,2,East,2022,2,486000
840,2073,4,2,14,1,2,8182,2,East,2021,2,477000
841,1086,2,1,40,0,2,3076,1,East,2023,1,238000
842,1652,3,1,14,1,0,5245,2,North,2022,6,398000
843,1166,1,1,41,0,2,3629,1,Central,2021,9,177000
844,3889,5,2,4,1,1,13663,2,North,2022,11,856000
845,1235,3,2,2,1,3,4332,1,South,2023,4,358000
846,1817,3,1,40,1,1,3669,1,North,2022,4,337000
847,1365,3,1,22,1,2,3467,1,West,2022,7,220000
848,3835,5,5,43,0,1,13710,3,East,2022,11,933000
849,1946,3,3,46,1,1,9571,1,West,2021,5,266000
850,2380,3,1,2,0,2,12066,1,West,2022,7,319000
851,1288,2,1,16,0,2,6961,1,North,2021,6,185000
852,2785,5,3,7,1,0,14425,1,South,2021,5,474000
853,1331,2,1,25,0,3,4063,1,East,2021,6,258000
854,2759,5,2,36,1,0,7151,1,South,2021,8,446000
855,983,2,2,4,1,2,4161,1,South,2022,10,245000
856,1381,3,3,20,1,2,5762,1,Central,2023,1,360000
857,919,1,1,30,1,2,2547,1,West,2021,9,100000
858,2368,3,2,2,1,1,9630,1,South,2022,11,397000
859,2153,3,2,38,1,2,6120,2,West,2021,10,296000
860,953,1,1,23,1,2,4343,1,West,2022,10,224000
861,3475,5,2,47,0,1,11892,1,North,2022,8,486000
862,1959,4,4,5,1,1,10638,1,South,2023,3,419000
863,1830,4,1,2,1,0,9446,1,South,2021,10,295000
864,2266,3,1,16,1,0,10680,1,South,2021,10,303000
865,1671,2,1,2,0,0,7256,2,South,2022,4,275000
866,2400,3,1,48,0,1,7507,2,Central,2023,3,429000
867,1567,2,1,1,1,2,5052,2,East,2023,4,398000
868,941,2,2,33,1,1,4068,1,Central,2022,11,227000
869,3273,5,1,18,1,1,16675,2,South,2023,3,556000
870,3532,5,2,7,1,1,8716,1,North,2021,11,764000
871,1854,3,1,2,1,2,3843,2,Central,2022,7,491000
872,1104,1,1,24,1,1,3956,1,East,2021,11,244000
873,2460,3,1,22,0,2,12537,1,Central,2022,6,427000
874,1621,3,2,4,1,2,5372,2,North,2021,12,393000
875,1536,3,2,44,0,2,9057,2,Central,2023,3,320000
876,1056,2,1,5,1,1,3689,1,East,2022,11,321000
877,2745,5,4,12,1,2,13065,1,North,2022,2,618000
878,1730,2,1,19,1,1,6439,2,West,2023,3,337000
879,1384,3,2,2,1,3,5871,1,West,2022,9,316000
880,1585,2,1,46,0,2,9174,2,North,2023,3,225000
881,1017,1,1,7,1,2,5838,1,Central,2023,6,295000
882,2178,3,1,2,1,3,6246,2,West,2023,1,413000
883,1123,2,1,8,1,2,5572,1,South,2021,11,236000
884,1376,3,3,23,1,1,5104,1,North,2021,11,293000
885,3217,4,2,17,1,0,11586,3,South,2021,12,489000
886,1162,1,1,29,0,2,4756,1,South,2021,3,141000
887,2386,3,3,2,1,3,9161,2,East,2022,12,543000
888,1277,2,1,4,0,3,3317,1,West,2021,9,208000
889,1071,1,1,38,1,2,5715,1,West,2021,7,124000
890,1520,2,1,2,1,1,6405,2,East,2021,5,346000
891,3122,4,3,40,1,2,9347,3,North,2022,10,621000
892,3487,4,1,2,1,2,10378,3,Central,2022,1,732000
893,3266,5,2,39,0,2,11567,3,South,2022,4,519000
894,2336,3,1,6,1,2,7172,1,South,2021,5,381000
895,1718,3,1,24,0,2,7626,2,West,2022,9,336000
896,1067,2,1,3,0,3,5886,1,West,2023,1,253000
897,1218,3,1,2,1,2,4945,1,Central,2022,8,354000
898,2611,4,1,3,0,0,13116,2,Central,2021,4,593000
899,1492,2,2,2,0,1,4298,1,Central,2021,9,318000
900,926,2,1,5,1,3,2626,1,East,2021,5,313000
901,1219,3,1,17,1,3,5481,1,North,2022,1,286000
902,1489,2,1,22,0,1,8803,1,East,2023,1,294000
903,1593,2,1,36,1,2,4717,2,North,2021,2,272000
904,1985,3,3,27,1,3,6881,2,North,2022,5,453000
905,2007,4,1,23,1,3,9958,1,North,2021,3,379000
906,3465,5,2,10,1,2,19161,3,North,2021,8,698000
907,3233,4,1,14,1,1,11601,1,East,2021,7,643000
908,1804,3,2,10,1,2,7374,1,South,2023,3,398000
909,977,2,2,40,1,1,4053,1,South,2022,8,181000
910,2207,4,3,3,0,3,7466,1,Central,2021,3,465000
911,2308,4,1,1,1,1,6285,2,West,2021,10,381000
912,1542,2,1,26,1,2,8054,2,Central,2021,8,312000
913,1849,3,1,3,1,2,9886,2,East,2022,7,531000
914,1705,3,2,43,0,2,9409,2,South,2021,5,224000
915,2314,4,1,41,1,2,7314,1,North,2022,3,393000
916,2392,4,2,2,1,0,13061,2,West,2022,2,395000
917,1208,3,1,2,1,2,2865,1,Central,2023,3,349000
918,4371,5,1,16,1,1,13182,1,North,2021,10,754000
919,3201,4,1,23,1,1,16769,2,Central,2022,11,640000
920,1514,3,2,4,0,3,5988,1,East,2022,2,358000
921,3325,4,1,31,1,2,16223,3,North,2021,4,582000
922,1724,2,1,22,1,2,6587,2,West,2023,2,328000
923,3316,5,3,5,0,2,10996,1,East,2021,5,679000
924,3080,5,5,1,1,2,15122,3,North,2021,8,667000
925,2402,4,4,33,1,2,6741,2,South,2023,1,430000
926,942,2,2,3,1,2,5160,1,West,2022,9,258000
927,1255,3,2,39,1,3,4766,1,East,2021,12,271000
928,2146,3,1,10,0,2,8268,1,South,2021,11,325000
929,2039,4,4,21,0,2,6324,2,Central,2021,9,439000
930,1577,2,1,42,0,2,6866,1,South,2022,1,210000
931,1279,2,2,41,1,1,5709,1,South,2023,1,212000
932,2571,4,4,7,1,2,11064,2,South,2022,10,570000
933,4019,5,1,3,1,3,14741,1,Central,2021,5,893000
934,2264,4,4,35,1,0,9363,2,East,2021,12,486000
935,1249,3,1,11,0,1,5511,1,West,2023,1,224000
936,912,2,1,3,0,2,3154,1,Central,2022,8,251000
937,1330,2,1,44,1,0,6872,1,West,2023,3,170000
938,4343,6,5,3,0,3,25652,1,North,2021,4,866000
939,1401,2,2,1,0,1,4687,1,West,2023,5,233000
940,1709,3,2,1,1,1,6694,1,West,2021,8,328000
941,1343,2,1,24,1,3,5107,1,South,2022,3,192000
942,1971,3,3,27,1,1,8748,2,South,2021,6,322000
943,2251,3,1,5,1,2,5349,2,West,2023,5,379000
944,3413,5,2,5,1,3,19515,2,South,2021,1,593000
945,1370,3,2,5,1,2,6375,1,South,2023,4,279000
946,1056,2,1,28,0,2,5378,1,West,2022,2,176000
947,1345,3,3,2,1,0,4039,1,Central,2023,3,365000
948,3681,6,2,46,0,0,12414,2,North,2022,4,699000
949,3252,5,4,3,0,1,9178,3,East,2022,3,755000
950,2135,3,2,50,0,0,11930,2,West,2022,10,250000
951,2267,4,3,3,1,2,9443,1,West,2023,6,439000
952,1877,3,2,35,1,1,10127,1,Central,2022,11,345000
953,1530,3,1,3,1,2,6613,1,West,2021,8,241000
954,4328,6,6,2,1,1,24626,1,West,2021,3,742000
955,2152,3,1,42,1,2,8770,1,Central,2022,9,365000
956,2394,4,1,41,1,1,11929,2,North,2022,11,386000
957,2096,4,2,9,1,1,6651,1,North,2022,4,442000
958,1376,3,1,30,1,2,3354,1,East,2022,7,280000
959,1346,2,2,20,1,2,6323,1,South,2021,1,231000
960,3346,5,2,40,1,3,19625,3,North,2021,9,640000
961,1506,2,1,5,1,3,4902,1,South,2023,5,294000
962,1875,3,1,18,0,2,8436,2,West,2022,9,299000
963,1230,3,3,15,1,2,3827,1,Central,2022,9,306000
964,2473,4,3,6,1,0,7068,1,North,2023,1,456000
965,1151,1,1,43,1,1,4483,1,East,2021,8,220000
966,2451,4,2,3,1,3,11896,1,South,2021,9,449000
967,3458,4,2,2,1,1,9150,3,West,2022,2,564000
968,988,1,1,21,1,1,2387,1,East,2022,7,259000
969,1886,4,1,27,1,1,8937,1,Central,2022,2,406000
970,2062,4,1,3,1,1,9569,1,North,2021,6,396000
971,1850,3,2,8,1,2,7446,2,East,2021,2,477000
972,4269,5,4,47,1,1,19838,2,North,2023,1,803000
973,2976,4,2,3,0,2,15497,1,East,2022,5,648000
974,1483,3,2,28,1,1,6984,1,Central,2021,12,273000
975,1524,2,1,33,0,2,5634,1,Central,2021,8,207000
976,1584,3,2,12,1,2,9017,2,South,2022,7,304000
977,1989,4,1,46,0,1,8657,2,Central,2021,4,325000
978,1244,2,1,32,1,2,4414,1,South,2023,4,258000
979,1630,2,1,13,0,1,6561,1,North,2022,9,356000
980,2107,4,3,21,0,2,5739,1,Central,2021,3,405000
981,2472,4,3,29,1,2,8999,1,North,2023,2,467000
982,2833,5,1,22,1,3,9158,2,North,2022,11,606000
983,1086,1,1,42,0,1,2476,1,South,2023,3,102000
984,1399,2,2,6,1,0,2977,1,South,2022,10,240000
985,2718,4,3,4,1,1,11285,1,North,2022,8,591000
986,1964,4,4,3,0,1,6534,2,Central,2021,7,457000
987,2417,4,1,1,1,1,14470,1,East,2022,7,501000
988,1865,3,2,1,1,1,10572,1,East,2021,6,442000
989,1248,3,1,42,1,2,4590,1,South,2022,6,199000
990,2787,5,4,28,1,3,15975,1,East,2022,12,695000
991,3402,4,1,27,1,1,8306,1,West,2022,8,418000
992,2211,3,1,24,0,3,5707,2,Central,2023,4,466000
993,1182,2,1,40,1,3,3913,1,Central,2021,3,223000
994,2170,4,1,15,0,3,8480,1,East,2022,6,502000
995,1611,3,3,42,1,3,4251,1,Central,2023,5,400000
996,1429,2,1,6,0,2,7613,1,South,2023,1,261000
997,4471,6,2,45,1,2,18835,2,North,2021,8,802000
998,1095,1,1,30,1,2,2818,1,West,2023,6,189000
999,3588,5,2,4,1,2,18229,2,North,2023,1,888000
1000,1848,4,4,20,1,3,9905,1,North,2021,11,422000
1001,1316,2,1,18,1,1,3507,1,Central,2021,1,278000
1002,2101,4,2,2,1,0,8324,2,West,2022,3,388000
1003,3069,5,1,22,1,2,13039,1,North,2021,8,570000
1004,3277,4,3,5,0,2,14960,1,West,2022,9,496000
1005,2747,4,3,2,0,3,11361,2,Central,2022,5,692000
1006,2308,4,3,47,1,0,8004,2,Central,2021,11,403000
1007,2088,4,2,26,1,2,9592,1,East,2022,6,465000
1008,3162,4,2,42,0,1,9590,3,West,2022,10,442000
1009,1402,2,1,28,0,3,8161,1,West,2021,11,161000
1010,2059,3,2,6,0,1,8915,2,West,2021,12,369000
1011,917,2,1,17,1,3,4124,1,West,2021,1,212000
1012,3596,5,3,28,1,0,13007,1,East,2022,1,896000
1013,3802,6,1,48,1,0,17309,1,East,2021,2,828000
1014,1126,1,1,4,0,1,3568,1,Central,2022,2,202000
1015,2915,5,2,42,0,1,14214,2,South,2022,6,446000
1016,4209,5,3,45,1,2,14271,1,North,2021,5,771000
1017,1149,2,1,28,1,1,6891,1,West,2021,12,150000
1018,1914,4,1,46,1,2,9787,1,South,2021,4,263000
1019,4180,6,4,9,0,1,23001,2,East,2022,12,979000
1020,1495,3,1,47,1,3,4145,1,North,2021,3,258000
1021,1978,4,2,30,1,0,9599,1,West,2021,9,296000
1022,1384,3,1,1,1,1,3109,1,Central,2022,3,335000
1023,4067,6,5,44,1,2,21063,1,West,2021,5,608000
1024,4044,6,2,15,0,3,11557,2,South,2022,4,729000
1025,3853,6,2,13,1,3,21564,2,Central,2022,5,943000
1026,2036,3,1,20,1,3,5726,2,South,2021,12,368000
1027,3264,4,2,2,1,0,13442,3,East,2022,2,742000
1028,3064,4,1,14,1,3,10643,1,East,2023,2,696000
1029,1939,4,1,39,0,2,7008,2,Central,2022,10,396000
1030,2861,5,2,1,1,3,11375,2,North,2022,2,680000
1031,1364,2,2,4,1,1,5418,1,West,2021,6,232000
1032,1878,3,2,1,1,3,4681,1,South,2021,3,344000
1033,1213,2,1,10,0,2,6071,1,North,2022,4,239000
1034,1157,2,1,32,0,2,6176,1,Central,2022,12,255000
1035,1136,2,1,37,0,2,3431,1,East,2023,2,213000
1036,1724,2,1,47,0,2,8344,1,West,2022,2,229000
1037,2339,3,1,23,1,2,12606,1,South,2021,6,300000
1038,2698,5,1,4,0,1,8320,2,West,2022,11,451000
1039,1223,2,1,45,1,2,3940,1,Central,2022,4,225000
1040,1723,3,2,35,0,2,3478,2,East,2023,6,457000
1041,2361,3,2,21,1,2,11770,1,East,2023,1,490000
1042,3049,4,2,29,1,1,9412,2,Central,2021,7,595000
1043,2381,4,2,45,1,3,12232,2,Central,2021,11,414000
1044,2307,4,1,31,1,2,8024,1,East,2021,8,442000
1045,2690,4,2,7,1,1,5865,1,West,2023,4,470000
1046,1797,2,1,31,1,2,5307,1,West,2022,6,264000
1047,1121,1,1,1,1,1,6104,1,North,2023,4,281000
1048,1395,3,3,8,1,0,3476,1,East,2021,5,333000
1049,2784,5,3,9,1,2,13659,2,Central,2021,11,681000
1050,1503,3,2,3,0,2,4883,1,Central,2021,10,294000
1051,3279,5,2,1,1,1,16729,3,Central,2023,6,734000
1052,2138,4,3,2,0,1,8077,2,North,2022,1,436000
1053,4112,6,4,27,1,3,24537,2,Central,2022,2,950000
1054,2790,4,4,37,1,1,11006,1,West,2023,6,463000
1055,3603,5,5,50,1,1,15627,1,South,2023,4,659000
1056,2453,3,1,5,1,3,10048,2,West,2021,12,348000
1057,2699,5,3,23,1,1,7139,2,Central,2021,3,634000
1058,1904,3,1,46,1,2,9390,2,North,2022,12,332000
1059,1833,4,3,3,1,1,7356,1,Central,2023,5,467000
1060,1970,4,2,31,1,2,11019,2,Central,2023,5,467000
1061,2684,4,1,34,1,1,13410,1,North,2021,10,494000
1062,3810,5,1,2,1,3,12275,3,Central,2022,8,978000
1063,2515,5,5,41,0,2,9591,1,Central,2022,9,561000
1064,2326,3,1,38,1,2,6569,2,North,2022,4,379000
1065,2147,3,2,1,1,3,6590,1,South,2021,12,387000
1066,2630,5,2,2,1,3,15726,2,South,2021,7,576000
1067,1180,1,1,1,1,1,5716,1,South,2022,10,255000
1068,946,1,1,5,1,3,4070,1,West,2021,2,215000
1069,1656,3,1,17,1,1,8219,2,South,2021,3,345000
1070,1466,3,2,18,1,2,3806,1,Central,2021,10,332000
1071,1199,2,1,4,0,1,6540,1,Central,2021,9,264000
1072,1029,2,1,44,0,2,2530,1,South,2022,1,122000
1073,1553,3,3,7,0,1,8402,1,East,2023,2,373000
1074,1402,3,1,1,0,2,7961,1,East,2021,8,309000
1075,3606,6,2,5,0,2,14141,1,East,2021,9,907000
1076,2494,3,2,18,0,1,6932,2,South,2022,7,350000
1077,1613,2,1,10,0,2,5878,2,North,2021,9,347000
1078,2188,4,3,4,1,3,9899,1,North,2021,11,452000
1079,1191,2,2,2,0,2,6560,1,North,2021,11,265000
1080,3981,6,5,38,1,2,23755,3,Central,2021,10,914000
1081,2991,4,2,50,1,3,11310,2,South,2021,12,468000
1082,1351,3,3,5,1,2,7779,1,North,2023,3,373000
1083,1949,3,2,8,1,1,7864,2,West,2021,1,332000
1084,2689,5,1,24,1,2,14367,1,North,2021,4,531000
1085,4489,6,3,31,1,1,23994,1,North,2021,5,772000
1086,1653,2,1,8,0,2,7949,1,West,2022,11,292000
1087,1859,4,1,44,1,3,10707,2,East,2021,5,422000
1088,1389,3,1,20,1,1,8153,1,North,2021,5,256000
1089,3617,5,2,12,1,2,10755,1,East,2021,3,940000
1090,966,2,1,26,1,2,4508,1,East,2022,9,241000
1091,3911,6,2,47,1,1,22054,1,East,2022,12,882000
1092,2104,3,2,36,0,2,11868,2,West,2023,3,296000
1093,1676,2,1,1,0,2,8980,2,South,2022,6,355000
1094,2191,3,2,5,1,0,7209,2,East,2022,10,443000
1095,1544,3,1,14,1,3,9102,2,West,2022,5,329000
1096,954,1,1,5,0,1,4750,1,Central,2021,11,229000
1097,1055,1,1,30,1,3,2712,1,Central,2022,7,232000
1098,1052,1,1,38,0,1,4828,1,East,2021,4,171000
1099,3331,4,1,32,1,2,14524,1,East,2021,7,609000
1100,2177,3,2,50,1,0,11286,2,East,2021,3,385000
1101,1211,3,1,4,1,1,5779,1,Central,2021,5,310000
1102,3588,5,2,42,0,3,14288,1,Central,2021,2,760000
1103,2755,4,2,34,1,2,6836,2,South,2022,1,463000
1104,3622,5,2,6,1,3,11935,1,North,2023,6,885000
1105,4072,5,3,32,0,2,19785,2,South,2022,9,723000
1106,1326,3,2,2,0,3,2662,1,South,2021,9,281000
1107,2221,3,1,36,1,3,10084,2,Central,2021,2,428000
1108,3111,4,4,18,1,2,12138,1,South,2022,7,527000
1109,2410,4,2,4,0,2,13769,1,North,2022,8,445000
1110,1533,2,2,27,1,3,7362,2,Central,2022,6,348000
1111,2732,5,2,26,1,1,8274,1,North,2022,9,555000
1112,1435,3,2,3,0,3,8397,1,South,2022,12,324000
1113,1289,2,1,1,1,2,3391,1,East,2021,8,324000
1114,2062,4,2,11,0,2,7233,2,East,2021,1,469000
1115,2054,3,2,21,0,0,10625,1,South,2022,8,289000
1116,1905,4,1,42,0,2,4166,2,East,2022,12,401000
1117,1502,3,1,46,1,1,3730,2,North,2021,6,265000
1118,2940,4,3,18,1,3,16468,1,East,2022,11,693000
1119,1212,3,1,33,0,2,4406,1,East,2021,7,239000
1120,1482,2,1,12,1,1,5316,1,Central,2021,6,286000
1121,3136,5,3,33,1,3,12471,1,East,2022,12,678000
1122,3562,6,1,3,0,2,12141,2,East,2021,2,903000
1123,3125,5,5,7,1,3,12253,3,East,2021,6,818000
1124,3484,4,2,25,1,1,20899,2,North,2023,1,650000
1125,2358,3,3,1,1,2,8845,2,North,2021,11,500000
1126,1702,2,1,31,1,2,10148,1,West,2023,6,262000
1127,1112,1,1,39,1,2,6144,1,South,2021,3,186000
1128,2241,4,2,9,1,0,9642,2,West,2023,4,431000
1129,1817,3,1,12,0,1,8769,2,North,2022,5,398000
1130,1170,1,1,40,1,3,5562,1,Central,2022,3,272000
1131,3177,5,4,35,1,2,7657,1,Central,2022,2,654000
1132,1684,2,1,4,0,3,6264,1,South,2023,3,329000
1133,1060,1,1,5,1,1,5263,1,East,2022,8,296000
1134,1145,2,1,28,1,3,3782,1,East,2022,3,271000
1135,1778,3,2,20,1,2,6475,1,Central,2021,2,382000
1136,1465,2,1,3,0,2,7598,1,North,2023,4,315000
1137,2577,4,1,5,1,1,8201,1,West,2023,3,472000
1138,1761,3,2,44,1,3,10563,2,West,2023,4,335000
1139,1603,2,2,29,0,2,6146,2,South,2022,11,256000
1140,2019,3,3,50,0,2,8637,1,South,2022,2,270000
1141,2962,4,3,34,1,0,13121,2,South,2023,6,511000
1142,2306,4,3,46,0,2,4828,2,Central,2022,6,427000
1143,2209,4,2,3,0,3,7016,1,North,2021,7,444000
1144,2082,3,2,35,1,1,8425,2,East,2022,12,441000
1145,1198,2,2,1,1,2,5410,1,South,2022,7,276000
1146,2534,4,2,28,1,0,10005,2,South,2021,6,450000
1147,2738,5,3,14,1,3,13353,1,East,2022,7,697000
1148,1896,4,2,5,1,3,7294,1,Central,2021,6,479000
1149,3224,5,2,41,1,1,8195,2,West,2022,1,467000
1150,2790,5,4,40,0,1,15229,1,West,2022,12,403000
1151,3220,4,2,1,1,2,17364,3,West,2022,2,548000
1152,3381,4,2,23,1,0,12690,2,West,2022,4,495000
1153,2065,3,1,7,1,2,5318,1,East,2021,10,462000
1154,1673,2,1,10,1,1,5673,1,Central,2021,3,411000
1155,2304,3,1,39,0,2,6880,1,East,2022,12,401000
1156,2740,5,3,5,1,0,6267,1,East,2021,1,669000
1157,1170,2,1,47,1,0,5336,1,East,2022,11,180000
1158,3307,4,4,3,1,0,19727,3,South,2021,1,580000
1159,3311,5,4,27,1,2,14231,2,South,2022,9,560000
1160,1540,2,1,28,0,2,5042,2,North,2022,11,286000
1161,3104,5,5,4,0,1,10044,3,West,2022,5,558000
1162,1577,3,2,5,0,2,5809,2,South,2022,5,333000
1163,2424,4,3,39,1,3,13436,2,South,2021,8,425000
1164,3457,4,1,34,0,1,8657,3,Central,2021,12,578000
1165,1102,2,1,5,1,3,4048,1,East,2022,12,353000
1166,2936,4,1,18,1,2,15574,2,North,2023,5,634000
1167,2618,5,2,2,1,0,9256,2,West,2021,10,511000
1168,2158,3,2,3,0,1,8350,2,South,2022,8,389000
1169,1130,1,1,15,1,2,6288,1,East,2022,11,298000
1170,1563,3,1,2,1,2,4111,2,East,2022,2,415000
1171,1753,2,1,40,1,1,8087,1,South,2021,7,256000
1172,4431,5,1,31,1,3,20950,1,North,2022,1,853000
1173,1873,3,2,47,0,2,7011,1,South,2022,11,244000
1174,1045,2,1,29,0,1,2179,1,North,2023,4,204000
1175,1674,3,2,46,1,0,7993,2,South,2022,9,311000
1176,1662,3,2,20,1,1,4038,2,Central,2021,12,359000
1177,2670,4,3,23,0,2,12923,1,East,2022,8,620000
1178,1214,2,1,49,1,2,5841,1,Central,2021,1,207000
1179,3110,4,2,26,1,2,6628,1,East,2023,1,674000
1180,2367,4,2,1,1,2,12432,2,West,2021,4,437000
1181,4345,5,3,31,0,1,15518,2,North,2021,5,794000
1182,2183,3,2,44,1,2,4930,2,South,2021,4,311000
1183,1896,4,1,36,0,0,5743,1,East,2021,8,326000
1184,3950,6,5,22,0,1,18984,2,Central,2022,1,904000
1185,1027,1,1,28,1,2,5631,1,North,2021,12,226000
1186,3980,5,3,50,0,1,15462,2,East,2021,7,851000
1187,2306,4,1,2,1,3,5475,1,North,2021,2,452000
1188,1211,3,1,27,0,3,3076,1,East,2021,5,249000
1189,2317,3,2,4,1,2,11983,2,West,2021,6,389000
1190,2913,4,1,26,1,1,13656,1,West,2021,12,409000
1191,1178,1,1,23,1,1,6198,1,North,2021,8,194000
1192,2113,4,2,3,1,0,10245,2,North,2021,9,453000
1193,2153,4,3,3,1,2,7611,1,East,2022,12,553000
1194,2106,4,4,24,1,3,7880,2,Central,2021,7,481000
1195,1348,3,1,2,1,2,7927,1,South,2022,3,304000
1196,2583,5,5,4,0,2,8125,1,East,2023,1,689000
1197,4113,5,4,39,1,2,8295,1,East,2021,9,922000
1198,3541,6,3,5,1,3,10400,3,North,2022,2,926000
1199,3411,4,4,15,1,1,15484,2,West,2022,3,519000
1200,1342,2,1,46,0,3,4174,1,South,2022,8,164000
1201,3253,4,1,3,0,2,14667,1,West,2021,8,488000
1202,1230,3,2,8,1,1,5667,1,East,2022,4,340000
1203,1518,2,1,23,1,3,7235,2,West,2021,3,239000
1204,1857,4,1,34,1,3,6773,2,North,2022,3,428000
1205,1627,2,1,44,0,2,6932,2,Central,2022,5,333000
1206,2594,4,2,45,0,3,7483,2,South,2022,10,445000
1207,1835,4,1,35,1,1,5311,2,West,2021,12,302000
1208,2291,4,3,3,1,2,6109,2,West,2022,3,375000
1209,1489,2,1,1,0,1,8733,1,East,2021,11,253000
1210,4102,6,1,8,0,2,20434,2,South,2021,10,736000
1211,1622,3,2,2,1,2,9170,1,Central,2021,1,419000
1212,2384,4,1,30,1,1,9215,2,South,2021,8,340000
1213,1588,3,1,27,1,2,7403,1,Central,2022,10,283000
1214,3342,5,3,1,1,1,11572,2,North,2021,3,658000
1215,1876,3,1,39,1,0,10426,1,South,2021,10,253000
1216,1490,3,1,3,0,1,4408,1,North,2022,6,319000
1217,941,2,1,11,1,2,5521,1,North,2021,6,253000
1218,2382,3,1,28,1,1,5069,2,South,2021,7,331000
1219,2375,4,3,11,1,1,7912,1,North,2021,5,439000
1220,1079,2,1,12,1,1,3126,1,Central,2021,3,275000
1221,3982,5,4,2,1,1,9807,3,West,2022,9,747000
1222,1431,2,2,9,1,2,5026,1,North,2023,1,347000
1223,2268,3,1,34,1,3,11852,2,South,2021,9,354000
1224,3953,6,1,45,1,1,21460,2,West,2023,4,610000
1225,1885,3,1,10,0,2,9479,1,South,2021,12,285000
1226,1786,2,1,11,1,1,10091,2,Central,2023,2,414000
1227,2200,3,1,30,1,1,9328,1,East,2022,12,426000
1228,1346,3,1,47,0,1,4288,1,West,2022,5,157000
1229,4151,6,1,4,0,3,13818,1,East,2021,7,971000
1230,2434,4,2,12,1,2,8492,2,West,2021,1,398000
1231,3004,4,1,36,1,2,10919,3,South,2023,6,554000
1232,993,1,1,23,0,2,3238,1,South,2021,12,148000
1233,1381,2,1,2,1,1,2928,1,North,2022,1,315000
1234,1256,3,3,25,1,3,2567,1,East,2021,11,300000
1235,2019,3,1,3,1,1,9974,2,East,2021,8,466000
1236,1942,4,3,17,0,0,9054,1,West,2021,6,238000
1237,2829,5,4,18,1,1,16767,1,South,2021,4,501000
1238,2287,4,2,42,0,1,4650,1,East,2022,2,418000
1239,3608,6,1,13,1,0,21128,1,North,2023,4,810000
1240,1064,1,1,4,1,2,2793,1,West,2023,1,263000
1241,2838,4,3,3,1,1,16418,1,Central,2023,1,671000
1242,2922,4,4,42,1,2,6266,1,West,2022,10,425000
1243,3211,5,3,3,0,0,11540,3,Central,2023,3,700000
1244,3008,5,1,11,1,3,11944,3,Central,2023,3,756000
1245,2796,4,4,3,1,1,14515,2,West,2023,6,553000
1246,2279,4,4,35,1,2,7195,2,South,2022,7,385000
1247,1310,2,1,14,1,2,3283,1,South,2023,5,248000
1248,1463,2,2,6,0,1,4043,1,East,2021,11,292000
1249,3538,5,4,6,0,1,20214,3,Central,2023,6,918000
1250,2066,4,2,40,0,1,8980,1,East,2023,4,402000
1251,2591,5,3,20,1,1,13860,2,North,2021,12,550000
1252,1923,3,3,31,0,1,11286,1,Central,2021,11,366000
1253,1158,1,1,43,0,2,4845,1,South,2021,1,120000
1254,1231,3,2,44,1,2,4599,1,West,2021,6,181000
1255,1719,2,1,5,0,2,4629,2,West,2022,2,294000
1256,2392,3,3,47,0,0,13717,2,Central,2023,4,384000
1257,1313,3,1,1,1,3,5574,1,Central,2022,9,359000
1258,2486,4,1,7,0,1,10905,1,Central,2021,10,407000
1259,1426,2,1,43,1,1,7838,1,West,2023,3,192000
1260,2445,4,3,4,1,0,7300,2,East,2022,1,556000
1261,901,2,1,4,0,1,3354,1,West,2021,1,132000
1262,3174,4,1,5,1,2,6792,2,Central,2021,12,662000
1263,2491,3,1,24,1,2,11440,2,South,2022,6,370000
1264,2156,3,2,12,1,2,7198,1,South,2023,4,423000
1265,1373,3,1,32,1,2,4645,1,South,2021,8,216000
1266,1323,2,2,43,1,3,4583,1,East,2023,1,283000
1267,1656,3,1,28,0,2,6508,2,North,2022,2,347000
1268,1793,3,2,3,1,2,9046,2,West,2021,2,361000
1269,2131,3,3,46,1,1,9268,1,North,2022,4,407000
1270,1270,2,1,4,1,0,6376,1,North,2021,6,211000
1271,2238,3,3,2,1,2,10695,1,North,2021,6,417000
1272,3275,4,1,2,0,1,11308,2,East,2022,7,710000
1273,3011,4,4,20,1,2,16452,3,South,2022,5,545000
1274,1540,2,1,2,1,1,4316,2,South,2021,10,286000
1275,2053,3,3,2,1,3,11311,1,Central,2023,3,501000
1276,952,2,1,5,0,3,2857,1,Central,2022,8,265000
1277,1108,1,1,4,1,1,3698,1,Central,2022,8,273000
1278,3774,6,2,23,1,3,8558,2,East,2021,7,951000
1279,1462,2,2,38,0,3,8650,1,Central,2022,8,280000
1280,1735,2,2,34,0,3,6623,2,West,2021,6,286000
1281,1895,4,1,4,0,1,5289,1,Central,2023,3,441000
1282,2949,5,3,3,1,2,14924,2,North,2023,1,681000
1283,2316,3,2,48,1,1,6958,2,North,2023,4,398000
1284,1396,3,2,1,1,2,7639,1,North,2022,6,359000
1285,1725,2,1,42,0,2,7106,1,Central,2022,10,332000
1286,1630,3,2,3,1,2,3389,2,West,2022,7,373000
1287,1545,3,2,47,1,1,3498,1,East,2023,1,327000
1288,2224,4,1,5,1,3,13286,1,East,2022,12,502000
1289,1145,2,2,12,0,2,4227,1,Central,2022,12,296000
1290,1062,1,1,30,0,1,2801,1,Central,2022,2,205000
1291,1919,4,4,22,1,2,5352,2,West,2023,6,386000
1292,1464,3,1,5,1,3,4502,1,West,2022,2,304000
1293,1615,3,1,20,1,3,8160,1,South,2022,6,341000
1294,2166,3,3,32,0,2,7769,2,East,2022,8,439000
1295,2918,4,3,1,1,0,13810,2,Central,2022,6,660000
1296,995,1,1,1,0,1,2296,1,West,2021,1,134000
1297,1130,2,1,13,1,0,2932,1,West,2021,4,166000
1298,1016,2,2,2,1,1,4876,1,North,2021,2,259000
1299,2073,4,4,27,1,1,11740,1,North,2022,2,400000
1300,3470,5,4,3,1,1,17627,3,North,2022,10,695000
1301,1020,1,1,11,1,1,3052,1,East,2022,11,292000
1302,4164,6,4,3,1,3,21859,2,East,2021,12,1035000
1303,1057,1,1,19,1,2,2653,1,Central,2023,2,321000
1304,2111,4,1,2,1,2,9922,2,West,2023,6,423000
1305,3456,4,2,1,0,1,10529,2,South,2023,6,586000
1306,3234,4,2,2,1,2,17835,1,North,2023,1,648000
1307,2799,4,2,47,0,1,10632,2,Central,2021,7,507000
1308,3022,5,5,2,0,2,15006,2,East,2022,6,747000
1309,2323,3,2,30,1,2,9385,1,West,2021,12,331000
1310,2780,4,4,2,1,2,16460,2,East,2021,10,713000
1311,1325,2,2,2,1,3,2662,1,North,2021,11,325000
1312,3355,4,3,16,1,3,10330,3,North,2023,1,710000
1313,2095,4,4,13,1,2,9980,2,South,2021,7,409000
1314,2984,5,4,47,1,1,7971,1,South,2021,2,449000
1315,1850,3,1,47,1,3,9032,2,West,2021,11,254000
1316,2068,3,2,35,1,2,4734,2,West,2021,6,305000
1317,2165,3,1,23,0,2,9165,1,Central,2022,11,403000
1318,2649,5,5,13,0,2,8185,1,Central,2021,8,622000
1319,1292,3,3,6,1,0,6586,1,East,2023,2,359000
1320,1095,1,1,47,1,0,4623,1,East,2022,3,204000
1321,1513,3,3,23,0,1,8350,2,West,2021,4,236000
1322,1420,3,2,21,1,1,6579,1,North,2021,9,270000
1323,3265,4,2,3,1,2,9746,3,Central,2023,6,756000
1324,1039,1,1,1,1,1,5270,1,East,2023,2,315000
1325,4385,6,3,47,1,3,25404,1,Central,2021,4,860000
1326,1672,2,1,5,1,2,7047,2,Central,2022,3,448000
1327,1182,2,1,12,1,1,5977,1,East,2023,4,315000
1328,3292,4,1,2,1,0,17968,2,North,2023,3,634000
1329,2409,4,2,39,1,2,11827,2,East,2021,8,460000
1330,2475,3,2,1,1,1,12209,1,East,2022,10,504000
1331,2025,3,2,39,1,2,5017,2,West,2022,4,293000
1332,2849,5,2,2,0,3,7245,1,North,2021,1,600000
1333,1419,2,1,43,0,2,5118,1,East,2022,4,273000
1334,3774,6,3,32,1,1,9208,3,Central,2022,10,885000
1335,4341,5,2,3,1,2,21775,3,Central,2021,6,950000
1336,1603,2,1,20,1,1,7062,2,North,2022,5,420000
1337,1189,1,1,5,1,1,2417,1,Central,2021,9,244000
1338,2344,3,3,3,0,2,4821,1,North,2022,12,461000
1339,1205,3,2,41,0,3,6515,1,Central,2021,5,225000
1340,1501,3,2,9,1,1,4945,1,South,2021,1,271000
1341,1493,2,1,9,0,3,6221,1,Central,2021,2,286000
1342,2276,3,2,3,1,0,9948,2,West,2023,6,400000
1343,3002,4,3,8,1,0,16482,3,South,2022,11,527000
1344,3387,5,2,42,1,2,11240,3,South,2023,6,569000
1345,2653,4,2,6,1,1,12250,1,South,2023,4,512000
1346,2058,4,1,47,1,1,12259,2,West,2022,10,254000
1347,2152,4,3,47,1,1,4663,1,Central,2023,5,434000
1348,2096,3,2,2,1,1,5204,1,West,2021,12,291000
1349,3854,5,5,3,1,1,7955,2,Central,2021,2,969000
1350,1240,2,2,41,1,2,3554,1,West,2021,7,184000
1351,3066,4,3,8,0,2,14868,2,Central,2022,10,630000
1352,2382,4,2,1,1,3,5003,2,West,2022,9,468000
1353,2157,4,3,4,1,2,12889,1,South,2021,10,382000
1354,2887,5,4,23,0,2,12158,2,West,2023,4,489000
1355,2067,3,1,37,0,2,10261,2,South,2023,3,290000
1356,3456,5,5,2,0,3,16517,2,Central,2021,1,701000
1357,3830,5,1,2,1,1,21343,1,South,2023,6,707000
1358,2491,3,2,45,1,1,8360,2,South,2022,3,355000
1359,1093,2,2,33,0,2,6474,1,South,2022,8,206000
1360,2315,4,3,22,1,1,11206,1,West,2022,9,325000
1361,3745,6,2,35,1,3,12602,3,North,2021,8,842000
1362,1485,3,1,11,1,2,6780,1,Central,2022,9,297000
1363,1993,3,2,34,1,1,9731,2,South,2022,3,339000
1364,1840,4,3,7,0,2,8517,2,South,2022,5,432000
1365,3377,4,2,3,1,1,17700,2,North,2023,1,632000
1366,1320,3,3,32,1,3,5762,1,South,2022,7,250000
1367,2545,5,5,10,1,3,5477,1,East,2022,6,736000
1368,3826,5,1,49,1,2,10473,2,South,2023,5,685000
1369,1384,2,1,5,1,1,3352,1,South,2021,3,225000
1370,1290,2,1,45,0,1,3797,1,North,2021,2,187000
1371,3896,5,4,46,1,2,8859,1,South,2021,9,626000
1372,1579,2,2,3,1,3,5753,2,West,2022,6,365000
1373,3312,4,4,37,0,1,12119,1,East,2022,1,630000
1374,2441,3,2,11,0,1,7844,2,South,2022,8,400000
1375,1567,3,1,45,1,0,3272,2,South,2021,4,210000
1376,2656,5,3,12,1,2,6768,1,East,2021,12,681000
1377,2108,4,2,33,0,3,9581,1,South,2023,3,366000
1378,1638,3,1,14,1,0,4329,2,West,2022,9,326000
1379,1730,3,3,3,1,1,10075,2,Central,2021,1,445000
1380,2115,3,3,3,1,2,6688,2,North,2023,1,479000
1381,1504,2,2,11,0,3,5595,2,North,2022,1,324000
1382,1940,3,2,34,1,3,7356,2,North,2023,6,417000
1383,4391,5,5,23,0,2,16194,1,East,2021,9,921000
1384,1002,1,1,29,1,1,3039,1,North,2021,6,217000
1385,2496,3,3,4,1,1,10041,1,East,2023,6,539000
1386,2466,4,2,15,1,3,6402,2,Central,2023,4,549000
1387,2951,5,1,1,1,3,13992,2,North,2021,10,666000
1388,1002,2,2,38,0,2,4918,1,South,2022,7,178000
1389,4039,6,1,50,1,2,17222,3,West,2023,2,694000
1390,2068,3,1,9,0,3,11282,2,North,2022,4,386000
1391,915,1,1,1,1,2,3281,1,North,2022,6,249000
1392,1047,2,1,3,0,1,2758,1,West,2021,10,165000
1393,1319,3,1,26,1,2,5049,1,North,2022,10,250000
1394,2492,4,3,24,1,3,13045,2,Central,2021,2,493000
1395,2271,4,1,36,1,2,10191,1,North,2021,11,373000
1396,3494,5,4,4,0,3,18498,3,East,2021,4,811000
1397,1759,2,1,34,1,2,9030,1,West,2023,2,298000
1398,976,1,1,29,0,0,2980,1,South,2021,11,100000
1399,2081,3,2,5,1,1,11665,1,North,2022,5,431000
1400,3301,4,2,19,1,3,16166,2,North,2021,4,585000
1401,1171,1,1,2,1,2,5146,1,Central,2021,9,283000
1402,1246,3,3,13,1,0,6714,1,West,2021,1,225000
1403,1538,3,3,42,0,3,5467,2,North,2022,11,273000
1404,3210,4,1,10,1,2,17487,1,West,2022,6,481000
1405,2008,3,1,39,0,3,5209,2,West,2023,5,295000
1406,2266,3,1,22,1,2,6749,1,Central,2023,2,429000
1407,2583,4,4,3,1,1,5982,2,South,2023,3,581000
1408,3373,5,1,21,1,2,18125,1,Central,2022,6,667000
1409,1937,3,1,16,1,3,9646,1,East,2022,4,471000
1410,3373,5,3,9,1,0,11730,2,Central,2022,5,676000
1411,1590,3,2,2,1,3,9340,2,North,2023,4,402000
1412,1446,3,3,10,1,1,4939,1,North,2022,8,315000
1413,1289,3,2,2,1,1,6266,1,Central,2023,2,349000
1414,1224,3,2,2,1,1,6715,1,Central,2021,12,291000
1415,2242,4,2,10,0,3,11290,1,South,2023,5,426000
1416,4236,6,3,5,1,2,15092,2,East,2023,3,1047000
1417,1399,2,2,45,0,2,5545,1,South,2021,3,175000
1418,1454,2,2,7,1,3,7913,1,North,2021,11,287000
1419,1637,3,1,34,0,0,6628,1,North,2022,12,270000
1420,4133,5,3,18,1,0,9862,2,North,2022,2,852000
1421,1671,3,2,30,1,0,3493,1,East,2022,9,401000
1422,1841,3,1,4,0,2,10898,1,South,2022,8,311000
1423,1546,2,1,46,1,2,6948,2,North,2023,5,290000
1424,1600,2,1,18,1,3,8635,1,Central,2021,6,315000
1425,4444,5,1,39,0,2,14277,3,North,2021,5,780000
1426,3795,6,3,7,1,1,21663,1,West,2022,8,672000
1427,1132,1,1,2,0,3,4844,1,Central,2021,4,230000
1428,4265,5,4,28,0,1,21389,3,North,2022,10,823000
1429,1693,3,2,1,1,3,5354,1,South,2021,7,380000
1430,2945,5,3,14,1,1,7073,1,East,2022,4,684000
1431,1701,3,2,3,1,1,5243,1,East,2022,10,456000
1432,2379,3,2,25,1,2,5133,1,East,2023,2,479000
1433,2249,4,2,49,1,0,7967,2,East,2022,8,428000
1434,2321,3,3,13,1,0,12771,1,Central,2021,2,430000
1435,1002,1,1,38,1,2,4835,1,North,2022,10,217000
1436,1354,3,1,16,0,1,5760,1,West,2021,3,192000
1437,1771,2,1,16,1,0,5829,1,South,2022,2,284000
1438,3211,4,1,46,1,1,16624,3,South,2022,7,477000
1439,1206,3,1,43,1,2,3040,1,North,2022,6,214000
1440,1630,2,2,36,0,1,4088,1,East,2021,10,311000
1441,3548,5,3,4,1,1,10304,1,Central,2022,11,872000
1442,1232,2,1,19,0,2,4788,1,North,2021,1,252000
1443,2416,4,1,3,1,2,6259,1,South,2021,11,373000
1444,1658,3,3,12,1,2,5114,2,South,2022,12,404000
1445,2801,4,4,15,1,1,13752,1,North,2022,5,584000
1446,1267,3,3,39,1,1,7511,1,West,2023,5,224000
1447,1984,3,1,43,1,2,11248,1,West,2022,2,278000
1448,2942,4,4,10,0,3,10421,1,Central,2022,12,618000
1449,3650,5,2,1,1,2,8672,2,East,2021,8,949000
1450,1851,3,2,41,1,1,5081,2,East,2021,8,367000
1451,2144,4,4,3,1,0,5134,2,South,2021,1,396000
1452,2022,3,1,24,1,3,5803,2,West,2023,3,352000
1453,3080,4,3,1,0,2,16834,1,East,2022,10,713000
1454,2299,4,3,9,1,1,7946,1,Central,2022,12,464000
1455,1084,1,1,50,1,1,5809,1,Central,2022,8,135000
1456,3675,6,2,2,0,3,18805,3,Central,2021,11,923000
1457,1780,2,1,11,0,1,7048,2,South,2022,4,329000
1458,1681,2,1,5,1,2,5517,2,South,2023,3,417000
1459,1524,2,1,44,1,2,5467,2,Central,2022,10,276000
1460,2492,3,1,41,1,1,10007,1,West,2022,9,277000
1461,1992,3,2,3,1,0,4090,1,West,2021,4,310000
1462,2235,4,3,2,1,1,7356,2,South,2021,11,424000
1463,1599,2,2,25,1,3,6421,1,Central,2021,4,282000
1464,1847,3,1,5,1,2,7953,1,East,2021,11,438000
1465,4010,5,1,28,0,3,13029,2,East,2022,11,923000
1466,1497,3,2,1,1,2,8768,1,Central,2023,4,386000
1467,3647,5,1,2,0,3,14851,3,South,2022,8,740000
1468,1838,4,2,29,1,3,6388,2,West,2021,7,316000
1469,2973,4,2,3,1,2,13479,2,East,2023,2,749000
1470,3154,5,4,41,1,1,17984,2,East,2022,5,674000
1471,1861,4,3,2,0,2,9977,2,North,2021,11,429000
1472,2971,4,3,3,0,2,13967,2,East,2021,5,660000
1473,2762,5,3,50,1,2,10758,2,East,2022,4,655000
1474,2283,4,3,11,1,3,9409,2,East,2023,6,551000
1475,1610,2,1,30,1,1,6856,2,Central,2022,1,402000
1476,2424,4,1,3,1,1,13844,1,South,2022,5,376000
1477,2977,4,3,23,1,2,7442,2,Central,2023,4,688000
1478,3423,4,3,32,0,1,9200,1,East,2023,5,608000
1479,2795,4,1,5,0,2,10435,1,West,2022,4,399000
1480,2294,3,2,39,0,3,8103,1,North,2021,10,334000
1481,3060,4,1,23,1,2,10782,1,South,2021,4,426000
1482,1061,1,1,8,0,3,2954,1,West,2022,3,220000
1483,1676,3,1,20,0,2,5835,2,North,2021,12,348000
1484,1352,3,1,21,1,2,7654,1,Central,2021,9,313000
1485,1954,4,2,3,1,2,7149,2,North,2023,3,490000
1486,2202,4,1,9,1,1,5655,2,Central,2022,4,480000
1487,1907,3,3,5,1,2,7311,1,East,2021,10,461000
1488,2255,3,1,9,0,1,10718,1,East,2022,2,415000
1489,2035,3,2,34,1,3,5200,1,North,2023,1,403000
1490,2307,4,4,15,0,1,8437,2,South,2022,1,370000
1491,1156,1,1,46,1,1,3403,1,North,2023,2,209000
1492,2068,4,1,4,1,2,10804,1,East,2022,3,486000
1493,1209,2,1,10,1,2,4690,1,East,2022,7,315000
1494,1103,1,1,36,1,0,3223,1,West,2021,12,173000
1495,1994,4,3,19,1,1,6016,1,Central,2023,4,450000
1496,2474,3,1,19,1,3,10216,1,East,2022,3,491000
1497,2095,4,3,2,0,2,9327,2,South,2021,7,392000
1498,1710,2,2,9,1,1,7574,1,South,2022,12,351000
1499,1843,3,1,4,0,2,9234,1,Central,2022,3,415000
1500,2891,5,3,50,1,1,9764,1,North,2021,4,504000
1501,2186,3,2,5,1,1,7338,1,West,2022,1,398000
1502,1968,3,2,43,0,3,11730,2,North,2021,10,327000
1503,1488,3,2,28,1,1,7946,1,South,2021,8,227000
1504,1903,4,1,5,0,0,10056,1,East,2022,2,440000
1505,2317,4,3,19,1,3,11854,2,East,2021,3,500000
1506,1903,4,3,39,0,2,4055,2,East,2022,10,444000
1507,1623,2,1,42,1,1,9121,2,West,2022,12,237000
1508,2450,4,2,3,1,2,12577,1,South,2021,4,426000
1509,2275,4,2,5,1,3,12029,1,South,2021,4,427000
1510,2906,5,4,5,1,1,15627,2,West,2022,2,533000
1511,2782,5,4,1,0,2,15512,1,East,2023,4,697000
1512,2509,5,5,23,1,2,5196,2,North,2022,6,616000
1513,4080,6,5,40,0,2,22209,1,West,2022,1,618000
1514,950,2,2,8,1,2,3789,1,West,2022,8,255000
1515,1520,2,1,33,1,2,7161,2,North,2023,4,314000
1516,1408,2,1,25,1,0,2966,1,West,2022,1,207000
1517,2453,3,2,7,0,3,6181,2,East,2023,6,540000
1518,3426,4,2,2,0,1,10911,3,South,2021,5,564000
1519,1193,2,1,30,0,2,6525,1,East,2021,11,221000
1520,4295,5,1,40,1,2,8894,3,East,2021,3,938000
1521,1135,2,1,29,0,2,5670,1,Central,2022,5,229000
1522,4122,5,4,1,1,2,19134,1,West,2021,5,675000
1523,2422,4,1,3,0,2,10379,1,South,2022,3,404000
1524,1260,3,3,2,0,1,3867,1,North,2022,6,316000
1525,1825,4,1,21,1,2,5279,2,Central,2022,5,469000
1526,1551,2,1,34,0,3,5364,1,Central,2021,11,228000
1527,1094,2,1,2,1,3,3122,1,North,2022,5,316000
1528,2236,4,1,39,1,2,5325,1,North,2022,7,404000
1529,2757,4,2,20,0,1,15221,2,West,2021,6,442000
1530,2295,3,2,29,1,1,10488,1,West,2021,11,260000
1531,2374,3,2,49,1,1,11362,1,North,2022,2,349000
1532,2339,4,1,2,0,2,10490,1,West,2022,10,353000
1533,3286,5,4,44,0,1,6974,3,South,2021,9,523000
1534,1575,3,2,2,1,3,4516,1,South,2021,10,275000
1535,2298,3,3,8,0,3,13326,1,South,2023,1,386000
1536,1040,1,1,40,1,0,5141,1,East,2023,1,248000
1537,1543,3,1,44,1,2,3849,2,Central,2021,7,268000
1538,1700,3,2,16,0,2,6994,1,East,2021,6,367000
1539,1542,3,1,22,1,1,8252,2,South,2021,11,292000
1540,2262,4,3,30,1,2,11295,1,Central,2021,3,398000
1541,2541,5,5,39,1,2,14903,1,North,2021,1,569000
1542,1216,3,1,2,1,1,6599,1,West,2021,5,207000
1543,2408,4,1,37,1,2,10953,1,West,2023,5,312000
1544,1351,3,2,15,0,3,7503,1,South,2021,3,251000
1545,3535,6,3,12,1,1,13037,1,North,2021,1,785000
1546,2194,4,3,11,1,2,8656,2,Central,2021,6,491000
1547,2874,5,4,17,1,1,14308,2,East,2022,11,745000
1548,2350,4,1,47,1,3,9124,1,North,2023,4,404000
1549,1034,1,1,19,1,3,4739,1,Central,2022,7,304000
1550,1693,2,1,47,1,1,4305,1,South,2022,6,247000
1551,4432,6,6,3,1,3,9781,3,South,2021,7,874000
1552,1903,3,1,31,1,1,10860,1,West,2022,12,227000
1553,2835,5,4,38,1,0,6571,1,West,2021,5,418000
1554,3266,4,1,28,0,2,17930,1,South,2023,3,491000
1555,1325,3,3,23,1,1,4214,1,North,2021,10,262000
1556,1079,1,1,20,0,2,4537,1,East,2022,8,280000
1557,1806,4,2,41,0,2,7291,1,West,2022,11,249000
1558,1736,2,1,38,1,0,5186,1,Central,2023,3,309000
1559,3306,5,1,2,1,1,12804,2,East,2021,3,726000
1560,4053,5,4,40,1,2,17149,3,West,2021,10,624000
1561,2498,3,2,10,1,1,8935,2,North,2021,3,441000
1562,1274,2,1,4,0,0,6585,1,Central,2021,2,265000
1563,3044,4,2,41,1,0,13909,1,South,2021,3,425000
1564,1413,3,1,11,0,3,5352,1,West,2021,4,229000
1565,3436,4,1,37,0,3,16651,3,Central,2023,1,650000
1566,1880,3,1,4,1,1,9669,1,Central,2021,5,432000
1567,2451,4,3,1,1,1,12283,2,West,2021,2,380000
1568,1068,1,1,16,0,2,4888,1,West,2023,4,210000
1569,1864,4,2,2,1,3,5132,2,Central,2021,3,534000
1570,2445,4,1,33,1,1,14016,2,Central,2022,10,451000
1571,2094,4,1,4,0,3,11997,1,West,2022,4,349000
1572,1202,3,3,12,0,2,3088,1,West,2023,4,259000
1573,3265,4,1,2,1,3,10768,2,North,2021,11,634000
1574,3392,4,2,4,0,1,14809,2,East,2022,4,683000
1575,1246,3,2,35,1,3,7182,1,South,2021,9,232000
1576,1017,1,1,3,1,2,2561,1,East,2022,12,315000
1577,1379,3,1,26,1,3,4212,1,West,2022,7,284000
1578,1678,3,3,45,1,2,5772,2,North,2021,4,310000
1579,1745,3,1,28,1,2,8823,2,North,2021,11,318000
1580,2373,4,3,37,0,3,9272,1,South,2022,12,381000
1581,1131,2,1,2,1,2,5745,1,South,2022,5,268000
1582,2481,3,2,4,1,2,9487,1,East,2022,8,513000
1583,2293,4,1,43,0,2,6899,1,Central,2022,3,382000
1584,2342,3,2,31,1,2,8861,2,West,2021,4,325000
1585,4191,6,6,26,0,3,14066,2,South,2022,8,802000
1586,1306,2,1,27,0,0,3473,1,North,2023,6,229000
1587,2467,3,1,10,1,2,5986,2,West,2023,4,399000
1588,2424,3,2,1,1,3,12648,1,West,2021,10,376000
1589,2171,4,4,36,1,2,8905,2,East,2023,6,506000
1590,2875,4,1,28,0,3,9709,1,South,2021,5,422000
1591,1693,3,1,14,1,3,4017,2,North,2021,7,440000
1592,4310,6,6,44,0,2,24751,1,South,2023,3,714000
1593,1304,3,2,5,1,2,4078,1,East,2022,5,335000
1594,914,1,1,4,1,3,2957,1,West,2021,2,221000
1595,2771,5,2,42,1,3,16573,2,Central,2021,7,633000
1596,2150,3,3,36,1,3,6254,1,East,2023,1,494000
1597,1026,2,2,17,1,0,3605,1,West,2021,3,159000
1598,1365,3,2,2,1,1,5630,1,Central,2021,6,297000
1599,1277,2,2,3,1,2,5529,1,West,2021,9,279000
1600,3189,5,4,27,1,2,11432,3,West,2021,11,492000
1601,1588,3,1,8,1,1,8040,1,Central,2023,4,360000
1602,1869,3,2,39,1,0,7395,1,South,2022,12,265000
1603,1498,3,1,47,1,1,7982,1,North,2022,7,259000
1604,1991,3,1,37,0,2,10936,2,Central,2021,6,336000
1605,1553,2,1,7,0,3,4201,1,East,2021,9,296000
1606,1981,4,1,36,1,3,10172,1,West,2023,5,346000
1607,1010,1,1,6,1,1,5082,1,Central,2023,3,301000
1608,3192,5,4,3,1,1,16545,1,South,2022,5,595000
1609,1139,2,1,1,1,2,3578,1,East,2023,2,359000
1610,2083,4,4,8,1,1,6925,1,East,2021,1,487000
1611,2526,4,1,44,1,2,12004,2,South,2022,6,469000
1612,2235,4,1,3,1,1,10655,2,North,2021,1,416000
1613,2175,4,4,3,0,0,9464,1,East,2023,2,473000
1614,1936,4,2,48,1,2,8212,2,North,2022,5,356000
1615,2225,4,3,1,1,1,7729,2,South,2021,2,363000
1616,1827,4,3,36,1,0,7329,1,North,2022,8,372000
1617,4164,5,5,5,1,2,18222,3,West,2021,7,766000
1618,1665,2,2,1,0,1,6307,1,Central,2022,4,397000
1619,2251,3,2,45,0,2,8777,1,East,2022,6,393000
1620,3344,4,4,2,1,1,18465,3,East,2022,10,774000
1621,2076,4,1,19,0,2,8936,1,Central,2023,3,429000
1622,1209,3,3,4,0,3,7022,1,North,2022,1,352000
1623,2265,4,2,2,1,2,12044,2,South,2022,4,473000
1624,3919,5,3,1,1,2,18536,2,South,2021,10,737000
1625,1019,2,1,2,1,3,2762,1,South,2023,1,316000
1626,1744,2,1,2,0,1,5862,1,South,2021,7,308000
1627,946,2,1,34,1,1,2386,1,South,2022,2,188000
1628,1639,2,1,15,1,1,7467,2,South,2022,12,334000
1629,1211,3,1,5,1,2,3149,1,East,2021,10,329000
1630,2105,3,1,10,1,2,12405,1,South,2021,6,318000
1631,2619,5,3,46,1,0,8561,2,West,2021,12,362000
1632,1700,3,2,44,1,3,6169,1,East,2021,10,398000
1633,1841,4,1,31,1,0,9957,1,North,2021,7,304000
1634,3409,4,1,43,0,3,16536,1,Central,2022,11,546000
1635,4051,5,3,5,0,3,19510,2,East,2021,11,931000
1636,1038,1,1,8,0,3,4044,1,North,2022,11,239000
1637,1998,3,1,24,0,3,11590,2,North,2022,4,401000
1638,1364,2,2,24,0,1,4973,1,West,2021,3,179000
1639,3880,6,1,15,1,2,23080,1,West,2021,6,645000
1640,4187,5,1,9,0,1,19173,1,East,2022,1,908000
1641,2361,3,2,50,1,3,9683,1,South,2022,10,329000
1642,3214,4,2,38,1,1,16624,3,East,2023,6,711000
1643,2154,3,3,11,0,1,8786,1,West,2021,4,308000
1644,2030,4,2,32,1,3,10245,2,Central,2022,10,448000
1645,1501,3,2,4,0,0,6104,2,East,2021,11,325000
1646,3261,4,2,2,1,1,12189,2,South,2023,4,544000
1647,1058,1,1,6,1,2,5152,1,North,2023,3,289000
1648,3407,5,3,9,0,2,16984,1,North,2022,11,609000
1649,2925,4,1,1,1,2,6767,2,West,2021,10,524000
1650,3171,5,1,38,1,2,9193,3,North,2022,2,592000
1651,1001,1,1,6,0,3,4301,1,East,2022,2,282000
1652,2454,4,1,21,1,1,10978,1,West,2022,3,331000
1653,1401,2,1,2,1,2,4430,1,South,2022,9,275000
1654,2231,3,2,3,0,2,10148,1,West,2022,10,351000
1655,1317,3,1,43,1,2,7786,1,East,2021,5,245000
1656,4462,6,3,23,0,2,19378,3,East,2023,6,1059000
1657,1887,4,1,47,1,0,9089,2,Central,2021,1,307000
1658,1634,2,1,50,0,0,3690,2,West,2022,5,199000
1659,2307,3,2,7,1,1,11187,2,South,2023,3,423000
1660,1980,3,1,4,1,1,6615,1,Central,2022,12,432000
1661,1823,4,2,41,0,1,6841,1,West,2021,6,231000
1662,2055,4,2,50,1,2,5997,2,West,2022,8,330000
1663,3956,5,4,25,0,1,17921,3,West,2022,4,658000
1664,1842,4,3,36,1,2,10766,2,South,2021,6,361000
1665,4376,5,2,35,0,3,9656,3,South,2021,5,704000
1666,2872,4,1,6,1,1,12852,2,West,2023,3,485000
1667,1001,1,1,21,1,2,3846,1,North,2023,2,253000
1668,4203,6,5,39,1,3,16716,3,Central,2023,3,1005000
1669,1276,3,1,29,0,2,5466,1,South,2021,8,180000
1670,3058,5,5,1,1,3,7799,1,West,2022,12,544000
1671,2261,3,2,5,1,1,10623,1,East,2021,4,474000
1672,2868,5,3,2,1,3,11531,1,East,2023,1,761000
1673,2563,4,1,3,1,2,13142,1,West,2022,6,451000
1674,2908,5,3,44,1,0,10225,1,West,2022,10,402000
1675,2783,5,2,1,1,3,14812,2,South,2022,3,583000
1676,1795,2,1,3,1,3,5686,2,North,2021,1,419000
1677,1025,1,1,5,0,1,5985,1,Central,2022,6,251000
1678,2469,3,2,24,1,3,14257,2,Central,2023,6,497000
1679,1365,3,1,18,1,1,7523,1,North,2022,2,296000
1680,1694,2,1,3,0,2,7988,2,South,2022,12,328000
1681,2279,4,1,3,1,1,9755,2,South,2021,9,430000
1682,3718,5,4,3,1,1,17965,2,Central,2021,8,943000
1683,2258,4,1,16,1,2,9519,1,South,2023,4,382000
1684,3155,5,2,4,0,1,14281,1,North,2021,11,550000
1685,1511,3,2,47,0,0,7918,2,North,2023,2,264000
1686,3495,5,5,13,1,2,18094,2,West,2023,1,598000
1687,3522,5,1,2,0,1,7330,1,Central,2021,10,828000
1688,1652,2,1,32,1,2,6939,2,South,2021,12,275000
1689,2406,4,2,5,1,1,11017,1,North,2021,8,432000
1690,2842,5,3,27,0,3,5948,2,East,2022,8,671000
1691,1149,2,1,4,1,1,2436,1,South,2022,3,255000
1692,1729,3,1,21,1,1,8592,1,North,2022,1,335000
1693,2406,4,2,35,0,1,6524,1,Central,2023,6,407000
1694,1478,2,1,46,1,2,7786,1,Central,2023,6,244000
1695,1811,4,2,4,0,1,8459,1,Central,2021,2,388000
1696,970,1,1,5,1,2,4253,1,East,2022,7,293000
1697,1467,2,1,13,1,1,5252,1,South,2021,6,244000
1698,1112,2,1,45,1,3,3646,1,West,2022,8,191000
1699,4101,6,1,44,1,0,13480,1,North,2022,11,767000
1700,1822,4,3,2,1,3,6000,1,South,2021,1,368000
1701,4333,5,2,2,0,1,14562,3,South,2022,12,782000
1702,2491,3,1,16,1,0,7506,2,Central,2021,7,414000
1703,1839,4,1,2,1,1,7964,2,West,2022,6,357000
1704,1937,3,1,5,1,1,9721,2,North,2023,1,454000
1705,2393,3,2,2,1,2,5195,1,North,2021,11,433000
1706,1051,1,1,25,1,3,5041,1,Central,2022,2,268000
1707,2408,4,1,47,1,0,9105,1,Central,2022,12,381000
1708,1510,3,2,50,1,2,6840,2,West,2023,5,238000
1709,1603,2,1,7,1,1,8236,2,North,2022,9,387000
1710,1884,3,2,23,1,1,11235,1,East,2022,5,421000
1711,1048,2,1,41,1,1,2154,1,West,2021,2,152000
1712,1033,2,1,2,1,3,4178,1,Central,2021,5,291000
1713,3054,4,3,29,1,0,6127,3,North,2022,7,589000
1714,1857,4,4,10,0,2,5683,1,East,2021,11,428000
1715,1078,1,1,3,1,1,6209,1,North,2021,10,223000
1716,3613,5,5,9,0,1,14666,1,East,2021,1,880000
1717,1576,3,1,2,0,2,6201,1,South,2021,6,250000
1718,2488,4,3,29,1,1,6801,1,Central,2022,4,478000
1719,3527,6,1,4,1,0,9263,1,South,2022,6,697000
1720,1034,1,1,5,1,1,2789,1,East,2021,7,290000
1721,915,2,1,2,1,1,4969,1,East,2022,3,278000
1722,1266,2,1,41,1,3,7088,1,Central,2022,12,220000
1723,2409,3,2,15,0,1,7641,2,West,2021,5,326000
1724,1143,2,1,21,1,2,6748,1,North,2022,11,297000
1725,2203,3,1,21,1,1,10506,1,North,2022,1,376000
1726,1231,2,2,10,1,3,7182,1,East,2022,7,345000
1727,1617,3,3,3,1,2,5973,1,East,2023,1,463000
1728,3679,6,1,33,1,1,17714,1,South,2021,10,628000
1729,2772,5,1,2,1,3,6968,2,West,2022,9,532000
1730,1654,3,1,2,0,1,5275,1,North,2021,10,302000
1731,1730,2,1,30,1,2,7032,1,Central,2021,4,326000
1732,2360,4,2,3,1,2,12776,1,North,2022,12,448000
1733,2032,3,1,5,1,1,11784,1,North,2023,6,397000
1734,2139,3,1,14,1,3,7232,2,South,2022,11,387000
1735,1016,2,1,12,1,3,3887,1,East,2023,6,344000
1736,3264,4,2,30,1,3,14183,1,South,2021,10,480000
1737,1666,2,1,24,1,3,4366,2,West,2023,4,358000
1738,1387,3,2,26,1,2,4615,1,South,2022,4,255000
1739,2060,4,3,31,0,0,5603,2,North,2022,9,380000
1740,2397,4,1,4,0,2,6875,2,Central,2021,2,471000
1741,2871,5,1,5,0,1,16193,2,Central,2021,9,644000
1742,3026,4,1,12,0,1,8541,1,West,2021,10,392000
1743,3108,4,1,5,1,2,17939,1,Central,2022,4,659000
1744,1011,1,1,49,1,3,3346,1,North,2021,12,155000
1745,2063,4,1,38,0,1,11920,2,South,2021,3,319000
1746,2116,3,1,3,1,3,8153,1,South,2021,12,356000
1747,1126,2,1,1,0,2,5294,1,Central,2021,8,271000
1748,1529,3,2,1,1,1,7215,2,East,2022,5,424000
1749,2545,4,2,3,0,3,10156,1,North,2022,10,557000
1750,1574,2,1,2,0,3,4487,1,South,2022,9,296000
1751,2134,3,3,18,0,1,11977,2,North,2021,6,363000
1752,1208,2,1,41,1,1,6218,1,South,2022,2,226000
1753,1369,2,2,32,1,1,3450,1,East,2022,10,241000
1754,1558,3,1,3,0,3,8096,2,South,2021,1,270000
1755,4488,5,1,9,1,0,22781,3,North,2023,5,873000
1756,2532,5,1,16,0,1,10452,1,North,2023,2,527000
1757,3563,5,3,37,1,2,13996,1,East,2022,3,904000
1758,2091,3,2,39,1,2,4584,1,West,2021,1,310000
1759,1311,2,2,44,0,1,6112,1,East,2022,7,244000
1760,2037,4,2,17,1,3,4147,1,West,2023,2,389000
1761,2303,3,2,29,1,3,11136,1,North,2023,3,436000
1762,2611,5,3,2,1,3,11386,2,North,2023,6,674000
1763,1402,3,1,20,1,1,6164,1,Central,2021,5,283000
1764,2330,3,2,3,1,3,7053,1,South,2021,9,395000
1765,1354,2,1,11,1,2,5255,1,East,2022,12,329000
1766,1676,2,1,25,1,1,6552,2,Central,2022,6,369000
1767,3421,4,2,4,1,2,15456,2,East,2021,5,699000
1768,1683,3,2,2,1,0,7982,2,North,2021,1,396000
1769,1930,3,2,1,1,2,5267,2,Central,2022,12,486000
1770,2223,3,2,1,1,2,8980,1,North,2021,1,420000
1771,1752,3,1,1,1,2,10200,1,West,2021,1,306000
1772,2568,5,1,2,1,1,9377,1,South,2022,11,520000
1773,2630,5,3,3,1,2,15152,2,East,2022,10,739000
1774,3782,5,2,3,1,1,22560,2,East,2021,6,990000
1775,3140,4,3,50,0,3,13769,2,East,2022,9,659000
1776,2249,3,2,5,1,2,8828,1,West,2022,4,347000
1777,2200,4,2,2,1,0,6724,1,Central,2022,7,455000
1778,2162,3,2,19,1,1,7734,1,North,2021,1,350000
1779,1232,2,1,41,0,2,6837,1,Central,2022,3,174000
1780,2891,5,4,28,0,2,17107,1,North,2022,10,612000
1781,1511,2,1,4,1,2,6674,2,North,2022,5,375000
1782,4044,5,5,20,1,1,16136,2,Central,2023,1,929000
1783,1902,3,2,31,1,2,8889,2,East,2023,3,494000
1784,2065,3,2,32,1,1,8049,1,North,2022,7,394000
1785,2118,4,2,27,1,2,10959,2,East,2021,5,426000
1786,3120,4,3,42,1,3,17446,2,South,2022,10,533000
1787,2041,3,3,42,1,2,10204,2,East,2021,10,415000
1788,1702,3,3,21,1,0,6532,2,West,2022,3,321000
1789,1017,1,1,11,1,3,5087,1,Central,2021,11,326000
1790,2474,3,1,26,1,1,6633,1,North,2022,10,423000
1791,1570,2,2,38,1,2,7963,1,South,2021,11,214000
1792,3167,4,1,1,0,2,10999,3,North,2021,7,649000
1793,2499,3,2,50,0,1,9228,1,North,2021,1,266000
1794,2388,3,2,3,1,1,11046,2,Central,2022,9,502000
1795,1464,2,1,14,1,1,4362,1,Central,2021,5,287000
1796,1120,2,1,42,1,3,6673,1,West,2021,6,180000
1797,2941,4,3,3,0,3,6475,1,West,2021,7,460000
1798,1362,3,2,14,1,2,3561,1,Central,2021,6,317000
1799,1133,2,1,2,1,1,5697,1,North,2021,5,279000
1800,1323,2,1,9,1,3,4693,1,North,2021,5,245000
1801,3848,5,2,3,1,2,22917,3,South,2022,6,770000
1802,3348,5,3,6,1,2,18978,3,Central,2022,7,727000
1803,2065,4,2,7,1,2,7200,2,East,2021,4,515000
1804,1308,2,1,50,1,1,3371,1,East,2022,2,256000
1805,2026,3,1,50,0,2,6988,2,South,2022,10,266000
1806,3248,4,2,2,0,2,13407,1,West,2021,1,441000
1807,1698,2,2,32,0,2,8338,2,Central,2021,7,348000
1808,1220,3,1,2,1,3,6780,1,South,2023,3,300000
1809,1337,3,2,1,0,1,5292,1,West,2021,11,224000
1810,1220,2,1,2,0,2,4002,1,South,2023,4,257000
1811,2282,3,1,48,0,1,4660,2,West,2022,7,268000
1812,2762,5,1,46,0,2,16235,2,East,2023,4,627000
1813,1283,3,3,3,1,1,6462,1,South,2021,8,279000
1814,1056,1,1,3,0,1,5263,1,East,2023,3,312000
1815,1385,3,2,3,1,3,6432,1,North,2021,6,339000
1816,3569,5,2,17,1,1,9648,1,Central,2023,1,861000
1817,993,2,1,21,0,2,4721,1,Central,2021,6,208000
1818,3352,4,1,3,1,3,15452,2,East,2021,8,711000
1819,1688,2,2,34,1,2,5384,2,South,2021,6,276000
1820,1696,3,2,5,1,1,6521,1,West,2022,5,297000
1821,1342,3,1,45,0,1,4756,1,East,2021,5,229000
1822,998,1,1,27,1,3,5777,1,South,2021,8,173000
1823,2363,3,1,11,1,1,8650,2,North,2021,11,426000
1824,3257,4,4,36,0,2,15352,3,Central,2021,9,619000
1825,1982,4,4,38,0,2,11413,1,West,2021,5,274000
1826,2432,4,3,4,1,2,6648,2,Central,2021,10,536000
1827,1033,2,2,5,1,2,3631,1,East,2021,3,308000
1828,4070,5,5,46,1,1,12377,2,West,2023,2,633000
1829,2562,4,2,3,1,2,12273,2,East,2023,6,710000
1830,1500,3,3,1,0,2,7732,2,South,2022,2,343000
1831,4480,5,4,13,1,1,12626,3,Central,2023,5,1002000
1832,2176,4,2,37,1,1,7876,2,Central,2021,3,426000
1833,2176,4,1,35,1,2,12464,2,Central,2022,6,432000
1834,2838,4,1,45,1,2,6894,2,West,2021,8,373000
1835,3187,5,2,18,1,2,13680,2,West,2022,7,528000
1836,1726,2,2,2,1,2,4667,2,West,2022,6,363000
1837,1320,3,1,22,1,2,7719,1,Central,2022,10,306000
1838,1963,4,4,35,1,3,7391,2,East,2022,11,467000
1839,4395,5,1,2,1,2,15724,3,North,2021,3,882000
1840,1581,3,2,3,1,1,5047,2,West,2021,9,278000
1841,2369,3,3,1,1,1,6850,2,Central,2023,2,533000
1842,2034,4,3,22,1,2,11125,2,South,2022,7,408000
1843,2489,4,2,43,1,3,5358,1,West,2022,8,337000
1844,2339,3,3,28,0,1,7656,2,South,2022,10,364000
1845,3553,5,2,49,1,2,16053,1,Central,2022,9,829000
1846,1194,1,1,2,1,1,6384,1,West,2021,10,214000
1847,1514,2,1,44,1,1,5409,2,East,2022,7,294000
1848,1219,2,2,38,1,2,7275,1,West,2022,11,185000
1849,2861,5,3,5,0,0,8213,2,Central,2021,6,603000
1850,1707,2,2,49,1,2,3526,1,Central,2022,11,358000
1851,1491,3,2,4,0,3,6870,1,Central,2021,6,306000
1852,3020,4,4,43,0,3,8466,2,North,2021,8,563000
1853,2718,4,2,42,1,1,7013,2,North,2022,12,571000
1854,2659,4,2,34,1,2,15162,2,Central,2021,7,597000
1855,4173,5,4,20,1,3,21575,2,Central,2021,5,927000
1856,1393,3,2,2,1,0,3085,1,South,2021,6,234000
1857,2730,5,1,18,0,2,12872,2,North,2022,5,578000
1858,2468,4,1,6,1,3,8774,1,South,2023,1,466000
1859,2611,4,3,36,1,1,5811,1,South,2021,11,424000
1860,2859,4,2,34,0,3,11555,2,West,2022,3,460000
1861,3366,5,5,44,1,2,18447,3,North,2023,2,677000
1862,2170,3,1,1,1,0,12716,1,South,2023,5,385000
1863,1276,2,2,37,1,2,6685,1,Central,2022,2,256000
1864,1718,2,1,46,1,1,9255,2,North,2021,5,270000
1865,4281,6,4,36,1,1,9511,3,West,2022,9,683000
1866,3786,6,1,2,1,2,12122,1,South,2022,8,721000
1867,1487,2,1,2,1,2,8383,1,West,2022,8,289000
1868,1131,2,1,1,0,2,2751,1,North,2022,4,269000
1869,1339,3,1,25,1,0,3773,1,South,2021,3,223000
1870,3366,4,1,25,0,3,15537,2,East,2021,2,658000
1871,3075,5,2,50,1,2,15561,2,Central,2022,6,598000
1872,1536,3,2,9,1,3,8552,2,East,2022,12,391000
1873,2229,3,1,5,1,3,6200,1,North,2021,4,417000
1874,3192,4,2,24,0,1,18286,2,Central,2023,2,629000
1875,3159,5,1,38,1,0,15535,1,North,2022,6,524000
1876,2171,4,1,46,0,3,10843,2,Central,2022,2,378000
1877,1627,2,1,37,1,2,9720,2,South,2021,7,297000
1878,2224,3,3,11,1,1,10061,2,East,2021,5,485000
1879,1573,2,1,25,1,2,6948,2,North,2021,4,293000
1880,2450,3,3,41,0,0,8475,2,East,2021,9,373000
1881,2311,3,1,15,1,0,6101,1,East,2022,10,418000
1882,2774,5,3,3,1,2,15777,1,East,2021,8,689000
1883,1630,3,1,3,1,0,9042,2,North,2022,4,360000
1884,2685,4,3,1,1,3,13590,2,Central,2023,2,732000
1885,1179,2,1,31,0,3,5167,1,Central,2022,12,228000
1886,2320,3,1,2,1,2,10029,2,West,2021,11,370000
1887,1216,2,1,3,1,0,5078,1,East,2023,1,330000
1888,1247,3,1,4,1,1,4692,1,West,2022,11,252000
1889,2860,4,2,20,1,1,11083,1,North,2023,5,559000
1890,3507,5,1,9,0,2,7872,3,Central,2021,7,897000
1891,1085,1,1,28,1,1,3734,1,South,2021,3,131000
1892,2491,3,3,2,0,2,10131,2,West,2023,3,370000
1893,2647,4,2,2,1,2,11485,1,West,2021,9,480000
1894,1479,2,1,16,1,3,7515,1,West,2021,12,215000
1895,2274,3,1,5,1,3,8861,1,Central,2022,11,502000
1896,2911,4,2,4,1,2,17299,2,South,2022,1,565000
1897,1672,2,2,2,0,2,7981,1,West,2023,4,325000
1898,1045,1,1,43,0,1,5935,1,East,2021,11,147000
1899,2359,3,1,29,0,1,8343,2,North,2021,9,337000
1900,3149,5,3,2,0,3,15941,1,East,2022,4,710000
1901,1632,3,1,2,1,2,9337,2,Central,2021,5,420000
1902,993,2,1,49,0,1,3279,1,South,2021,6,122000
1903,3265,4,2,28,1,2,15721,1,East,2022,5,647000
1904,1443,2,2,10,1,3,3942,1,East,2021,1,348000
1905,2721,4,2,30,1,1,14389,2,West,2023,1,481000
1906,1285,3,2,34,1,1,5028,1,Central,2021,2,231000
1907,3930,5,2,35,1,3,8640,2,North,2023,6,854000
1908,2065,3,2,14,0,2,5181,1,East,2021,9,399000
1909,1950,4,3,11,1,2,5828,1,East,2022,6,488000
1910,1061,2,1,1,1,1,5415,1,South,2022,9,240000
1911,1979,4,1,45,1,3,10491,1,Central,2022,11,382000
1912,2820,4,1,23,0,3,8032,1,North,2022,10,548000
1913,4239,6,3,3,1,2,10660,1,North,2022,9,866000
1914,1933,4,3,45,0,0,7804,2,West,2022,5,282000
1915,2396,3,3,45,1,2,6661,1,South,2023,4,332000
1916,3465,5,4,50,1,1,18231,1,West,2021,9,402000
1917,3082,5,3,42,1,1,11350,1,Central,2023,3,610000
1918,2211,4,3,50,1,1,5807,1,South,2021,9,286000
1919,1687,2,1,3,1,0,5059,1,North,2021,6,350000
1920,1654,3,2,40,1,3,8321,1,North,2021,6,339000
1921,1760,3,1,38,0,0,9463,2,South,2022,11,225000
1922,1061,2,1,3,1,2,3340,1,South,2021,12,260000
1923,2373,4,4,2,1,1,8160,2,Central,2022,9,523000
1924,2233,3,2,49,0,2,8771,2,West,2022,12,281000
1925,2551,5,1,4,1,0,12175,1,North,2023,5,633000
1926,1590,2,1,42,0,2,7898,2,Central,2022,4,286000
1927,1684,3,2,1,0,2,10042,2,North,2021,7,401000
1928,1879,4,1,1,1,3,7713,1,West,2021,2,331000
1929,2054,3,2,14,1,2,5527,2,North,2021,8,395000
1930,1577,3,3,3,0,0,7099,1,North,2022,5,325000
1931,2035,3,2,29,1,0,7117,2,West,2021,9,278000
1932,2098,3,2,20,1,2,10258,2,East,2022,6,479000
1933,2222,4,2,2,0,1,7583,2,East,2023,5,492000
1934,2053,4,1,3,1,2,7503,2,East,2023,4,548000
1935,2025,4,1,8,1,3,4738,1,North,2022,1,470000
1936,2780,5,3,3,0,3,10405,2,West,2022,10,553000
1937,1120,2,1,36,1,3,6664,1,Central,2021,2,229000
1938,3274,5,1,10,0,3,11322,3,North,2022,6,671000
1939,2125,4,3,2,1,2,8992,1,South,2021,8,398000
1940,1016,2,1,15,1,2,2668,1,East,2023,3,330000
1941,1253,2,1,2,0,1,3609,1,West,2022,3,216000
1942,2041,4,3,2,1,3,7091,1,East,2023,5,533000
1943,2614,4,1,3,1,1,14459,2,West,2021,10,486000
1944,2791,5,1,41,1,2,13294,2,Central,2023,5,624000
1945,3195,4,3,45,1,1,10520,2,South,2021,8,457000
1946,2295,3,2,38,0,1,9090,1,East,2021,5,371000
1947,2208,3,1,5,1,2,4644,2,West,2023,1,389000
1948,1398,2,1,4,1,1,8322,1,East,2021,2,315000
1949,2140,3,2,19,1,2,8022,1,South,2023,2,378000
1950,2284,4,3,31,1,2,4620,1,West,2023,6,350000
1951,1215,3,1,50,1,2,5671,1,West,2021,2,205000
1952,946,2,1,2,1,1,4797,1,East,2022,2,279000
1953,1826,4,1,1,1,2,7646,2,South,2022,11,417000
1954,2905,5,3,29,1,3,15916,2,East,2021,1,688000
1955,4114,6,1,39,1,1,11146,3,Central,2023,5,887000
1956,3557,6,1,40,0,2,20323,3,Central,2022,10,836000
1957,1608,3,1,28,1,2,8344,1,West,2023,3,272000
1958,1810,4,2,47,1,3,6203,2,West,2022,7,358000
1959,1909,3,1,17,1,2,4915,2,North,2021,9,392000
1960,3469,5,4,45,1,1,18786,1,East,2021,1,634000
1961,1116,1,1,48,0,3,4585,1,North,2022,10,213000
1962,2386,3,2,40,1,3,9523,2,Central,2022,4,432000
1963,2641,5,2,5,0,2,9238,2,South,2022,5,552000
1964,2383,3,3,3,1,2,13285,1,West,2021,9,384000
1965,1862,3,2,19,1,2,6336,1,Central,2022,3,381000
1966,1897,4,4,13,1,2,10664,2,Central,2023,2,508000
1967,1235,3,2,42,1,2,5675,1,West,2022,11,213000
1968,1723,3,2,2,1,3,5515,2,East,2022,1,513000
1969,1608,3,1,4,1,3,9282,1,East,2022,5,468000
1970,1409,3,1,33,1,2,5131,1,South,2023,2,248000
1971,1340,2,1,2,0,3,6240,1,North,2022,1,283000
1972,2680,5,3,5,1,1,14477,1,North,2022,6,602000
1973,1032,2,2,8,1,1,4123,1,North,2021,12,292000
1974,1990,3,3,24,1,2,7262,1,Central,2022,8,410000
1975,1445,2,1,3,1,2,6796,1,North,2022,6,308000
1976,4221,6,1,41,1,1,13861,3,West,2022,3,649000
1977,1135,1,1,12,0,2,4335,1,North,2022,5,203000
1978,2113,4,3,45,0,0,5501,1,Central,2021,4,337000
1979,3073,4,1,14,1,2,12536,1,South,2023,1,504000
1980,3354,4,4,4,0,3,8085,3,East,2023,1,767000
1981,1584,3,1,2,0,2,3230,1,East,2023,1,342000
1982,3326,5,1,1,1,1,19489,2,Central,2021,11,641000
1983,1963,3,1,18,1,3,11767,2,South,2022,4,409000
1984,1674,3,1,2,1,2,9703,2,Central,2023,5,490000
1985,1306,2,1,8,0,3,6404,1,West,2021,8,236000
1986,943,1,1,22,1,2,2071,1,South,2021,8,195000
1987,2947,4,1,4,1,3,12334,1,North,2021,8,595000
1988,1620,2,1,3,1,3,9296,1,West,2021,12,309000
1989,2071,3,1,35,1,2,8119,1,South,2021,8,316000
1990,3444,5,4,47,1,1,12441,1,Central,2022,5,645000
1991,2580,5,2,2,1,2,8364,2,North,2021,8,594000
1992,1220,2,2,3,1,2,7005,1,West,2022,5,317000
1993,2190,3,3,48,1,2,7451,2,West,2023,2,310000
1994,1339,3,2,1,1,1,2814,1,West,2022,8,270000
1995,3088,4,1,49,0,2,14546,1,South,2021,2,392000
1996,2015,4,1,1,1,2,8406,1,Central,2021,7,454000
1997,4227,6,5,42,1,3,19452,2,West,2021,9,711000
1998,1555,3,3,5,1,2,5100,1,East,2022,7,407000
1999,1327,3,1,46,1,1,2709,1,West,2023,1,206000
2000,1196,2,1,5,1,1,2399,1,East,2023,2,351000
2001,1017,2,1,27,1,0,5713,1,Central,2022,8,231000
2002,1314,2,1,2,0,0,5550,1,Central,2021,10,232000
2003,3522,5,2,3,1,1,16629,3,South,2023,3,774000
2004,1232,3,2,35,1,2,4536,1,South,2022,11,235000
2005,1075,1,1,18,1,3,4706,1,Central,2021,2,239000
2006,3321,5,1,46,1,1,17318,3,South,2021,12,514000
2007,2233,3,2,11,1,2,6788,1,Central,2022,3,457000
2008,2972,5,5,41,1,2,11882,1,West,2022,9,444000
2009,1270,3,1,12,1,3,2943,1,North,2023,1,318000
2010,1691,2,1,49,1,3,4816,2,South,2021,10,282000
2011,1347,2,1,48,1,0,5557,1,East,2022,11,241000
2012,1008,2,2,5,1,1,5128,1,Central,2023,5,322000
2013,3750,5,4,43,1,0,15720,3,South,2022,4,691000
2014,1346,2,2,40,0,2,4989,1,South,2022,1,170000
2015,2204,3,3,3,1,2,6117,1,Central,2023,2,504000
2016,2011,4,4,24,1,1,7111,2,North,2021,4,413000
2017,2137,4,2,2,1,3,9693,2,East,2022,9,546000
2018,2581,5,5,39,1,2,9174,2,East,2021,6,653000
2019,1305,3,2,3,1,3,4335,1,North,2022,4,334000
2020,2492,3,2,2,0,0,14314,1,North,2023,1,440000
2021,3818,5,5,9,1,1,11209,3,South,2023,6,777000
2022,2364,4,4,21,1,1,12455,2,North,2022,6,439000
2023,3848,5,2,40,1,0,14509,3,East,2021,5,876000
2024,1126,1,1,49,1,2,5601,1,West,2021,6,140000
2025,1942,3,1,12,0,0,7056,2,West,2023,1,321000
2026,1072,2,1,2,0,2,3125,1,East,2022,11,257000
2027,2579,4,3,33,1,0,14985,1,South,2021,2,429000
2028,4023,5,5,20,1,1,17333,1,North,2022,4,835000
2029,1548,3,2,12,1,3,8424,2,South,2022,9,333000
2030,1717,2,1,5,1,3,4506,2,East,2022,10,476000
2031,1443,2,1,16,0,2,7880,1,Central,2022,2,250000
2032,2123,3,2,5,1,3,10125,2,South,2021,6,412000
2033,1799,2,1,34,1,2,10217,1,East,2021,10,342000
2034,4428,5,4,19,1,2,11871,2,West,2022,7,701000
2035,2395,3,1,42,1,3,5886,2,West,2021,2,308000
2036,1958,4,4,19,1,1,11159,2,Central,2023,6,507000
2037,1259,3,2,3,1,1,4255,1,North,2022,8,315000
2038,1560,3,2,40,0,2,4251,2,North,2023,3,306000
2039,1051,1,1,20,1,1,4140,1,South,2022,9,171000
2040,1141,1,1,3,1,1,3225,1,North,2021,12,244000
2041,2606,4,4,24,1,0,14448,1,East,2021,6,617000
2042,1750,3,2,6,1,2,6991,1,Central,2021,6,446000
2043,1863,3,2,40,1,2,5874,1,West,2021,9,236000
2044,1102,2,1,13,1,2,3584,1,North,2022,11,256000
2045,2678,4,3,32,1,3,8817,2,North,2021,5,584000
2046,3117,5,1,2,0,2,8286,1,Central,2023,2,694000
2047,1056,1,1,9,0,2,4647,1,East,2022,4,268000
2048,3279,5,4,49,0,3,6671,1,Central,2021,12,558000
2049,2378,3,1,37,1,3,13395,2,West,2022,3,322000
2050,1571,2,1,3,0,2,3166,1,Central,2021,4,294000
2051,1678,3,2,4,1,2,6532,1,Central,2023,6,468000
2052,1782,3,1,5,0,2,8921,2,East,2022,4,450000
2053,1543,2,2,26,1,2,3249,2,West,2023,1,267000
2054,4006,5,5,34,1,1,15674,2,East,2021,9,954000
2055,2976,4,1,33,1,2,16774,1,South,2022,4,460000
2056,2373,4,1,17,0,1,10096,2,South,2021,6,354000
2057,2178,3,3,37,0,0,5783,2,South,2021,2,247000
2058,2379,3,3,12,1,2,5481,1,North,2021,3,453000
2059,2194,3,2,2,1,3,7507,2,North,2022,5,475000
2060,2060,3,1,20,1,0,8960,2,East,2023,5,487000
2061,1597,2,1,47,1,1,6074,1,Central,2023,1,273000
2062,2179,4,3,36,1,2,12869,2,East,2022,12,451000
2063,3159,5,4,21,0,2,11494,2,East,2023,5,725000
2064,2251,4,1,26,1,1,4646,1,South,2021,1,357000
2065,1539,3,1,46,1,0,6356,2,North,2021,3,216000
2066,2831,5,2,11,0,2,14058,1,West,2021,4,472000
2067,1542,3,2,5,1,3,5039,1,Central,2022,4,383000
2068,1223,3,2,49,1,0,3007,1,South,2021,11,181000
2069,1054,2,1,41,1,1,4454,1,East,2022,10,232000
2070,2051,4,3,5,0,2,7704,1,West,2021,12,332000
2071,2570,5,4,13,1,1,8203,2,North,2021,12,639000
2072,2081,3,1,10,1,1,12294,2,South,2022,12,391000
2073,1352,3,1,2,0,2,3957,1,West,2022,2,248000
2074,3147,5,1,48,0,3,11780,2,West,2022,4,439000
2075,2811,5,1,9,1,1,7926,2,North,2022,4,601000
2076,3316,4,1,42,1,2,12484,1,South,2023,6,488000
2077,1181,2,2,3,1,1,4859,1,West,2021,10,252000
2078,2206,4,2,19,1,3,7501,2,South,2022,5,417000
2079,3558,5,2,1,1,0,13526,3,Central,2021,9,878000
2080,2861,4,3,34,1,2,9148,2,North,2022,1,565000
2081,1419,3,1,21,1,3,7080,1,North,2021,4,291000
2082,975,2,1,25,1,3,4613,1,South,2021,2,189000
2083,1918,3,3,2,1,2,6493,1,Central,2022,3,439000
2084,3973,5,3,3,1,1,18348,3,West,2022,4,693000
2085,2063,3,1,2,0,2,7114,2,Central,2023,1,495000
2086,1639,3,2,4,1,1,4041,1,East,2021,11,426000
2087,958,1,1,25,1,2,2349,1,Central,2023,6,260000
2088,1978,4,2,20,1,2,8954,2,Central,2021,11,426000
2089,3352,5,5,24,1,3,13880,3,South,2021,9,592000
2090,1894,4,3,19,1,2,11054,2,Central,2022,12,461000
2091,2579,5,1,4,1,2,7880,1,Central,2022,9,635000
2092,4161,5,3,3,1,3,21514,1,Central,2023,3,933000
2093,992,1,1,2,1,3,4368,1,Central,2022,9,324000
2094,2230,4,3,40,0,2,7941,2,West,2023,3,339000
2095,1508,2,2,24,1,2,8558,1,Central,2022,6,309000
2096,3020,5,2,3,1,2,8977,1,East,2022,8,733000
2097,1994,3,1,3,1,1,8490,2,West,2021,2,357000
2098,2074,4,3,42,1,1,5650,1,South,2023,3,330000
2099,3095,5,4,33,1,2,12118,2,West,2022,12,515000
2100,2168,3,2,27,1,1,8476,2,West,2022,5,344000
2101,4478,6,4,9,0,2,17614,2,West,2021,5,702000
2102,2411,4,1,4,1,2,7107,2,Central,2022,12,533000
2103,942,1,1,49,0,2,4296,1,East,2022,2,190000
2104,2061,4,4,36,1,0,4776,1,East,2022,5,443000
2105,3431,5,1,5,0,0,9912,2,North,2022,10,633000
2106,2430,4,1,40,1,1,7524,2,North,2022,5,401000
2107,3086,4,4,34,0,1,11789,3,West,2022,6,467000
2108,4168,6,3,4,1,3,14491,1,East,2023,5,1056000
2109,1092,2,1,11,1,1,6125,1,North,2023,1,278000
2110,3830,5,2,3,0,1,8773,3,South,2022,12,740000
2111,1519,2,1,2,1,0,8246,2,South,2022,6,279000
2112,1387,2,1,31,1,2,6218,1,West,2021,2,147000
2113,1413,2,1,4,1,2,8069,1,West,2021,8,260000
2114,2655,5,2,38,1,1,13338,1,North,2021,1,480000
2115,1664,2,1,50,1,3,8869,1,West,2023,4,244000
2116,1361,3,2,2,1,3,5275,1,South,2021,6,320000
2117,1706,3,2,14,1,1,5959,2,West,2021,10,329000
2118,2431,3,2,37,1,2,10624,1,North,2023,2,435000
2119,1251,3,2,36,1,2,5848,1,Central,2022,8,237000
2120,3232,4,2,34,1,1,17431,2,North,2023,5,604000
2121,2587,5,3,5,1,3,7460,2,West,2021,5,514000
2122,2117,3,2,13,0,1,10419,2,East,2021,8,452000
2123,4162,5,2,22,1,2,21875,3,North,2022,11,903000
2124,1777,2,1,49,1,2,3841,1,North,2022,11,280000
2125,3541,5,1,5,1,2,18115,2,South,2023,1,742000
2126,1854,3,2,45,0,3,10516,1,Central,2021,1,350000
2127,2325,3,2,4,0,1,7660,1,North,2021,1,380000
2128,1348,3,1,50,1,1,2762,1,West,2022,7,206000
2129,2950,4,3,28,1,2,9282,2,West,2021,8,453000
2130,2137,3,1,13,1,1,10594,2,South,2021,8,347000
2131,1435,3,2,24,1,0,5384,1,North,2021,11,228000
2132,1524,3,3,4,0,2,5363,1,Central,2021,5,324000
2133,1763,3,2,4,1,1,7408,1,South,2022,7,295000
2134,1973,3,3,2,1,1,6190,1,North,2022,5,426000
2135,2882,5,4,2,1,1,9482,1,West,2023,4,560000
2136,3440,5,2,5,1,0,14685,3,South,2021,5,544000
2137,1189,1,1,34,0,2,5096,1,East,2023,3,210000
2138,2897,4,4,23,0,0,9006,1,North,2021,11,536000
2139,1318,3,1,2,1,3,7515,1,Central,2022,12,380000
2140,3294,4,3,40,1,1,10414,2,East,2021,11,612000
2141,2847,5,3,23,1,2,7125,1,Central,2023,3,690000
2142,2296,3,1,48,0,3,10632,1,South,2022,12,296000
2143,3113,4,1,28,0,1,17055,1,South,2021,1,440000
2144,1654,3,2,3,1,2,3990,2,Central,2023,4,471000
2145,2409,4,3,14,1,3,6116,2,South,2021,7,461000
2146,3147,5,3,26,1,1,13973,3,East,2022,9,714000
2147,2263,4,2,1,0,3,6761,2,North,2022,10,473000
2148,1943,3,1,1,1,0,10751,1,Central,2021,7,411000
2149,1668,2,1,2,1,1,3705,2,North,2021,2,376000
2150,2838,5,4,4,1,2,16789,2,West,2023,3,538000
2151,1697,2,1,11,1,1,6152,1,East,2023,5,435000
2152,1471,3,2,15,1,2,4335,1,North,2021,8,294000
2153,3195,4,3,2,1,3,11142,3,North,2022,6,690000
2154,2896,4,2,28,0,3,14959,2,Central,2023,5,658000
2155,1190,1,1,23,1,2,6553,1,West,2021,1,227000
2156,1158,2,1,4,1,3,4022,1,West,2021,7,227000
2157,1572,2,1,1,1,2,9085,2,East,2023,2,409000
2158,2218,3,1,2,1,1,7219,1,South,2022,1,367000
2159,2495,4,1,8,1,2,14040,2,West,2021,10,434000
2160,2654,4,2,3,1,2,11521,2,West,2021,7,496000
2161,1942,4,1,7,1,2,8091,1,West,2021,4,353000
2162,1684,3,2,25,0,2,7209,1,South,2023,4,338000
2163,2197,3,2,19,1,2,13160,2,Central,2021,9,447000
2164,3180,5,4,3,1,2,8349,2,North,2022,3,684000
2165,1745,2,1,5,0,3,4787,2,North,2023,1,453000
2166,4439,5,2,24,1,2,21376,3,Central,2021,8,939000
2167,1959,4,2,41,0,1,8575,1,West,2021,4,215000
2168,1217,3,1,33,1,2,6894,1,South,2021,6,192000
2169,2272,4,1,20,0,1,9318,1,West,2022,12,294000
2170,2316,4,2,6,1,3,9821,2,East,2022,8,575000
2171,2279,3,2,7,1,0,11521,2,North,2022,1,468000
2172,1301,2,2,42,1,1,4294,1,West,2023,3,242000
2173,1032,1,1,1,0,0,4007,1,South,2022,12,173000
2174,3110,5,1,50,0,0,14326,1,North,2021,1,458000
2175,986,1,1,27,1,2,4149,1,South,2023,3,204000
2176,2818,5,1,28,1,1,14408,1,East,2023,3,646000
2177,1472,3,2,1,1,3,7576,1,North,2021,10,362000
2178,1986,3,1,23,0,2,11790,1,Central,2022,7,379000
2179,2259,4,3,15,1,1,8720,1,East,2022,6,512000
2180,2411,3,1,2,0,2,13882,1,South,2022,10,360000
2181,1937,4,3,4,1,2,5792,1,West,2023,5,415000
2182,1030,2,1,43,1,2,4482,1,Central,2023,1,234000
2183,1586,2,1,19,1,2,6146,1,West,2022,7,214000
2184,2320,4,2,10,1,1,6676,2,South,2021,4,374000
2185,2449,3,1,2,1,2,11179,2,North,2023,3,500000
2186,4470,5,3,31,1,1,18156,3,Central,2022,9,964000
2187,3257,5,4,30,1,2,9735,1,South,2022,7,523000
2188,3202,5,4,24,1,3,12005,1,North,2022,5,633000
2189,3435,4,1,17,1,1,12157,1,West,2022,12,477000
2190,2140,4,3,11,1,2,4513,1,North,2022,1,440000
2191,995,2,1,22,0,1,3978,1,Central,2022,8,208000
2192,4162,5,4,3,0,0,17803,2,Central,2023,5,928000
2193,2287,4,2,46,0,2,9135,1,West,2022,8,267000
2194,2034,4,4,22,0,2,10661,1,Central,2022,4,394000
2195,1420,3,2,5,0,2,8122,1,East,2021,8,304000
2196,1971,3,2,12,1,1,11637,2,West,2021,5,343000
2197,1619,3,1,37,0,3,8360,1,West,2022,12,259000
2198,2872,4,3,3,1,0,14406,2,North,2021,7,624000
2199,1917,3,1,4,1,1,9095,1,Central,2022,10,454000
2200,1785,2,2,28,0,3,5657,2,Central,2022,8,376000
2201,4474,5,2,5,0,3,26771,1,Central,2021,5,883000
2202,1119,1,1,36,0,2,5200,1,West,2023,6,144000
2203,1950,4,3,2,0,3,7360,1,East,2023,5,512000
2204,1397,3,1,34,1,1,3579,1,South,2022,5,210000
2205,2697,5,2,2,1,1,9706,2,North,2022,6,627000
2206,3732,5,4,1,0,3,21573,3,North,2021,2,862000
2207,1040,1,1,43,1,3,5802,1,South,2022,9,194000
2208,2659,5,5,22,0,1,13075,2,East,2022,8,649000
2209,979,2,1,6,1,0,5759,1,West,2021,5,163000
2210,3803,6,3,3,1,0,18869,3,South,2022,6,779000
2211,3365,5,1,24,1,1,15967,2,East,2021,8,684000
2212,3308,5,3,17,1,2,6843,1,South,2023,6,566000
2213,1003,2,1,50,0,2,3777,1,West,2023,4,154000
2214,4020,6,6,49,1,2,11759,1,Central,2022,12,893000
2215,3290,4,2,25,1,2,8974,3,West,2022,11,557000
2216,2153,4,3,12,1,3,12483,2,North,2022,8,506000
2217,3356,5,4,15,0,0,12145,3,East,2023,5,771000
2218,1439,2,1,29,1,2,3728,1,West,2022,7,221000
2219,2539,5,5,2,1,3,10326,1,East,2022,2,765000
2220,1577,2,2,5,1,1,5334,1,Central,2021,8,341000
2221,2845,4,3,2,0,3,10080,1,North,2023,6,625000
2222,2498,4,3,2,1,2,5152,1,South,2022,8,427000
2223,1532,2,1,3,0,0,6870,1,South,2021,4,203000
2224,1034,2,2,15,1,1,4842,1,West,2022,10,222000
2225,1511,3,2,36,1,2,7481,1,East,2021,2,268000
2226,1986,3,2,15,1,2,7351,1,North,2022,3,402000
2227,1758,2,2,5,1,2,4367,1,South,2021,7,357000
2228,1767,3,3,2,1,1,6776,1,East,2021,2,463000
2229,1085,2,1,19,1,2,3556,1,Central,2021,10,208000
2230,1539,3,3,4,0,1,6673,2,South,2022,3,280000
2231,3329,4,2,24,1,1,17845,2,North,2023,5,666000
2232,1069,1,1,49,1,1,6231,1,East,2022,4,222000
2233,4239,5,1,2,0,2,24511,3,South,2022,7,746000
2234,2949,4,2,3,1,0,11115,2,East,2022,3,661000
2235,1645,2,2,14,0,1,5118,1,East,2021,7,339000
2236,2021,4,2,48,1,1,9195,2,West,2021,2,287000
2237,2874,4,1,35,1,1,12112,1,Central,2023,2,623000
2238,1592,2,1,43,1,1,7747,2,South,2021,8,246000
2239,1143,2,1,5,1,2,4984,1,Central,2022,7,275000
2240,1354,3,3,50,0,2,7291,1,Central,2021,3,211000
2241,3126,4,2,2,1,2,13167,3,South,2023,5,600000
2242,1191,1,1,2,0,2,5576,1,North,2022,2,259000
2243,2371,3,2,41,1,0,14057,1,Central,2022,8,349000
2244,4267,6,5,45,1,3,19991,2,West,2021,3,657000
2245,3303,5,3,2,1,1,10624,2,South,2022,8,573000
2246,2060,3,1,2,0,2,8197,2,East,2023,2,507000
2247,1139,1,1,1,1,3,5521,1,East,2021,9,299000
2248,3047,4,3,2,1,2,15415,2,North,2022,7,650000
2249,1845,4,2,3,1,1,8787,1,West,2022,2,362000
2250,1216,3,1,48,0,1,6354,1,West,2022,5,169000
2251,1380,2,1,28,1,0,4772,1,Central,2021,2,270000
2252,4426,6,3,35,0,2,21982,1,East,2022,4,935000
2253,2456,3,1,35,1,2,8239,2,East,2022,10,460000
2254,2699,4,3,18,1,2,12163,1,West,2022,1,490000
2255,2877,4,2,36,0,0,7387,2,South,2022,12,455000
2256,2295,3,1,23,0,3,9378,1,West,2022,9,330000
2257,2185,4,3,5,1,2,11977,1,West,2022,7,360000
2258,2052,4,2,20,1,1,11865,1,Central,2023,2,474000
2259,2073,4,2,18,0,1,4421,2,West,2022,2,337000
2260,2388,3,2,38,1,2,9107,1,West,2023,5,314000
2261,2789,5,5,49,1,2,13367,1,North,2023,6,567000
2262,2397,3,1,10,1,1,5024,2,Central,2023,4,500000
2263,2892,5,2,34,0,0,6733,1,South,2021,9,356000
2264,2115,4,1,2,0,2,5836,2,Central,2021,10,447000
2265,2141,4,1,35,1,1,4671,1,East,2023,4,426000
2266,2029,4,1,7,1,1,8976,1,North,2021,10,384000
2267,1766,3,3,1,1,3,6699,1,Central,2022,8,468000
2268,3337,4,3,6,1,2,7539,3,West,2021,3,520000
2269,1104,1,1,24,1,2,2775,1,West,2021,5,192000
2270,2421,3,2,2,0,2,5875,1,North,2022,7,389000
2271,1519,2,1,45,1,2,5396,1,Central,2021,12,237000
2272,1742,2,1,2,1,2,5172,2,East,2021,3,436000
2273,2494,4,2,46,1,3,9476,2,East,2021,2,502000
2274,1857,3,2,30,1,1,3922,2,Central,2021,4,389000
2275,3554,5,1,5,1,1,20346,1,West,2021,12,560000
2276,2257,4,2,8,1,0,8879,2,North,2021,9,441000
2277,2993,5,4,33,0,2,17291,1,East,2022,11,621000
2278,2496,3,1,23,1,2,14345,1,West,2021,6,338000
2279,1981,3,2,28,1,1,5740,1,Central,2022,3,407000
2280,1467,3,2,8,1,1,6273,1,South,2023,3,338000
2281,1005,2,1,15,1,1,5283,1,West,2021,6,186000
2282,2329,4,1,50,1,1,11839,2,West,2021,11,296000
2283,2467,4,4,3,1,3,6035,2,North,2021,12,518000
2284,1428,2,2,10,1,2,8445,1,North,2023,6,320000
2285,1027,1,1,4,1,0,5032,1,East,2022,4,292000
2286,1191,2,1,34,1,1,3194,1,West,2021,8,133000
2287,3586,5,5,34,1,0,8383,3,East,2021,1,920000
2288,2382,3,1,4,1,2,9272,1,Central,2023,1,479000
2289,1765,3,2,2,1,2,6914,2,West,2021,4,371000
2290,1179,1,1,1,1,3,2369,1,West,2022,6,238000
2291,2061,4,4,11,0,2,11429,1,North,2023,2,440000
2292,1425,3,1,10,1,2,6774,1,North,2021,2,298000
2293,1050,1,1,50,1,3,4478,1,West,2022,6,180000
2294,2451,3,2,14,0,2,13028,2,West,2022,5,348000
2295,1347,2,1,4,0,1,5545,1,East,2021,5,265000
2296,993,1,1,43,0,2,4093,1,East,2021,12,143000
2297,1127,1,1,15,1,2,2404,1,West,2022,5,191000
2298,1361,2,1,23,1,2,5766,1,North,2021,11,260000
2299,1257,2,2,2,0,1,5950,1,West,2021,6,207000
2300,1628,3,2,8,1,1,6524,1,East,2023,5,461000
2301,2925,5,1,47,0,1,17289,1,West,2021,8,382000
2302,1655,2,1,22,1,0,6123,1,East,2021,1,320000
2303,2006,3,2,5,1,3,11501,2,West,2021,5,423000
2304,1414,2,2,25,1,2,5745,1,South,2021,6,255000
2305,3883,5,2,44,1,2,9686,3,South,2022,10,689000
2306,1842,3,3,4,1,2,6948,1,South,2023,1,413000
2307,1295,2,1,16,1,2,3620,1,West,2022,5,222000
2308,1684,3,1,48,0,3,6026,1,East,2023,4,380000
2309,1283,2,1,3,1,1,4290,1,North,2021,7,314000
2310,1830,3,2,31,1,2,6688,2,Central,2022,5,407000
2311,1629,2,2,24,1,1,9345,1,East,2022,12,388000
2312,2827,5,2,28,1,3,11023,1,North,2023,5,595000
2313,1702,3,3,6,0,3,5932,1,West,2022,1,321000
2314,3360,4,3,5,1,3,19273,1,West,2021,6,509000
2315,4232,6,6,29,1,0,18013,3,East,2021,4,966000
2316,1565,2,2,3,0,1,5940,2,West,2022,12,266000
2317,1243,2,1,10,1,1,3696,1,North,2021,12,255000
2318,2411,4,3,3,1,2,13636,1,South,2023,5,445000
2319,1750,2,1,1,1,2,9035,2,North,2021,6,360000
2320,1741,3,2,48,0,1,5505,2,South,2022,5,258000
2321,3540,6,2,11,1,2,18562,3,East,2023,3,1019000
2322,2794,4,2,48,1,1,9147,2,East,2023,1,666000
2323,2450,4,3,2,0,3,12201,2,East,2022,11,548000
2324,2084,4,3,22,1,1,9493,2,East,2021,5,486000
2325,3213,5,5,3,1,1,17842,1,South,2021,9,551000
2326,4352,5,1,36,1,2,17084,1,North,2021,3,801000
2327,2643,4,3,36,1,2,12252,1,South,2023,6,466000
2328,1380,2,1,2,1,0,4712,1,South,2021,5,245000
2329,2060,3,2,44,0,3,4218,2,West,2022,12,309000
2330,1530,2,1,3,1,2,3299,2,Central,2021,9,357000
2331,905,1,1,24,1,3,2998,1,West,2021,8,215000
2332,981,1,1,50,0,3,5199,1,West,2021,10,100000
2333,1620,3,2,42,1,2,8091,1,South,2021,3,295000
2334,1863,3,2,47,1,3,8577,1,West,2023,1,323000
2335,1120,1,1,5,1,3,5543,1,West,2022,1,246000
2336,2456,3,2,2,1,3,10296,2,North,2022,1,540000
2337,1754,3,2,3,1,3,3688,1,Central,2023,6,479000
2338,2162,4,1,16,0,3,8998,1,North,2021,8,389000
2339,1523,2,1,36,1,2,4996,1,East,2022,7,287000
2340,2141,4,2,3,1,1,7068,1,East,2021,6,448000
2341,2934,4,3,27,1,3,11120,1,Central,2022,3,647000
2342,1013,2,1,5,1,2,2881,1,Central,2022,4,310000
2343,1195,2,2,5,1,1,4705,1,Central,2022,3,303000
2344,1844,4,1,27,1,1,5841,2,East,2023,2,499000
2345,3809,5,4,14,0,2,13099,1,West,2022,1,623000
2346,1725,3,1,37,0,2,6711,2,North,2023,3,323000
2347,1649,3,2,3,0,0,4280,2,East,2022,8,469000
2348,1845,3,1,36,1,1,7574,2,Central,2022,3,406000
2349,2030,4,3,2,0,2,5301,2,East,2021,5,502000
2350,1554,3,1,3,1,1,8958,2,North,2022,4,343000
2351,2413,3,1,27,0,2,4984,1,South,2022,3,328000
2352,4138,5,2,40,1,2,13014,2,East,2022,4,906000
2353,2069,3,2,4,1,2,7198,1,South,2021,4,363000
2354,2565,5,1,5,1,1,13227,1,South,2022,11,485000
2355,2614,4,3,18,1,0,12914,1,South,2022,8,474000
2356,1411,3,1,3,0,2,8106,1,South,2022,6,288000
2357,4112,5,4,37,1,2,13207,3,North,2022,12,840000
2358,1448,3,3,35,0,1,4313,1,Central,2021,10,253000
2359,1617,2,1,2,1,1,5860,1,West,2022,2,305000
2360,1547,3,1,13,1,3,3179,2,West,2021,1,308000
2361,1427,3,1,35,1,3,6684,1,West,2021,12,212000
2362,2189,4,2,5,1,2,8126,1,South,2021,7,401000
2363,1147,1,1,25,1,0,5416,1,Central,2022,12,208000
2364,2336,3,2,2,1,1,5742,1,Central,2021,11,413000
2365,1748,2,1,23,1,1,5896,1,North,2022,2,313000
2366,1198,2,2,3,1,1,4153,1,North,2023,1,305000
2367,1339,2,1,39,1,2,4726,1,West,2021,12,141000
2368,1602,2,1,6,0,2,6002,1,South,2022,10,334000
2369,2230,4,4,4,1,1,6520,2,Central,2022,3,515000
2370,2862,4,1,39,1,3,8981,2,West,2021,10,448000
2371,1847,4,2,2,0,2,8899,2,South,2023,2,425000
2372,3085,4,3,9,1,2,11605,3,East,2023,2,771000
2373,2027,4,1,7,1,3,9359,2,West,2021,3,450000
2374,1792,3,1,4,1,2,3906,1,North,2022,9,471000
2375,2281,4,2,44,1,3,4940,1,Central,2022,1,452000
2376,1584,2,1,33,1,1,8422,1,North,2023,3,254000
2377,1688,2,1,2,0,1,5642,2,Central,2022,7,429000
2378,3037,5,1,31,0,2,9728,3,North,2021,8,534000
2379,1970,3,1,18,1,2,11417,2,West,2021,9,352000
2380,2570,4,1,44,1,1,10832,2,North,2022,12,464000
2381,3477,5,2,5,1,2,8870,2,East,2022,10,752000
2382,3039,4,3,21,1,0,13690,3,West,2022,7,519000
2383,4058,6,1,16,0,2,8491,3,North,2022,3,863000
2384,2120,3,3,15,1,2,11652,2,East,2023,3,494000
2385,2406,3,2,13,0,2,10304,2,South,2022,10,387000
2386,2120,3,3,3,0,2,10021,1,East,2022,9,480000
2387,2168,4,4,34,1,3,12373,2,East,2022,6,512000
2388,1621,3,3,13,0,1,5734,2,West,2022,5,301000
2389,2900,4,4,48,1,3,12840,2,North,2021,4,581000
2390,2495,4,3,4,0,0,8061,1,North,2022,3,449000
2391,2082,4,3,29,0,2,6179,1,East,2022,12,430000
2392,944,2,1,46,1,2,3538,1,Central,2021,10,221000
2393,2251,3,1,27,1,3,7637,2,Central,2023,2,474000
2394,1296,2,1,42,0,2,6200,1,East,2022,2,219000
2395,2883,4,2,39,1,3,16094,2,Central,2023,3,668000
2396,1860,4,4,6,1,0,9853,2,Central,2021,6,483000
2397,916,2,1,23,1,3,5296,1,South,2022,9,212000
2398,1265,2,1,3,0,1,7186,1,North,2021,5,224000
2399,2408,4,3,18,1,0,6985,2,South,2022,8,434000
2400,1670,3,2,3,1,1,7718,1,South,2021,4,330000
2401,1954,4,2,33,0,2,5558,1,West,2023,2,303000
2402,1146,1,1,18,0,2,3289,1,East,2022,5,246000
2403,2351,4,4,10,1,1,7456,2,East,2022,5,563000
2404,2273,3,1,4,0,1,5819,2,North,2023,2,482000
2405,2244,3,3,50,1,2,5966,2,West,2021,7,297000
2406,1707,2,1,2,0,3,5891,1,East,2022,2,480000
2407,2391,3,2,1,1,2,12157,2,East,2023,2,545000
2408,1495,3,1,3,1,2,8469,1,Central,2021,1,325000
2409,4253,6,3,48,0,2,10160,3,South,2021,11,695000
2410,2375,3,2,49,1,2,5114,1,South,2021,9,278000
2411,1941,4,1,27,1,3,9546,2,West,2023,2,388000
2412,1036,1,1,42,0,2,3048,1,Central,2023,4,190000
2413,1646,3,2,3,1,2,3717,2,North,2022,9,410000
2414,1260,3,2,49,1,3,6366,1,West,2021,1,152000
2415,2160,3,3,2,1,3,6884,2,Central,2022,7,515000
2416,3847,6,4,2,0,1,17585,1,East,2021,3,946000
2417,2434,4,4,2,1,2,6659,2,South,2021,3,425000
2418,1558,3,2,21,1,2,4812,2,West,2023,3,318000
2419,1079,2,1,35,1,2,4903,1,South,2021,1,181000
2420,2451,4,1,7,1,2,12582,2,South,2021,1,409000
2421,1375,3,1,49,0,2,6218,1,Central,2021,2,182000
2422,1390,2,1,11,1,1,6728,1,East,2022,5,317000
2423,3147,5,5,3,1,1,11346,2,North,2023,5,698000
2424,1787,2,2,14,0,3,5345,2,South,2022,12,366000
2425,1038,2,1,28,0,2,4598,1,West,2022,4,138000
2426,3565,6,3,39,0,3,18116,3,East,2022,7,942000
2427,1368,3,1,13,1,3,6728,1,West,2021,8,231000
2428,3538,5,1,22,1,2,10753,2,West,2023,6,643000
2429,1901,3,2,4,1,3,5411,2,East,2021,4,476000
2430,2707,4,2,26,1,1,15236,2,Central,2023,5,609000
2431,1645,2,1,50,1,2,7962,1,Central,2022,6,322000
2432,3311,4,2,1,1,2,6862,2,North,2023,5,672000
2433,3705,5,2,43,0,2,17805,3,South,2021,6,668000
2434,942,1,1,20,0,1,5173,1,South,2023,1,201000
2435,3824,5,3,4,0,1,18726,2,North,2022,2,849000
2436,1918,4,4,47,1,1,10493,1,South,2021,7,309000
2437,2128,4,2,15,1,2,8884,2,East,2022,5,511000
2438,2008,3,2,5,1,3,9932,1,North,2022,10,473000
2439,2435,4,2,3,1,3,9699,2,North,2021,9,489000
2440,1456,2,2,3,1,1,3877,1,North,2021,3,336000
2441,2085,4,2,39,1,1,6806,2,North,2022,8,375000
2442,1860,4,2,24,1,0,5963,2,East,2022,7,423000
2443,2538,4,2,44,0,1,12054,2,South,2022,5,385000
2444,3272,5,2,3,1,3,11471,1,Central,2022,11,678000
2445,2263,3,1,2,1,3,11213,1,North,2023,2,445000
2446,1796,2,1,1,0,1,3957,1,Central,2021,2,368000
2447,1192,1,1,16,0,1,5147,1,North,2021,8,210000
2448,1265,3,1,50,1,1,7312,1,West,2021,7,146000
2449,948,2,1,29,1,1,2695,1,South,2021,7,137000
2450,2487,3,3,5,1,3,9926,2,Central,2021,11,504000
2451,1571,2,1,42,0,2,3229,1,North,2021,2,215000
2452,3840,6,2,35,1,2,16742,1,Central,2023,1,870000
2453,1880,3,2,1,1,2,11043,2,North,2022,6,442000
2454,1728,2,1,38,1,1,9590,2,South,2021,4,235000
2455,2419,3,1,5,1,1,14220,1,East,2022,10,472000
2456,1276,2,1,2,1,0,7447,1,West,2021,7,198000
2457,2048,4,3,3,0,2,11559,1,Central,2021,8,437000
2458,2010,3,1,14,1,3,4845,1,East,2022,10,479000
2459,2362,4,4,11,1,2,13164,1,West,2022,11,394000
2460,2051,3,2,4,1,0,5987,1,West,2021,6,315000
2461,4417,6,1,3,1,2,19906,2,East,2021,6,1014000
2462,3480,5,4,34,1,0,11053,3,West,2022,5,491000
2463,1996,4,3,50,1,1,8804,2,North,2023,6,434000
2464,1948,3,2,35,1,2,9189,2,East,2021,9,409000
2465,1792,3,2,4,1,2,7522,2,West,2022,10,382000
2466,1408,2,1,3,0,3,4870,1,East,2021,10,287000
2467,2309,4,4,3,1,2,5552,1,Central,2023,6,535000
2468,1409,2,2,2,1,1,4240,1,Central,2022,1,330000
2469,1977,3,1,19,1,1,6018,1,Central,2021,9,416000
2470,2417,4,3,23,1,1,8786,2,North,2022,11,449000
2471,1431,3,2,30,1,1,8559,1,South,2022,12,268000
2472,3774,6,4,28,1,1,13128,2,North,2021,12,823000
2473,4321,6,2,4,1,2,12645,2,Central,2023,1,1025000
2474,2585,5,2,5,1,1,6770,1,South,2021,10,458000
2475,2345,3,1,28,1,3,7965,2,South,2023,2,415000
2476,2935,4,3,5,1,2,10820,1,South,2021,10,468000
2477,980,2,1,3,0,1,2458,1,North,2022,5,238000
2478,2941,4,3,7,1,2,10616,2,South,2021,6,563000
2479,1516,3,1,4,1,2,6067,2,North,2022,3,389000
2480,3343,4,4,2,0,2,11963,1,South,2022,6,562000
2481,1084,2,1,39,1,0,5507,1,Central,2022,5,199000
2482,3059,5,1,40,1,3,8097,1,West,2022,12,458000
2483,3801,5,3,3,1,0,19094,2,West,2022,9,719000
2484,1228,3,3,2,0,3,6809,1,East,2023,5,375000
2485,1706,2,1,32,1,0,5832,1,Central,2021,6,331000
2486,3582,6,3,3,1,2,14301,1,Central,2021,10,889000
2487,1936,4,3,9,1,2,9645,2,Central,2021,10,497000
2488,3177,5,4,2,1,2,13780,1,North,2023,3,702000
2489,1903,4,3,3,1,0,6158,1,Central,2022,3,438000
2490,1914,3,1,36,1,1,5972,1,South,2023,4,325000
2491,1356,2,2,37,1,2,2913,1,South,2022,11,240000
2492,1517,3,2,3,0,3,3397,2,South,2023,1,362000
2493,3235,4,2,5,1,2,13769,1,West,2022,12,505000
2494,2037,4,4,2,1,1,8193,1,East,2022,4,534000
2495,1771,3,2,2,1,0,9093,2,North,2023,4,421000
2496,2307,3,1,50,1,2,5718,2,West,2021,3,279000
2497,2055,3,2,27,1,1,11538,1,East,2022,4,428000
2498,2860,5,5,19,1,0,13179,1,North,2021,11,598000
2499,3958,6,2,34,1,2,9333,1,East,2021,1,885000
2500,1644,2,2,39,1,2,5503,2,East,2022,2,409000
2501,3245,4,2,37,1,0,12928,1,North,2022,2,523000
2502,3391,4,1,1,0,1,19434,1,North,2022,7,589000
2503,1962,4,4,3,0,2,4212,2,Central,2022,2,496000
2504,4130,5,3,27,1,0,12848,2,Central,2022,4,851000
2505,1345,3,3,7,1,3,4748,1,North,2022,8,378000
2506,1181,1,1,49,1,1,6820,1,East,2023,3,235000
2507,3155,4,2,27,1,0,7350,1,South,2022,8,451000
2508,2411,4,4,47,1,2,12867,2,East,2023,2,494000
2509,3471,4,3,3,0,2,17632,2,East,2021,9,737000
2510,2559,5,5,41,1,1,9701,1,North,2021,5,539000
2511,976,2,1,5,1,2,5452,1,South,2023,6,251000
2512,3188,5,3,50,1,0,10622,2,North,2021,1,518000
2513,2253,4,1,3,1,2,12149,1,East,2022,11,517000
2514,2016,4,3,17,1,1,6148,1,Central,2023,3,478000
2515,1973,4,2,36,1,2,4772,2,Central,2022,1,440000
2516,4026,5,4,11,1,2,11036,1,Central,2021,5,893000
2517,1595,3,2,14,1,2,4856,1,Central,2021,8,342000
2518,1764,2,1,50,1,2,10362,1,North,2022,4,297000
2519,1632,3,2,11,0,2,7717,2,West,2022,3,302000
2520,2647,5,4,23,1,2,10590,2,South,2022,9,573000
2521,2470,3,1,2,1,1,11192,1,Central,2022,6,474000
2522,1522,2,1,40,0,1,6694,1,Central,2023,6,223000
2523,1594,3,2,26,0,2,8234,2,East,2021,6,315000
2524,2401,4,1,9,1,2,11894,1,East,2021,7,482000
2525,2949,4,1,1,1,1,9269,1,South,2022,4,508000
2526,935,2,1,22,0,3,5557,1,South,2022,1,203000
2527,1029,1,1,1,1,2,3115,1,Central,2021,3,253000
2528,3569,5,5,1,1,2,16558,1,Central,2023,4,963000
2529,1141,1,1,24,1,0,6112,1,North,2022,7,209000
2530,4298,6,2,3,1,1,22317,3,South,2021,5,746000
2531,2261,3,2,3,0,2,5557,2,North,2021,11,421000
2532,2876,4,4,26,1,0,8273,1,Central,2023,1,604000
2533,1270,3,3,2,1,2,6249,1,Central,2022,9,297000
2534,1292,3,2,5,1,3,4976,1,East,2023,5,389000
2535,3473,5,2,2,1,2,7564,3,West,2023,5,630000
2536,3081,4,3,21,1,2,13494,2,West,2021,7,479000
2537,2534,4,1,27,1,2,9985,2,South,2021,1,476000
2538,1519,2,1,31,1,0,5642,2,Central,2022,7,277000
2539,2658,5,1,4,1,3,5538,1,East,2022,5,690000
2540,3196,5,3,2,0,3,8812,2,North,2022,6,651000
2541,2061,3,1,2,1,2,8636,1,South,2023,5,375000
2542,3472,5,3,11,0,0,9615,1,West,2023,3,510000
2543,2880,5,4,47,1,1,8600,1,South,2022,5,479000
2544,1981,4,1,3,1,1,7069,2,West,2022,8,369000
2545,1354,2,1,4,1,2,4469,1,Central,2021,1,263000
2546,2382,4,3,2,1,1,6334,2,West,2022,9,428000
2547,978,2,1,23,1,2,5472,1,West,2021,3,161000
2548,2188,4,3,28,1,2,11524,1,East,2021,7,454000
2549,1741,2,1,26,1,0,8148,1,South,2022,5,239000
2550,1442,2,1,41,1,2,2898,1,East,2021,3,253000
2551,1976,3,1,15,1,1,10288,2,South,2021,6,338000
2552,1307,2,1,2,1,3,4084,1,Central,2021,3,271000
2553,2822,4,4,4,1,1,13273,1,Central,2021,6,665000
2554,4166,5,4,27,1,1,13514,3,North,2022,2,862000
2555,1185,2,1,24,1,0,3609,1,Central,2021,8,217000
2556,3756,5,4,18,1,3,18973,1,West,2021,11,657000
2557,1717,2,1,29,0,2,5290,1,Central,2023,3,357000
2558,926,1,1,25,1,2,4803,1,East,2023,1,279000
2559,1090,2,1,42,1,0,4078,1,West,2023,3,136000
2560,2112,4,3,22,1,2,5271,2,East,2022,7,501000
2561,3031,4,3,35,1,1,10333,1,North,2021,4,493000
2562,2897,5,5,3,1,3,9066,1,North,2022,1,669000
2563,1475,3,2,28,1,3,4870,1,North,2022,3,338000
2564,1020,2,1,44,1,2,3433,1,South,2022,5,145000
2565,1869,4,1,8,1,3,4383,2,South,2021,3,386000
2566,1166,2,2,35,1,1,3252,1,West,2021,2,121000
2567,1356,2,1,31,0,1,7144,1,West,2021,6,145000
2568,1119,2,1,2,0,1,4163,1,Central,2022,2,275000
2569,3127,4,4,22,0,0,8160,3,South,2021,6,505000
2570,3793,5,2,2,1,3,8925,3,Central,2021,6,938000
2571,2311,3,3,48,0,0,9552,1,West,2022,12,195000
2572,4439,5,5,37,1,3,25548,2,East,2021,11,953000
2573,2103,4,4,2,1,2,11466,1,West,2023,2,449000
2574,1805,3,2,2,1,1,6209,1,West,2023,5,374000
2575,1025,2,1,22,0,0,2346,1,North,2023,1,208000
2576,1739,2,1,5,1,0,3539,2,West,2021,4,295000
2577,4374,6,3,1,1,1,20418,2,West,2022,9,711000
2578,1676,2,1,19,1,2,5183,1,Central,2021,7,391000
2579,2063,4,4,8,1,2,5219,1,Central,2021,7,455000
2580,1777,2,2,2,1,2,10432,2,West,2021,11,349000
2581,1355,2,2,37,1,2,4672,1,West,2022,3,181000
2582,2590,4,1,45,1,1,6644,2,Central,2021,5,530000
2583,2430,3,2,34,0,1,9537,1,Central,2023,3,423000
2584,2299,3,2,38,1,3,4658,2,Central,2023,3,448000
2585,2466,3,3,3,1,1,8896,1,West,2022,6,397000
2586,1928,3,1,4,1,1,8029,1,North,2023,6,403000
2587,1583,3,2,3,1,2,7209,2,Central,2021,10,354000
2588,1956,3,2,34,1,3,7906,2,South,2021,10,341000
2589,966,2,1,47,0,3,2990,1,East,2021,8,210000
2590,3064,4,2,31,1,1,16874,3,East,2022,5,675000
2591,3056,4,2,42,1,2,17390,1,South,2022,11,476000
2592,2798,5,4,25,1,0,13398,2,South,2021,7,517000
2593,1908,3,3,8,1,3,7163,1,Central,2023,3,475000
2594,2472,3,2,11,0,1,9599,1,West,2022,7,295000
2595,1061,1,1,2,1,1,2764,1,East,2021,7,265000
2596,3229,4,2,1,0,3,8888,2,West,2023,6,569000
2597,1553,3,2,29,1,3,5012,1,Central,2022,5,312000
2598,1779,3,1,12,1,2,8484,1,South,2021,9,346000
2599,1270,3,2,19,1,1,3476,1,East,2021,1,288000
2600,1420,2,1,20,1,2,6351,1,East,2023,1,367000
2601,1830,3,1,4,1,3,7237,1,Central,2021,4,479000
2602,1024,2,2,14,1,2,5883,1,South,2023,6,286000
2603,2706,5,3,14,0,1,13349,2,Central,2021,6,574000
2604,2412,4,3,8,1,1,7218,1,South,2021,12,341000
2605,1042,1,1,38,1,3,3779,1,North,2023,6,240000
2606,1843,4,1,13,1,2,4853,2,North,2022,12,455000
2607,1405,2,1,23,1,2,4200,1,East,2021,5,295000
2608,926,2,1,43,1,1,2424,1,West,2021,3,106000
2609,2870,4,1,41,1,2,10440,1,East,2021,2,556000
2610,1467,3,3,43,0,3,5567,1,South,2021,9,228000
2611,3087,5,4,4,1,1,17483,3,East,2021,9,788000
2612,1277,3,1,1,1,2,4748,1,Central,2021,7,306000
2613,1378,3,3,4,1,1,4362,1,Central,2021,2,342000
2614,3323,5,4,4,0,1,18370,1,West,2022,7,555000
2615,2165,3,1,44,1,2,7237,1,Central,2021,3,354000
2616,1032,2,1,26,0,3,4155,1,East,2022,7,254000
2617,2227,3,2,2,1,2,8985,1,North,2021,6,442000
2618,988,1,1,2,0,1,2464,1,South,2022,5,191000
2619,2568,4,3,3,1,1,11654,2,South,2023,2,584000
2620,1917,3,1,25,0,3,6079,1,East,2022,10,404000
2621,2908,4,2,32,1,1,10292,1,Central,2021,5,560000
2622,3235,5,5,41,1,3,19015,2,Central,2021,6,630000
2623,2337,3,2,46,0,1,10658,1,South,2021,10,249000
2624,3991,6,1,3,0,3,15290,1,East,2022,5,943000
2625,2139,4,4,5,0,3,6795,1,West,2022,9,391000
2626,3921,6,5,3,1,0,18601,2,Central,2022,2,916000
2627,1319,2,1,6,1,2,7785,1,North,2022,11,322000
2628,2444,4,3,45,1,1,7718,1,East,2022,3,419000
2629,2189,3,2,21,1,1,9693,1,Central,2022,3,456000
2630,1676,3,3,32,0,2,4651,2,Central,2023,3,437000
2631,1729,3,2,15,1,2,3962,1,South,2022,11,357000
2632,3496,5,4,1,1,1,12824,2,North,2022,4,662000
2633,1224,3,1,2,1,2,4144,1,East,2022,6,336000
2634,1557,3,1,19,1,1,8624,2,Central,2021,7,296000
2635,2576,4,1,31,1,0,6769,2,South,2021,1,411000
2636,2061,3,2,3,1,2,11264,1,Central,2021,7,476000
2637,3978,5,4,31,1,2,19534,3,South,2021,4,723000
2638,3197,4,3,37,0,2,17704,3,West,2022,5,457000
2639,4030,6,2,10,1,2,14650,1,West,2021,6,641000
2640,2853,5,3,33,0,3,8680,2,South,2022,9,495000
2641,1031,2,1,9,1,2,5422,1,South,2023,2,277000
2642,1464,3,3,28,1,0,8572,1,East,2021,9,251000
2643,3156,4,3,34,0,2,6369,1,Central,2021,2,566000
2644,2202,4,4,50,0,2,10452,1,North,2022,9,366000
2645,1086,1,1,5,1,2,3170,1,West,2022,9,193000
2646,2387,4,3,10,0,2,10971,1,West,2021,8,315000
2647,4490,5,1,3,1,1,25100,1,East,2023,6,992000
2648,1733,2,1,3,0,1,7945,2,Central,2022,5,430000
2649,2044,3,1,29,1,2,5798,2,West,2021,12,330000
2650,2115,3,2,45,1,1,5809,2,West,2021,3,261000
2651,956,1,1,9,0,2,2643,1,East,2021,8,264000
2652,2452,3,2,3,1,2,8796,1,West,2022,5,379000
2653,1728,2,1,4,1,2,9690,1,North,2022,3,387000
2654,1430,3,2,13,1,2,6928,1,Central,2023,6,358000
2655,2657,4,2,4,1,0,7507,1,North,2022,11,586000
2656,1912,3,2,3,0,3,4644,2,West,2022,7,354000
2657,2669,5,2,32,0,2,10144,1,West,2023,4,421000
2658,2666,5,4,1,1,2,5489,1,South,2021,9,516000
2659,1230,3,2,19,0,1,3657,1,North,2022,6,257000
2660,2327,3,1,36,1,0,5037,2,North,2021,4,372000
2661,1831,3,1,4,1,2,5180,1,South,2021,11,364000
2662,2855,4,3,23,1,1,13482,2,Central,2023,1,624000
2663,1431,2,1,28,1,1,4130,1,Central,2022,10,259000
2664,1891,3,1,27,1,1,5292,2,North,2021,4,387000
2665,2467,4,1,12,1,2,11389,2,South,2023,1,448000
2666,980,2,1,5,0,2,5078,1,Central,2022,9,266000
2667,1156,2,1,39,1,2,5385,1,South,2023,1,215000
2668,1802,4,1,34,1,3,9997,1,Central,2022,1,419000
2669,3151,5,3,5,0,1,7509,1,South,2022,5,528000
2670,2165,3,1,2,1,2,4466,2,West,2022,7,375000
2671,1882,4,2,2,1,1,6760,2,East,2022,9,524000
2672,1729,2,1,2,1,2,5391,1,North,2023,5,394000
2673,3141,5,2,22,0,2,16556,2,South,2021,4,524000
2674,1210,3,2,2,1,1,3182,1,West,2022,7,250000
2675,3130,4,2,5,1,1,11560,1,South,2021,10,517000
2676,1446,2,1,33,1,3,6002,1,West,2023,4,244000
2677,1696,3,1,4,1,1,9285,1,South,2021,12,312000
2678,1414,2,1,34,0,2,7756,1,East,2021,3,260000
2679,1556,3,3,33,1,3,4494,1,East,2022,10,360000
2680,1773,2,1,3,1,2,7294,1,East,2021,6,427000
2681,1506,2,2,32,1,2,7187,2,North,2021,1,314000
2682,3465,4,3,33,0,3,19604,2,East,2022,6,701000
2683,1494,3,2,9,1,1,6839,1,West,2023,1,278000
2684,1758,3,3,3,0,1,6085,2,Central,2021,10,372000
2685,1776,2,2,17,1,2,4929,1,West,2022,9,307000
2686,1574,2,2,45,1,2,3842,2,North,2023,2,325000
2687,1539,3,1,26,1,0,4777,2,South,2022,3,270000
2688,2338,4,2,3,0,1,12955,2,North,2021,12,461000
2689,2220,4,1,29,0,1,12379,1,North,2021,9,324000
2690,1946,4,4,11,1,3,8277,1,South,2023,3,434000
2691,2463,4,2,22,1,2,10287,1,North,2022,6,437000
2692,2178,3,3,32,1,3,5177,1,South,2021,12,347000
2693,942,1,1,17,1,3,3710,1,South,2021,4,219000
2694,2446,3,3,38,1,2,7436,2,South,2022,8,408000
2695,4385,5,3,31,1,2,10288,2,North,2021,9,869000
2696,1630,2,1,24,1,1,5330,2,South,2021,2,321000
2697,1684,2,1,3,0,0,8780,1,West,2022,1,271000
2698,1647,3,2,39,1,2,3435,1,South,2022,2,287000
2699,3472,5,1,46,1,1,12187,2,North,2022,7,576000
2700,3157,5,4,2,1,1,11697,2,North,2021,10,666000
2701,2390,3,1,15,0,2,9561,2,East,2023,2,491000
2702,4091,6,5,4,1,2,22026,1,Central,2022,12,943000
2703,1171,2,1,34,1,2,3445,1,North,2021,12,207000
2704,1566,2,2,31,1,1,5512,1,East,2022,10,312000
2705,2716,4,3,2,1,1,6079,1,West,2023,4,496000
2706,3286,4,3,42,1,2,11792,1,East,2022,8,645000
2707,1485,2,1,3,1,3,8616,1,Central,2023,5,369000
2708,1326,2,1,36,1,3,4828,1,Central,2021,8,235000
2709,1532,3,1,13,0,1,9123,1,North,2022,12,270000
2710,1554,2,1,5,0,1,4193,2,South,2021,9,242000
2711,2532,4,3,3,0,3,6517,1,West,2021,2,436000
2712,2110,4,2,3,1,1,11502,2,Central,2023,6,491000
2713,2243,3,1,27,1,1,8922,2,Central,2021,4,404000
2714,2159,4,4,19,1,1,9837,2,North,2021,2,450000
2715,1196,1,1,2,0,2,3022,1,South,2023,5,269000
2716,1557,2,1,2,0,2,8925,1,West,2022,4,225000
2717,1910,3,2,2,0,0,11148,1,East,2022,1,455000
2718,3995,5,1,33,0,2,9664,1,East,2023,6,899000
2719,2751,4,4,31,0,0,14105,1,West,2021,6,347000
2720,1315,3,3,2,1,2,7853,1,North,2022,7,337000
2721,2805,5,1,20,1,2,7252,1,Central,2022,4,582000
2722,2965,5,3,2,1,2,17295,2,Central,2022,12,676000
2723,2575,4,2,44,1,0,9540,2,East,2023,4,645000
2724,2306,4,1,44,1,2,10526,2,West,2022,9,312000
2725,1662,2,2,30,1,2,9591,2,West,2022,9,309000
2726,1762,3,1,45,1,2,8995,2,North,2022,5,351000
2727,1350,3,1,37,1,2,4521,1,North,2021,6,238000
2728,1325,3,2,39,0,2,7713,1,North,2021,5,219000
2729,1395,2,1,21,0,0,3489,1,Central,2023,6,211000
2730,2076,3,1,5,0,1,4653,1,South,2023,6,377000
2731,2709,5,4,3,1,1,8550,2,North,2021,12,627000
2732,1949,3,1,5,0,2,4501,1,East,2022,4,429000
2733,1521,3,2,25,1,2,8313,2,North,2023,3,358000
2734,3648,5,2,3,0,2,19616,2,North,2023,1,836000
2735,3821,6,1,4,1,2,21244,3,East,2022,11,1022000
2736,3383,4,4,14,0,3,13483,1,East,2022,12,697000
2737,4236,5,3,3,1,1,19512,3,East,2021,11,1025000
2738,1927,4,1,22,0,1,6896,2,West,2021,2,279000
2739,4252,6,1,45,0,3,20564,2,West,2021,5,576000
2740,1253,2,1,33,1,1,6937,1,East,2021,6,246000
2741,2009,4,3,27,1,2,4534,1,West,2021,12,313000
2742,1033,1,1,22,0,1,4397,1,South,2022,9,124000
2743,1279,3,1,15,1,3,5687,1,East,2021,9,326000
2744,1427,3,2,3,1,2,6521,1,South,2023,1,320000
2745,2176,3,1,43,1,1,5952,2,South,2023,4,342000
2746,2609,5,1,3,1,2,15194,1,South,2021,5,487000
2747,1927,3,3,2,1,1,7946,1,North,2022,11,405000
2748,1147,2,1,33,0,3,4213,1,East,2021,6,255000
2749,2978,4,2,3,1,1,10413,1,East,2023,6,719000
2750,1726,3,3,7,1,2,10222,1,South,2023,2,392000
2751,1874,4,3,1,1,1,5355,1,Central,2021,7,456000
2752,2061,3,2,2,1,3,8675,1,East,2022,5,522000
2753,1153,2,1,3,1,3,5824,1,Central,2021,6,306000
2754,1745,2,1,2,1,2,7378,1,East,2022,1,424000
2755,3600,6,4,27,1,3,18857,1,North,2021,10,821000
2756,951,1,1,39,1,1,5450,1,Central,2023,6,235000
2757,1898,4,1,7,1,3,4659,2,Central,2021,10,484000
2758,3469,4,3,42,1,2,7520,1,East,2022,11,655000
2759,2894,4,2,3,0,3,16829,2,South,2023,3,574000
2760,1530,2,2,5,1,2,5942,1,South,2022,8,295000
2761,1328,3,2,3,1,1,3696,1,Central,2023,4,375000
2762,1154,1,1,24,1,2,4733,1,North,2022,1,267000
2763,2487,4,2,10,1,0,14659,2,West,2021,11,338000
2764,1764,2,1,24,1,2,4111,1,West,2022,10,303000
2765,1235,3,3,34,1,2,3856,1,North,2021,1,300000
2766,4457,5,2,19,1,1,12438,1,West,2021,9,640000
2767,2192,3,2,25,0,3,4540,1,West,2022,11,332000
2768,1220,3,3,46,0,3,5461,1,South,2021,1,172000
2769,1795,2,1,4,1,3,7917,1,East,2022,4,452000
2770,2382,3,2,6,1,2,13854,1,Central,2022,8,472000
2771,1063,1,1,31,1,2,2237,1,East,2021,11,221000
2772,1410,2,1,24,1,2,3113,1,West,2022,7,202000
2773,3028,5,4,3,1,1,16296,3,East,2021,5,746000
2774,2079,3,1,7,1,3,10302,1,North,2021,12,434000
2775,2111,4,1,14,1,3,7524,1,Central,2021,9,419000
2776,1916,4,2,10,1,2,6880,1,East,2023,3,506000
2777,1409,2,1,3,1,3,3040,1,South,2022,3,303000
2778,923,1,1,45,1,2,1872,1,West,2022,4,130000
2779,1693,2,1,34,1,2,4586,2,West,2022,3,292000
2780,1302,2,1,15,1,3,5999,1,South,2021,6,256000
2781,1417,3,1,28,1,2,4446,1,Central,2021,9,268000
2782,2969,5,3,43,0,2,9327,1,North,2022,9,553000
2783,4490,5,1,2,0,1,23802,1,West,2022,1,656000
2784,2747,4,4,4,0,2,15304,2,East,2022,3,730000
2785,2721,4,1,19,0,2,10327,1,South,2022,11,451000
2786,1497,2,1,37,0,2,6128,1,Central,2022,5,232000
2787,3862,5,1,1,1,2,15977,2,West,2022,6,681000
2788,949,1,1,49,1,1,3908,1,West,2021,7,119000
2789,3552,5,2,13,1,2,9544,1,East,2022,8,928000
2790,3789,6,1,6,1,3,11079,2,Central,2021,1,920000
2791,3007,4,2,4,1,0,11569,2,South,2022,3,571000
2792,4112,5,4,3,1,1,16989,3,East,2021,11,987000
2793,2464,3,1,36,1,1,13697,2,Central,2021,3,408000
2794,1569,2,1,47,1,3,9032,1,North,2022,2,252000
2795,2289,4,3,10,1,2,5975,2,North,2021,7,463000
2796,2082,3,2,47,1,3,10698,1,Central,2022,7,373000
2797,1192,1,1,38,1,2,3371,1,Central,2021,1,196000
2798,2150,3,1,15,0,2,5462,1,West,2022,2,297000
2799,3509,6,1,28,1,2,13383,3,East,2022,3,964000
2800,1010,2,1,11,0,1,4763,1,East,2021,7,252000
2801,2942,4,2,20,0,1,17229,1,South,2022,2,421000
2802,3638,6,2,2,1,2,12048,2,East,2023,2,993000
2803,4404,6,3,29,1,1,9462,2,East,2022,5,988000
2804,3771,6,5,2,1,1,12017,2,North,2022,9,912000
2805,2345,3,1,38,1,0,10981,2,East,2021,11,371000
2806,3875,5,4,38,1,1,18227,3,East,2021,1,950000
2807,3283,4,2,3,1,1,13797,3,West,2022,9,547000
2808,1312,3,2,5,0,2,7613,1,East,2022,12,344000
2809,1975,3,1,15,1,1,11004,2,Central,2022,8,418000
2810,2547,4,2,23,1,1,10079,2,South,2023,5,478000
2811,1310,2,2,4,1,0,7248,1,East,2023,5,330000
2812,1653,2,2,22,0,2,5234,2,East,2021,2,383000
2813,2184,4,3,4,0,2,9966,1,South,2022,4,383000
2814,1475,2,2,2,1,3,5934,1,South,2021,8,289000
2815,1800,4,3,1,1,3,6493,1,West,2022,4,427000
2816,2872,4,2,2,1,1,9320,2,East,2023,1,690000
2817,2167,3,2,36,1,1,9536,1,Central,2021,5,352000
2818,1195,1,1,48,0,1,4562,1,West,2021,6,100000
2819,975,1,1,11,1,3,2153,1,North,2022,9,268000
2820,1996,3,2,17,1,2,7788,2,East,2023,1,517000
2821,4017,6,3,2,0,0,18143,2,West,2021,4,664000
2822,1361,3,1,19,1,1,7241,1,West,2022,5,256000
2823,2383,3,3,2,1,2,6421,2,Central,2022,2,529000
2824,1463,3,1,24,1,1,8674,1,West,2021,10,177000
2825,1887,4,1,46,0,3,9461,1,North,2022,6,300000
2826,3346,4,3,3,1,2,9592,1,North,2021,1,649000
2827,3139,5,4,34,1,2,11439,2,West,2021,8,505000
2828,1596,2,1,1,1,2,7013,2,South,2022,2,340000
2829,2226,4,3,7,0,1,9110,1,East,2021,3,434000
2830,1021,1,1,2,1,2,3994,1,West,2021,10,203000
2831,1732,2,1,6,1,2,5891,2,East,2022,10,457000
2832,1700,2,1,3,1,1,10050,2,East,2022,11,434000
2833,1303,2,2,7,1,2,5991,1,West,2023,2,289000
2834,1282,3,1,10,1,3,5888,1,North,2021,12,345000
2835,2414,4,1,5,0,1,7533,1,West,2021,11,310000
2836,3848,5,1,27,1,2,21827,1,West,2021,9,614000
2837,4072,6,6,45,0,1,17007,2,East,2021,1,890000
2838,1274,2,2,9,0,2,5298,1,South,2022,11,212000
2839,3274,5,1,3,1,0,11273,1,West,2023,1,527000
2840,1748,2,1,4,0,2,3591,2,East,2021,7,415000
2841,1804,3,3,40,1,1,8959,2,North,2022,9,396000
2842,3117,4,1,21,1,0,15556,2,Central,2021,3,623000
2843,4022,5,1,13,1,2,23638,2,West,2022,9,664000
2844,3912,6,6,2,1,2,17479,2,East,2022,1,1078000
2845,2113,4,2,12,1,3,4684,1,East,2022,1,486000
2846,1642,2,1,4,0,2,4520,1,Central,2021,12,346000
2847,2547,5,5,47,1,2,9615,2,West,2021,1,459000
2848,939,1,1,42,0,2,2421,1,East,2022,11,157000
2849,1741,3,3,2,1,1,7870,2,West,2023,4,388000
2850,2331,4,4,17,1,0,5387,2,South,2021,11,411000
2851,1942,4,3,3,1,1,5647,1,North,2023,2,489000
2852,1385,2,1,10,0,1,4778,1,South,2022,6,215000
2853,1431,3,1,42,0,1,6225,1,South,2021,10,179000
2854,3968,6,4,18,1,3,15877,2,West,2022,7,694000
2855,1052,2,1,5,1,3,3293,1,North,2021,11,267000
2856,2221,4,1,3,1,3,6303,2,West,2021,3,403000
2857,1427,2,2,37,1,3,3481,1,East,2022,10,311000
2858,1043,1,1,25,0,2,5245,1,South,2021,10,129000
2859,1235,2,1,14,0,1,5796,1,South,2022,8,243000
2860,1527,2,1,3,1,2,6600,2,East,2021,7,321000
2861,2827,5,1,5,1,3,8646,1,South,2023,4,567000
2862,1066,1,1,48,0,2,2624,1,East,2021,5,169000
2863,3903,6,3,17,1,2,9107,2,West,2022,7,656000
2864,2232,4,1,9,1,1,8086,2,West,2021,8,383000
2865,2358,4,1,17,0,2,5570,2,West,2023,5,358000
2866,2463,3,3,35,1,1,11015,1,West,2021,12,299000
2867,1907,3,3,5,1,1,5338,1,Central,2023,1,473000
2868,3108,5,3,3,1,3,17669,2,South,2022,2,580000
2869,1244,3,1,22,1,0,3526,1,Central,2021,2,224000
2870,2120,3,2,27,0,3,5813,1,East,2022,12,461000
2871,3349,4,2,31,1,0,18073,3,West,2021,5,459000
2872,4022,6,2,42,1,3,15038,1,West,2021,5,553000
2873,3046,4,3,7,1,2,18108,2,East,2023,5,742000
2874,2102,3,1,2,1,2,11009,2,Central,2022,8,483000
2875,3226,5,4,48,1,1,11397,2,South,2021,8,489000
2876,2177,4,3,11,1,2,10332,1,East,2022,1,465000
2877,1907,4,2,24,0,3,5393,2,North,2021,3,393000
2878,1386,3,1,27,1,1,8258,1,North,2021,3,229000
2879,2436,4,1,19,1,1,12114,2,West,2022,11,372000
2880,917,2,1,3,1,1,2312,1,North,2022,5,275000
2881,1978,4,3,34,1,1,7012,2,Central,2023,3,460000
2882,2840,5,1,37,1,1,15198,1,West,2021,11,421000
2883,1589,2,1,20,1,2,4619,2,East,2023,6,413000
2884,1012,1,1,15,1,1,2497,1,South,2022,6,180000
2885,1326,3,2,2,1,2,3153,1,North,2022,10,328000
2886,4098,6,1,2,1,3,9056,2,Central,2022,2,980000
2887,1916,4,2,5,1,2,8045,1,West,2021,7,344000
2888,2416,4,1,5,0,1,6341,2,South,2022,3,335000
2889,3421,4,3,47,1,2,8284,1,North,2022,9,558000
2890,3243,5,1,36,1,1,7313,3,South,2021,9,529000
2891,2494,3,2,27,1,1,5843,2,North,2022,7,397000
2892,2305,4,1,17,0,1,8748,1,West,2023,1,334000
2893,3145,4,4,3,1,3,13863,3,West,2021,2,533000
2894,1628,2,1,49,0,2,7046,1,East,2021,12,315000
2895,1511,2,1,7,1,1,4934,2,Central,2022,7,344000
2896,2986,5,3,2,0,2,16975,2,North,2021,9,608000
2897,1872,3,1,15,1,1,5616,1,East,2022,2,421000
2898,1571,2,1,42,0,3,5243,1,West,2021,2,138000
2899,2402,3,2,43,0,3,5862,1,North,2022,5,383000
2900,1492,3,1,1,1,1,6957,1,South,2021,1,259000
2901,1491,3,2,43,0,1,6397,1,East,2022,11,261000
2902,2734,4,2,4,1,2,5783,2,South,2023,3,549000
2903,952,1,1,1,1,2,2184,1,East,2023,5,365000
2904,2198,3,2,40,1,1,12273,1,West,2021,9,294000
2905,2092,4,1,41,0,2,4281,1,South,2021,8,311000
2906,1074,2,1,23,1,1,5763,1,North,2021,12,260000
2907,4037,5,2,21,1,2,20299,2,North,2022,11,832000
2908,1544,3,3,38,1,1,5142,2,East,2022,12,312000
2909,2339,4,3,36,1,2,11894,2,North,2021,4,459000
2910,2235,3,1,43,0,2,11603,1,Central,2022,5,351000
2911,1289,3,2,20,1,2,3778,1,Central,2022,1,329000
2912,1051,1,1,48,1,2,3607,1,South,2022,9,142000
2913,3342,4,2,50,1,2,17412,3,Central,2021,7,600000
2914,4198,5,4,2,1,1,25150,3,East,2021,3,1037000
2915,1148,1,1,40,1,1,3971,1,North,2022,3,153000
2916,1633,2,1,16,1,1,5676,2,West,2021,6,295000
2917,3087,4,2,8,1,0,12000,1,West,2022,3,473000
2918,3471,4,3,24,1,2,12942,1,North,2023,6,619000
2919,2318,4,2,2,1,1,7987,1,South,2021,3,386000
2920,1713,2,1,16,1,0,5233,2,North,2023,6,387000
2921,1796,3,2,42,1,3,5314,2,South,2021,2,321000
2922,2520,5,1,3,1,2,14567,1,South,2022,7,533000
2923,2952,4,2,11,0,2,7676,2,West,2022,11,459000
2924,1221,2,1,46,1,1,3349,1,North,2023,4,274000
2925,2029,3,3,11,1,1,11593,1,North,2021,9,392000
2926,3656,6,2,6,1,2,15022,1,South,2021,12,703000
2927,2923,4,1,12,0,3,14697,2,Central,2022,2,676000
2928,4208,5,2,17,1,1,16477,1,South,2021,7,644000
2929,2709,4,3,25,1,2,6477,2,East,2022,10,714000
2930,2021,4,2,37,1,3,7250,1,East,2021,3,431000
2931,2114,3,1,13,1,2,6989,2,West,2023,2,371000
2932,2394,3,1,38,0,2,8842,1,East,2023,6,395000
2933,1526,2,1,18,1,2,4080,2,North,2021,9,273000
2934,2083,3,1,5,1,3,9007,1,South,2022,4,384000
2935,3394,4,2,27,1,2,19914,3,North,2022,11,646000
2936,963,2,1,31,1,3,3337,1,East,2022,8,284000
2937,3223,4,2,20,0,2,12192,3,North,2022,2,621000
2938,1742,2,1,2,1,3,6576,1,South,2021,4,333000
2939,4032,6,4,3,0,3,9372,2,West,2023,2,767000
2940,1112,1,1,4,1,2,3562,1,South,2021,7,280000
2941,1474,3,2,4,1,2,3206,1,West,2022,3,327000
2942,1933,4,4,28,1,2,7506,2,South,2021,12,365000
2943,1578,3,1,1,1,2,6301,2,Central,2021,2,376000
2944,2990,5,2,34,1,3,8272,1,Central,2022,6,637000
2945,3039,5,2,4,1,0,7640,2,West,2022,7,541000
2946,1285,2,1,5,1,2,5119,1,Central,2022,12,310000
2947,1922,4,2,18,1,2,9089,2,South,2022,9,372000
2948,1778,2,1,3,0,2,10169,2,West,2022,9,341000
2949,2071,3,1,43,1,2,11158,2,South,2022,5,333000
2950,4435,5,4,2,1,0,17619,3,West,2022,1,715000
2951,3046,4,2,12,1,2,15746,3,South,2021,12,567000
2952,1951,3,3,40,1,3,9898,2,South,2022,6,396000
2953,3060,4,2,24,1,3,8117,2,Central,2023,4,666000
2954,1963,3,1,4,1,1,11660,2,South,2021,11,344000
2955,4193,6,4,10,0,2,13684,3,West,2021,7,705000
2956,2391,4,2,30,1,3,9225,2,West,2023,6,417000
2957,3389,5,4,49,0,2,19150,2,South,2022,4,494000
2958,3239,5,3,43,0,2,14568,1,East,2022,8,648000
2959,1597,3,2,5,0,0,9007,2,North,2022,9,319000
2960,3159,4,3,50,1,2,18000,3,Central,2022,11,653000
2961,1170,2,1,1,1,2,5123,1,Central,2022,5,302000
2962,2225,3,1,1,1,2,10806,2,West,2022,7,368000
2963,2096,4,2,38,1,2,7554,1,Central,2022,6,404000
2964,3697,5,1,3,1,2,18169,3,North,2023,5,871000
2965,3481,5,5,2,0,3,18962,3,South,2021,3,633000
2966,2753,4,1,3,0,2,6592,1,South,2022,3,446000
2967,2786,4,1,11,1,2,16390,2,East,2022,12,678000
2968,2172,4,2,32,1,3,7100,1,North,2022,3,412000
2969,3806,5,2,24,0,3,22182,2,East,2022,6,911000
2970,1831,3,1,3,1,3,4347,1,West,2022,10,350000
2971,1905,4,3,16,1,2,5776,2,North,2021,2,434000
2972,1195,1,1,45,1,2,5847,1,North,2022,10,226000
2973,3222,4,2,38,0,1,7939,2,North,2022,2,519000
2974,2713,5,4,5,1,1,8603,2,West,2021,12,512000
2975,2307,4,2,49,1,2,12051,2,South,2021,3,342000
2976,1400,3,2,30,1,2,4545,1,South,2021,4,235000
2977,2825,5,4,2,1,1,9766,2,West,2022,8,527000
2978,1391,3,2,1,0,3,4480,1,North,2022,7,305000
2979,2858,4,1,3,1,2,10477,2,East,2023,2,764000
2980,4074,5,1,32,1,2,11681,1,West,2022,6,611000
2981,2415,4,3,3,1,2,13671,2,East,2022,7,552000
2982,1180,2,1,17,1,0,6774,1,East,2022,4,313000
2983,2795,4,1,2,1,3,10550,2,North,2021,10,625000
2984,2625,5,3,45,0,1,14942,2,North,2022,10,572000
2985,2188,3,3,5,0,2,8489,1,East,2021,11,424000
2986,4193,5,2,44,1,2,22500,2,North,2022,12,801000
2987,1456,2,1,47,0,2,7070,1,Central,2022,5,188000
2988,1989,4,4,1,0,2,4713,1,South,2021,7,372000
2989,3418,5,1,13,1,1,19022,1,East,2023,3,707000
2990,2905,4,4,1,1,1,5816,1,South,2021,7,514000
2991,1253,2,1,44,0,2,4560,1,Central,2021,3,188000
2992,3478,5,4,17,1,2,15263,2,West,2022,5,546000
2993,2392,3,1,2,0,2,7752,1,East,2022,10,467000
2994,2424,3,2,2,0,1,14000,2,East,2022,4,476000
2995,1049,1,1,8,1,0,4844,1,South,2022,6,233000
2996,2798,4,3,46,0,2,11670,2,East,2023,2,605000
2997,943,1,1,29,1,2,3679,1,South,2021,11,169000
2998,1895,4,1,41,1,1,9963,2,East,2021,10,375000
2999,980,1,1,7,1,2,2712,1,South,2021,11,195000
3000,2855,4,1,1,0,1,5794,2,North,2022,4,571000
3001,2053,3,2,49,1,2,5109,1,North,2021,10,324000
3002,3172,4,2,1,0,1,18784,1,North,2022,5,590000
3003,1162,2,2,47,0,3,2745,1,South,2022,11,152000
3004,2366,3,2,7,1,1,9396,1,Central,2022,4,450000
3005,2091,3,2,1,1,2,11566,1,West,2021,1,330000
3006,2720,5,1,29,0,3,6411,2,Central,2022,2,587000
3007,3707,5,5,49,0,1,7842,2,South,2021,2,639000
3008,1451,2,1,48,1,2,3507,1,East,2022,6,230000
3009,1878,4,3,3,1,1,8640,2,West,2023,2,410000
3010,1475,2,1,3,1,1,3166,1,East,2022,10,369000
3011,2313,4,2,20,1,2,5583,1,East,2023,3,528000
3012,1178,1,1,25,1,3,2948,1,East,2021,12,273000
3013,1741,3,1,32,0,2,4966,1,East,2023,1,393000
3014,1712,3,2,3,1,2,4941,2,West,2021,12,364000
3015,2231,4,1,48,0,2,5269,2,West,2022,7,291000
3016,2359,3,1,25,0,2,13704,1,Central,2023,1,445000
3017,3101,5,5,40,1,2,14034,1,Central,2022,6,632000
3018,1846,4,2,19,1,1,8491,2,East,2022,11,490000
3019,1148,2,1,10,0,1,4385,1,North,2021,7,211000
3020,2552,4,2,49,1,2,5406,1,North,2021,11,522000
3021,1585,2,1,22,1,3,4719,1,North,2022,7,301000
3022,2144,4,3,41,0,1,7014,1,North,2023,3,335000
3023,1832,4,3,47,0,2,7966,1,South,2022,1,285000
3024,2254,3,1,28,0,1,7732,2,North,2023,6,405000
3025,1138,1,1,19,1,1,6093,1,West,2022,3,221000
3026,1654,2,1,1,1,2,5025,2,North,2021,10,381000
3027,3603,6,6,1,1,2,7647,1,East,2023,2,998000
3028,2024,4,2,3,1,2,8660,2,North,2023,1,507000
3029,1939,3,1,3,0,1,9041,1,Central,2021,8,392000
3030,2335,4,3,4,0,3,12628,2,West,2021,6,364000
3031,1383,2,1,5,0,1,7910,1,South,2023,5,247000
3032,1703,2,1,6,0,2,9611,2,Central,2022,4,402000
3033,3198,5,4,10,0,2,10115,2,North,2022,12,661000
3034,1040,1,1,2,1,2,2620,1,Central,2022,1,282000
3035,905,1,1,1,0,3,3253,1,East,2021,11,254000
3036,1463,2,1,28,1,2,3261,1,South,2021,3,221000
3037,1762,2,1,18,1,1,9827,1,North,2021,3,305000
3038,3917,5,3,12,1,1,14691,2,North,2023,1,909000
3039,1568,2,1,25,0,1,8278,1,Central,2023,4,291000
3040,2500,5,1,39,1,0,6485,1,West,2021,11,272000
3041,1387,3,1,11,1,3,4387,1,South,2022,3,275000
3042,3989,5,3,26,0,0,9940,1,East,2022,1,856000
3043,1566,3,2,47,1,2,8582,1,North,2021,6,255000
3044,1805,4,2,39,1,2,5095,2,North,2022,4,373000
3045,3275,5,4,11,1,3,16536,1,Central,2022,4,701000
3046,3488,5,3,26,1,2,9383,1,East,2021,2,648000
3047,1895,3,2,3,1,2,11069,1,South,2021,3,371000
3048,1929,4,3,20,1,1,9316,1,Central,2022,10,444000
3049,1893,3,1,49,1,2,10164,2,South,2021,12,279000
3050,1561,2,1,17,1,1,8343,2,South,2023,4,302000
3051,960,1,1,45,1,3,2893,1,South,2022,1,185000
3052,2388,3,2,9,0,1,14314,2,East,2021,6,459000
3053,991,2,1,50,1,1,3238,1,East,2022,2,222000
3054,1567,2,1,21,1,2,4962,2,North,2022,2,292000
3055,2188,3,1,1,0,2,7839,1,West,2023,6,363000
3056,3738,5,4,22,1,2,14002,3,West,2023,2,716000
3057,2148,4,1,4,1,1,6656,2,West,2022,10,406000
3058,938,1,1,1,1,1,4700,1,Central,2022,8,271000
3059,1079,2,1,38,0,1,2787,1,South,2022,7,144000
3060,3928,5,4,4,0,2,11451,1,North,2021,3,807000
3061,1080,2,1,36,1,2,5801,1,West,2022,7,210000
3062,937,2,1,4,1,2,4288,1,North,2021,2,212000
3063,2457,3,2,3,1,2,13705,2,North,2023,4,516000
3064,2007,4,2,49,1,2,11097,1,North,2022,1,359000
3065,2407,3,2,6,0,3,6029,1,West,2021,5,339000
3066,1407,2,1,23,0,1,3226,1,North,2022,4,223000
3067,1090,2,1,23,1,2,2525,1,South,2023,4,241000
3068,4460,6,3,20,0,2,25342,1,North,2022,8,847000
3069,1196,2,1,45,1,1,3644,1,West,2021,6,120000
3070,2498,3,2,28,0,2,5543,2,East,2021,1,441000
3071,2539,4,2,9,1,1,10344,2,South,2021,2,500000
3072,1610,2,1,41,1,1,9333,2,West,2022,7,229000
3073,1906,4,3,3,1,2,8368,1,West,2021,11,371000
3074,1481,3,2,19,1,1,5021,1,East,2021,9,315000
3075,2218,4,4,47,1,1,10006,2,South,2022,2,339000
3076,2610,5,3,25,1,2,8748,1,East,2021,9,616000
3077,4451,6,3,38,1,2,11551,1,Central,2023,4,895000
3078,1243,2,1,27,1,1,3873,1,North,2021,4,223000
3079,1191,1,1,39,1,1,5666,1,South,2022,3,166000
3080,3966,6,3,47,1,2,14133,3,South,2023,1,767000
3081,3157,4,4,4,1,2,8168,3,West,2023,2,587000
3082,3057,5,1,3,1,3,16452,3,West,2023,2,574000
3083,1436,3,1,15,1,0,5716,1,South,2021,10,241000
3084,2106,4,4,30,1,1,7789,2,South,2023,1,383000
3085,3411,5,1,3,1,0,11252,1,Central,2022,2,638000
3086,1738,2,2,1,0,2,8768,1,West,2021,2,270000
3087,2472,4,1,5,1,2,7254,1,Central,2022,2,428000
3088,1416,3,2,48,1,2,8193,1,Central,2022,12,277000
3089,2080,4,2,29,1,2,10417,2,East,2022,2,497000
3090,1179,2,1,9,1,2,3632,1,North,2022,10,305000
3091,1798,2,2,3,1,3,9295,1,West,2021,11,367000
3092,4329,6,2,6,0,1,8823,1,South,2022,8,744000
3093,1716,3,3,3,1,0,3663,1,East,2023,3,463000
3094,2839,5,1,2,1,1,9352,1,East,2021,7,685000
3095,1066,1,1,44,0,0,5634,1,Central,2023,6,166000
3096,2349,3,1,50,0,3,5669,2,North,2021,6,333000
3097,3970,5,1,3,1,1,18913,1,North,2021,9,792000
3098,1563,2,1,2,1,2,4458,2,West,2022,5,303000
3099,1163,1,1,5,1,1,6886,1,Central,2021,12,265000
3100,2336,3,3,13,1,1,13347,1,Central,2021,12,466000
3101,1090,2,1,3,1,1,2634,1,East,2022,12,322000
3102,2515,5,4,5,0,1,7281,2,North,2023,4,610000
3103,4255,5,2,3,1,2,19986,2,South,2022,7,750000
3104,1946,4,2,35,0,3,8879,2,Central,2021,8,410000
3105,1202,2,2,31,1,2,5975,1,East,2022,6,302000
3106,2182,3,1,25,1,2,11256,1,West,2022,6,341000
3107,3191,5,4,8,1,0,14458,3,South,2021,7,568000
3108,1097,2,1,44,1,3,5515,1,North,2023,1,255000
3109,1780,2,1,48,1,0,3644,2,East,2023,4,391000
3110,2226,4,4,3,1,3,8871,2,Central,2021,8,501000
3111,2477,4,3,3,0,2,10885,1,Central,2021,8,468000
3112,1554,3,2,18,0,1,7359,2,Central,2022,11,333000
3113,3419,5,1,2,1,2,15576,1,East,2021,4,717000
3114,1315,2,1,11,1,3,5446,1,West,2021,9,241000
3115,1337,2,2,22,1,1,5757,1,Central,2022,8,334000
3116,3028,4,3,17,0,1,14346,3,North,2021,9,625000
3117,2836,4,2,5,1,1,9316,1,Central,2022,10,631000
3118,988,2,1,19,1,2,4930,1,East,2021,6,259000
3119,1310,3,3,48,1,0,2900,1,Central,2022,1,252000
3120,1585,2,1,3,1,2,6704,2,West,2023,5,326000
3121,997,2,1,27,1,3,5048,1,North,2021,10,258000
3122,1089,2,1,1,1,3,3168,1,North,2022,6,286000
3123,1043,1,1,2,0,1,2143,1,South,2021,11,176000
3124,2089,4,3,19,0,2,5067,1,South,2022,8,367000
3125,2832,5,1,2,0,0,13295,2,East,2022,12,682000
3126,1855,4,1,1,1,2,8414,2,West,2021,6,337000
3127,1607,2,1,3,0,3,9429,1,East,2022,5,405000
3128,1167,2,1,20,1,2,5315,1,North,2023,4,250000
3129,3893,5,5,30,1,3,15392,2,Central,2022,10,907000
3130,2742,5,4,3,1,3,14673,2,East,2021,6,715000
3131,2958,5,3,28,1,1,8760,2,Central,2023,2,672000
3132,3272,4,2,3,0,2,10044,1,North,2021,1,587000
3133,3774,5,3,24,0,0,10912,1,Central,2023,4,827000
3134,1938,4,3,10,0,1,11517,1,North,2022,2,399000
3135,1209,2,2,27,1,1,6430,1,West,2022,3,226000
3136,2197,3,1,50,1,3,11921,1,West,2022,3,262000
3137,3241,5,1,46,0,2,12559,2,Central,2021,11,526000
3138,3087,4,3,1,1,2,11508,3,South,2021,8,601000
3139,1612,3,2,43,1,2,7112,2,North,2021,9,331000
3140,1167,1,1,2,1,2,2494,1,Central,2022,5,279000
3141,2270,4,2,47,0,2,10576,2,South,2022,9,334000
3142,3869,6,2,4,1,1,15506,2,South,2022,4,711000
3143,2310,4,1,8,1,2,7948,1,East,2022,12,481000
3144,1842,3,2,2,1,2,9844,1,North,2023,2,401000
3145,963,1,1,2,1,2,3323,1,South,2021,3,225000
3146,2284,3,2,32,1,0,6773,2,South,2021,2,350000
3147,2622,4,2,47,0,1,12226,1,South,2022,8,375000
3148,2077,4,1,24,1,3,11147,1,East,2021,1,432000
3149,2815,5,2,31,1,1,11076,1,South,2021,1,489000
3150,1764,3,2,34,1,2,9614,1,West,2021,6,278000
3151,2016,3,1,4,1,1,4425,2,Central,2023,5,527000
3152,1414,2,1,1,1,1,8390,1,North,2022,7,307000
3153,3446,4,1,1,1,1,17852,3,Central,2021,3,694000
3154,2321,3,2,6,1,2,6631,2,Central,2021,1,506000
3155,2389,4,3,3,1,3,4955,2,West,2021,2,424000
3156,1919,4,4,2,1,1,10838,1,Central,2021,1,463000
3157,4207,5,3,3,1,1,10358,3,South,2021,7,720000
3158,1020,2,1,2,1,2,3376,1,Central,2021,6,319000
3159,3155,5,4,45,1,1,11330,1,West,2023,2,470000
3160,1202,3,1,2,0,3,5155,1,South,2022,3,270000
3161,1977,3,2,18,1,1,7494,2,West,2022,2,358000
3162,1529,3,1,22,1,2,6998,1,East,2022,2,307000
3163,1827,3,1,19,1,2,9045,1,North,2023,5,393000
3164,1825,3,1,2,1,2,6266,2,North,2021,4,434000
3165,1036,1,1,5,1,2,4411,1,West,2022,4,225000
3166,2090,4,4,2,1,1,6918,1,West,2022,7,397000
3167,3657,6,1,9,1,1,18838,2,East,2021,1,944000
3168,1365,3,2,3,1,3,7851,1,East,2022,6,394000
3169,3266,4,3,20,0,3,6956,1,North,2023,1,586000
3170,2221,3,1,29,1,0,7552,1,East,2022,6,432000
3171,1983,4,2,18,1,3,11276,2,Central,2023,4,495000
3172,1325,3,2,11,0,2,3461,1,Central,2022,2,304000
3173,1462,3,1,8,1,2,3318,1,West,2023,3,287000
3174,1382,3,2,40,1,0,4239,1,Central,2021,9,223000
3175,1450,2,1,3,1,2,7133,1,Central,2021,11,317000
3176,1580,3,1,32,1,1,5628,1,North,2022,12,284000
3177,2446,4,1,34,1,2,9836,1,South,2022,10,372000
3178,2724,5,2,10,1,0,9770,1,North,2022,12,584000
3179,3281,4,3,4,1,2,9258,1,East,2022,8,709000
3180,1854,3,2,14,1,0,10224,1,West,2021,3,288000
3181,1596,2,2,2,1,1,7058,1,North,2022,2,330000
3182,1510,2,1,1,1,1,8406,1,Central,2021,5,307000
3183,2495,4,2,2,0,1,7864,1,East,2022,5,496000
3184,983,2,1,3,0,2,3641,1,West,2022,12,184000
3185,2139,3,1,16,0,1,9714,1,North,2022,5,322000
3186,2058,3,2,40,1,3,4860,2,North,2023,3,449000
3187,2141,4,1,3,1,2,7247,1,West,2022,2,371000
3188,2321,3,1,46,0,2,7143,1,Central,2021,12,341000
3189,2871,5,4,47,0,1,15072,2,Central,2021,1,542000
3190,2580,5,1,48,1,2,12601,1,West,2021,6,398000
3191,2178,3,1,39,1,1,12390,1,South,2023,6,326000
3192,3615,6,1,6,0,2,16430,1,North,2023,1,820000
3193,3564,6,1,2,0,1,20390,1,Central,2022,9,859000
3194,2449,3,3,21,0,2,8632,1,North,2023,2,390000
3195,2161,4,3,20,1,1,10715,2,West,2021,10,358000
3196,2118,3,3,40,0,3,8580,1,East,2023,2,463000
3197,3708,6,2,50,1,1,20645,2,East,2021,6,876000
3198,3087,4,3,16,1,0,13723,3,East,2021,12,691000
3199,1449,2,1,5,1,2,5856,1,Central,2021,3,302000
3200,1754,2,2,3,0,3,7245,1,Central,2023,2,459000
3201,1769,2,2,1,1,2,8743,1,Central,2021,3,441000
3202,1936,4,3,17,1,0,8953,2,East,2021,6,445000
3203,1432,2,1,20,1,2,5119,1,North,2021,5,270000
3204,2953,5,4,38,0,3,15344,2,Central,2023,4,656000
3205,1720,2,1,16,1,0,4052,2,North,2023,6,392000
3206,3197,5,2,45,1,1,7963,3,East,2022,8,659000
3207,2711,4,4,25,0,3,15832,2,South,2021,4,513000
3208,3235,4,2,39,1,3,17102,1,East,2022,1,665000
3209,2198,3,2,2,1,2,8443,1,South,2021,7,403000
3210,2101,4,3,40,1,3,9097,1,Central,2022,1,410000
3211,993,2,1,28,0,0,4379,1,Central,2021,7,149000
3212,2123,3,3,3,0,2,11703,2,East,2022,4,539000
3213,1356,3,1,3,1,2,3517,1,North,2021,12,329000
3214,2429,4,2,45,1,2,12883,2,West,2022,8,324000
3215,956,1,1,1,1,2,2524,1,South,2021,6,239000
3216,1364,3,1,13,1,3,4045,1,Central,2022,5,327000
3217,1035,2,2,5,1,1,2406,1,North,2021,3,225000
3218,1425,3,2,27,1,0,4727,1,North,2022,8,221000
3219,2926,5,4,39,0,1,11540,1,West,2022,4,412000
3220,2968,5,2,6,1,2,7562,1,West,2023,6,557000
3221,2178,4,2,11,1,1,4376,2,East,2022,2,535000
3222,959,2,1,49,1,3,4565,1,South,2023,2,221000
3223,1472,3,2,36,0,1,7850,1,South,2022,2,220000
3224,1373,2,1,43,0,0,5596,1,South,2021,4,129000
3225,1588,2,1,12,0,2,5361,1,South,2022,1,273000
3226,3327,5,3,3,1,2,16723,1,Central,2021,6,640000
3227,1215,3,3,10,1,1,4514,1,North,2021,10,307000
3228,2341,4,4,31,0,2,8658,1,East,2021,5,411000
3229,922,1,1,2,0,2,4385,1,West,2022,9,174000
3230,1305,2,1,4,0,1,6260,1,North,2023,2,294000
3231,1861,4,3,1,1,0,10853,1,Central,2023,3,491000
3232,2437,4,3,11,0,2,7420,2,West,2021,7,357000
3233,903,2,1,39,1,1,2490,1,North,2021,8,185000
3234,1123,2,2,1,1,3,5799,1,Central,2022,6,350000
3235,2193,4,3,28,1,2,8743,1,East,2021,1,445000
3236,974,1,1,46,1,1,4707,1,West,2021,4,106000
3237,946,1,1,3,1,1,2605,1,Central,2023,4,328000
3238,3934,5,3,29,1,1,11039,3,Central,2022,11,898000
3239,1953,3,1,49,1,2,8988,2,East,2021,2,381000
3240,2318,3,2,48,1,2,6791,2,South,2023,2,361000
3241,1666,3,2,3,1,2,6597,1,South,2023,2,383000
3242,2155,3,1,2,1,1,6502,2,West,2022,5,387000
3243,1662,3,3,2,1,1,9361,2,Central,2023,6,513000
3244,1671,2,1,30,1,0,4018,1,North,2022,11,303000
3245,3457,5,1,32,1,1,19302,2,North,2021,2,561000
3246,1383,2,1,28,1,2,6762,1,Central,2021,4,297000
3247,1633,3,2,5,0,3,3343,2,South,2022,3,374000
3248,1894,4,2,3,1,2,5701,1,South,2022,4,361000
3249,2919,4,2,21,1,2,6242,1,North,2023,2,636000
3250,1785,2,1,15,1,1,7810,1,South,2021,10,312000
3251,2388,4,1,32,1,1,13338,2,Central,2021,11,451000
3252,1038,2,2,12,0,1,3159,1,Central,2022,2,279000
3253,2385,3,2,5,1,1,8296,1,South,2021,1,421000
3254,1556,2,1,4,1,2,6274,1,Central,2022,7,318000
3255,2347,4,1,3,0,1,5308,2,South,2021,8,354000
3256,1561,2,2,4,1,3,7548,2,Central,2021,10,359000
3257,2031,4,1,2,0,3,6397,2,South,2022,7,394000
3258,1283,3,1,5,0,1,4323,1,Central,2022,1,289000
3259,1992,4,3,1,0,2,11772,2,South,2021,9,379000
3260,2960,5,3,3,1,2,13764,2,North,2022,8,643000
3261,1286,2,1,33,1,1,7697,1,Central,2021,4,209000
3262,1985,4,4,5,0,3,5049,2,South,2022,5,420000
3263,1683,2,1,28,1,1,9823,1,Central,2023,2,396000
3264,1599,3,1,31,0,2,8273,1,North,2021,11,226000
3265,3488,5,2,22,1,1,10132,3,North,2021,1,651000
3266,1577,3,2,48,0,1,8641,2,Central,2022,4,230000
3267,2496,4,3,1,0,2,11391,1,East,2022,7,448000
3268,2153,4,3,32,0,3,12116,1,East,2023,2,464000
3269,1737,2,1,48,1,1,9473,1,North,2023,5,299000
3270,2270,3,1,41,1,0,9758,2,East,2021,7,372000
3271,1256,3,1,3,1,2,4315,1,South,2021,4,249000
3272,1021,1,1,5,0,0,5506,1,East,2021,5,204000
3273,2683,4,3,3,1,2,12705,2,West,2021,7,478000
3274,2151,3,1,23,1,2,8532,1,West,2021,8,281000
3275,2903,4,2,31,0,3,12863,2,Central,2021,4,560000
3276,3042,5,4,5,0,2,17859,3,West,2023,5,529000
3277,2631,5,3,19,0,3,11648,2,South,2021,11,459000
3278,2346,4,2,29,1,2,8402,2,South,2023,5,462000
3279,1829,3,2,10,1,3,8570,2,East,2022,11,501000
3280,3355,5,2,40,1,1,9154,1,South,2021,8,493000
3281,1604,2,2,35,0,2,4560,1,South,2021,10,231000
3282,923,2,1,2,1,3,4005,1,Central,2022,9,309000
3283,2806,4,4,24,1,2,10705,2,Central,2022,5,658000
3284,2975,5,1,3,0,3,8598,1,West,2022,1,500000
3285,2290,3,1,20,1,0,11190,2,East,2021,6,408000
3286,1457,3,1,48,1,3,3494,1,East,2021,4,261000
3287,2035,3,1,42,0,2,11891,1,West,2023,5,271000
3288,3045,5,2,9,1,1,15649,2,Central,2022,5,635000
3289,3889,5,5,4,1,0,8889,1,West,2021,10,672000
3290,1135,2,2,3,1,1,4916,1,North,2021,3,292000
3291,1153,2,2,18,1,3,2698,1,West,2022,10,205000
3292,2972,4,2,2,0,2,9755,1,West,2021,1,431000
3293,1955,4,2,19,1,3,4707,2,North,2023,5,478000
3294,1759,2,1,1,1,2,9766,1,North,2023,2,438000
3295,3783,5,5,5,1,3,8680,1,West,2022,10,734000
3296,1093,1,1,3,1,2,5052,1,East,2021,8,275000
3297,2497,3,2,49,1,1,5500,1,Central,2022,4,428000
3298,1015,2,1,32,0,1,2149,1,North,2021,12,163000
3299,1633,3,3,5,0,3,5409,2,North,2021,4,407000
3300,3329,4,4,2,0,1,11624,3,North,2021,11,653000
3301,2277,4,3,17,0,1,11521,2,East,2021,4,464000
3302,3930,5,2,3,0,0,8557,2,East,2022,1,940000
3303,2230,3,1,18,1,1,12206,2,Central,2021,10,463000
3304,2385,3,2,39,1,3,8633,2,West,2022,7,355000
3305,916,1,1,24,1,2,3945,1,Central,2023,1,238000
3306,1847,4,1,25,1,2,10747,1,North,2023,1,391000
3307,1812,3,2,19,1,3,9656,1,North,2022,2,438000
3308,968,1,1,45,0,2,5082,1,North,2022,12,168000
3309,1704,2,1,46,1,3,8257,1,East,2022,1,342000
3310,2209,3,2,17,1,1,12165,1,South,2022,6,322000
3311,2535,5,4,5,0,3,6799,1,West,2022,12,492000
3312,2058,3,1,13,1,0,5263,1,North,2022,8,391000
3313,3113,4,3,3,0,2,15307,2,North,2022,7,616000
3314,1588,3,1,25,0,2,4327,1,East,2021,7,245000
3315,949,2,1,16,0,1,5147,1,South,2021,7,138000
3316,1851,3,1,2,1,1,10412,1,Central,2022,9,462000
3317,2359,3,1,3,1,1,9980,1,Central,2023,1,486000
3318,945,1,1,14,1,0,4858,1,North,2022,4,235000
3319,2912,5,1,43,1,2,11924,1,Central,2022,11,602000
3320,2950,4,4,20,0,3,9696,1,East,2023,6,674000
3321,1840,3,1,28,1,2,8860,1,East,2023,6,429000
3322,1452,3,2,5,1,2,7581,1,North,2021,7,316000
3323,2723,5,1,21,0,0,6091,2,West,2022,10,427000
3324,2373,3,2,12,1,1,12037,2,North,2021,5,450000
3325,3385,5,1,27,0,2,17116,2,South,2022,4,547000
3326,3295,4,1,2,0,3,14175,3,North,2022,6,677000
3327,2558,4,2,15,1,3,7236,2,East,2022,2,709000
3328,1744,2,1,4,1,1,9284,2,West,2021,2,348000
3329,1415,2,1,5,1,2,3423,1,Central,2021,6,302000
3330,1897,3,3,48,1,2,7436,2,West,2023,4,344000
3331,1840,4,2,3,1,2,10922,1,Central,2022,6,478000
3332,3336,4,3,5,1,2,19681,1,West,2021,10,514000
3333,1489,2,2,17,1,2,6324,1,South,2022,12,268000
3334,1226,2,1,41,1,0,4607,1,East,2022,10,198000
3335,3092,5,4,10,1,3,12605,3,East,2023,5,816000
3336,3113,5,2,33,1,0,12199,3,East,2023,3,706000
3337,4292,5,1,41,1,2,11493,2,East,2022,2,916000
3338,3189,4,4,5,1,3,9250,3,West,2021,8,567000
3339,2439,3,2,8,1,2,14511,1,North,2023,6,452000
3340,1929,4,4,6,1,0,7131,2,West,2022,1,363000
3341,2743,5,1,39,0,1,15869,1,North,2022,1,484000
3342,1910,3,2,1,1,2,8051,1,North,2021,12,388000
3343,2498,4,2,5,1,0,6400,1,East,2022,11,483000
3344,1046,1,1,28,1,2,4809,1,East,2022,11,268000
3345,2277,4,3,20,1,1,9252,2,North,2021,1,461000
3346,3034,4,2,11,0,3,13559,3,East,2021,3,741000
3347,1126,2,1,19,1,1,5898,1,East,2021,5,250000
3348,1323,2,1,3,0,2,3752,1,North,2021,3,283000
3349,1908,4,2,11,1,2,4331,2,West,2022,11,386000
3350,1181,1,1,16,1,2,2866,1,South,2022,9,223000
3351,962,1,1,44,1,1,2816,1,West,2022,11,134000
3352,2171,4,1,4,1,2,12378,1,South,2023,4,440000
3353,4472,6,3,41,1,2,24013,1,East,2022,8,936000
3354,2206,4,3,26,0,0,7073,2,Central,2023,4,426000
3355,1079,2,1,1,0,3,5241,1,Central,2021,3,267000
3356,1541,2,1,31,1,3,6438,2,West,2021,9,231000
3357,2296,3,3,1,0,0,11817,2,North,2022,11,455000
3358,2038,4,1,50,0,2,10630,2,North,2022,8,329000
3359,3070,4,2,42,1,2,12775,2,West,2023,1,457000
3360,2108,3,1,4,1,0,5879,1,East,2022,8,456000
3361,2549,4,3,4,1,1,11602,2,Central,2021,12,639000
3362,1252,2,1,8,0,3,7434,1,South,2021,5,220000
3363,2259,4,3,6,0,2,8472,1,East,2021,11,503000
3364,1587,3,2,7,1,3,7874,1,East,2021,7,357000
3365,3891,6,3,5,1,2,11382,3,West,2023,6,756000
3366,2405,3,1,24,1,0,5996,2,South,2021,12,293000
3367,2138,3,1,3,0,0,6185,2,Central,2022,8,417000
3368,1226,3,2,40,0,2,3476,1,East,2022,1,226000
3369,1326,2,1,38,0,2,2976,1,Central,2021,8,186000
3370,2019,3,1,14,1,1,6058,1,East,2021,1,381000
3371,1052,1,1,40,0,2,3225,1,West,2021,3,100000
3372,1908,3,2,3,1,3,5106,1,North,2023,3,464000
3373,1285,2,2,1,0,2,6899,1,West,2022,8,240000
3374,1789,2,1,24,1,1,5818,2,East,2022,2,409000
3375,3273,5,4,13,0,1,6954,3,East,2022,1,726000
3376,3051,4,2,21,1,3,16552,2,North,2021,10,595000
3377,2985,4,2,44,0,3,16505,1,West,2022,8,400000
3378,1146,1,1,48,1,1,2361,1,North,2023,1,194000
3379,1130,2,1,25,1,3,3710,1,North,2022,5,271000
3380,1908,3,3,34,0,1,5591,2,North,2021,3,335000
3381,2479,3,1,2,1,1,8488,2,North,2021,12,436000
3382,2325,3,2,3,1,1,10695,2,West,2023,3,424000
3383,1047,1,1,32,1,0,4220,1,South,2022,10,168000
3384,1374,3,1,11,1,3,3463,1,North,2023,5,346000
3385,959,2,2,12,1,2,2702,1,South,2021,10,249000
3386,3076,5,4,5,0,1,9397,2,East,2021,9,695000
3387,1322,2,1,23,0,3,6470,1,East,2022,1,280000
3388,2027,3,3,3,1,3,9463,2,South,2022,11,436000
3389,1470,3,1,25,1,1,7520,1,East,2022,11,309000
3390,2143,4,3,3,0,2,4521,2,East,2022,8,495000
3391,1738,3,3,2,1,2,7337,2,Central,2022,8,446000
3392,2898,5,1,5,0,2,7873,2,North,2021,4,595000
3393,2749,5,5,3,1,2,12666,2,Central,2021,9,713000
3394,1862,4,3,43,1,1,5454,2,South,2021,11,293000
3395,3709,5,4,2,1,1,22141,2,West,2021,6,692000
3396,3839,6,2,3,0,3,8568,3,East,2023,3,1002000
3397,3163,4,2,19,1,3,18098,1,South,2021,3,498000
3398,2581,4,4,15,1,1,12689,1,West,2021,1,473000
3399,1360,3,1,1,1,0,5630,1,West,2021,5,242000
3400,2468,4,3,1,0,3,9794,2,East,2021,2,525000
3401,1279,2,1,50,1,1,5584,1,East,2022,10,232000
3402,994,2,2,27,1,1,4188,1,North,2023,2,276000
3403,4049,5,2,7,1,1,10786,1,Central,2021,7,844000
3404,2342,3,1,14,1,2,7874,2,Central,2022,6,499000
3405,3350,5,1,4,1,1,13216,1,South,2022,7,534000
3406,2696,5,2,5,0,2,9210,2,West,2022,11,503000
3407,2553,5,1,26,1,0,9849,1,South,2022,5,433000
3408,3775,6,5,42,1,3,22530,2,West,2021,1,683000
3409,1286,3,2,3,1,3,4764,1,East,2022,10,375000
3410,1589,3,1,39,1,3,5051,1,East,2022,4,289000
3411,2220,3,1,2,0,3,7291,1,North,2021,3,414000
3412,1517,3,2,3,1,2,8190,2,Central,2021,9,394000
3413,940,2,1,1,1,1,5441,1,Central,2023,5,329000
3414,2495,3,1,2,1,0,7149,1,West,2023,2,372000
3415,2575,5,4,45,1,0,5493,1,South,2022,10,454000
3416,1793,3,2,13,1,1,9121,1,South,2022,3,331000
3417,2424,3,1,2,1,2,8545,2,East,2021,1,518000
3418,2380,4,1,48,1,3,8721,2,Central,2023,5,464000
3419,1501,2,1,42,1,2,8355,2,Central,2021,10,206000
3420,1587,2,1,34,1,2,3560,2,South,2021,5,221000
3421,3073,5,4,46,1,2,17087,2,West,2021,3,460000
3422,1823,4,1,3,0,1,8736,2,West,2021,5,319000
3423,2991,5,5,39,1,3,8532,1,South,2021,4,505000
3424,1113,2,1,29,1,2,6256,1,East,2023,4,294000
3425,3391,5,2,41,1,1,8011,2,North,2023,6,631000
3426,1941,3,1,36,1,3,8331,2,West,2021,1,308000
3427,1911,3,2,5,0,2,11365,2,Central,2021,2,380000
3428,1616,2,1,35,1,2,7877,2,Central,2021,10,394000
3429,2717,5,2,4,0,2,13008,2,West,2022,2,454000
3430,1795,3,2,5,0,2,10762,2,South,2022,7,384000
3431,2360,3,1,2,1,1,14058,2,West,2022,5,351000
3432,3621,6,1,46,1,3,15791,3,Central,2022,9,907000
3433,3265,4,1,4,1,3,10930,1,West,2022,4,509000
3434,2373,3,1,17,0,2,6836,1,East,2021,12,426000
3435,2991,4,3,8,1,2,13100,1,Central,2021,5,598000
3436,1849,4,1,48,1,3,7322,1,Central,2021,3,377000
3437,1518,3,3,5,0,1,7446,1,Central,2021,2,312000
3438,2321,3,1,35,1,3,12450,1,Central,2021,3,412000
3439,3710,6,6,40,0,2,11213,2,South,2022,6,714000
3440,3907,5,3,11,1,2,8705,1,Central,2021,10,886000
3441,1846,3,3,7,1,2,7292,2,East,2022,7,500000
3442,2166,4,1,33,1,2,9727,2,North,2022,3,399000
3443,1229,2,1,44,1,1,7238,1,West,2021,11,131000
3444,4295,6,6,34,1,2,8734,2,East,2021,11,1010000
3445,3790,5,3,3,1,2,21950,3,South,2021,6,746000
3446,1990,4,3,43,1,2,7845,2,Central,2021,12,373000
3447,2978,5,3,8,1,1,13472,2,North,2022,11,623000
3448,3047,4,2,21,1,2,8668,1,Central,2021,12,617000
3449,2265,3,1,39,1,2,8282,1,North,2022,12,362000
3450,1267,3,2,3,0,3,6642,1,South,2022,3,297000
3451,1916,4,3,36,0,3,8282,1,East,2022,12,385000
3452,1868,3,2,23,1,3,10304,1,West,2022,6,269000
3453,1969,3,1,43,0,1,10996,1,South,2022,1,254000
3454,2126,3,2,3,1,3,6690,2,Central,2023,4,548000
3455,4404,6,2,10,1,1,25006,2,West,2021,5,650000
3456,1409,2,1,39,1,1,5733,1,West,2021,7,173000
3457,2078,4,3,1,1,1,4530,1,North,2021,6,458000
3458,1701,3,2,2,1,3,4380,1,East,2022,9,486000
3459,2423,4,3,50,0,1,5781,2,Central,2021,2,393000
3460,2340,4,3,4,1,1,6388,2,South,2023,2,461000
3461,1380,2,2,49,1,1,4252,1,North,2022,10,211000
3462,1227,2,1,3,0,2,7233,1,East,2021,11,298000
3463,1809,3,1,6,0,3,5778,2,Central,2023,4,502000
3464,1980,4,2,33,0,2,6324,1,East,2021,9,378000
3465,1220,3,2,27,0,2,5167,1,East,2021,10,257000
3466,2924,4,4,22,0,1,16744,1,West,2023,4,432000
3467,1647,3,2,18,1,1,4900,2,Central,2021,4,404000
3468,2177,4,3,40,1,1,7490,2,North,2022,4,403000
3469,3385,4,3,3,1,2,17457,2,North,2021,4,676000
3470,1126,1,1,12,0,2,3698,1,North,2021,1,240000
3471,1049,2,2,3,1,1,5319,1,North,2021,12,280000
3472,2517,4,1,23,1,3,14548,2,South,2023,6,545000
3473,1868,4,2,4,1,3,9971,2,South,2022,1,417000
3474,2167,4,1,5,1,1,9322,1,East,2022,5,462000
3475,3458,4,2,14,1,0,15296,3,South,2021,8,548000
3476,3099,4,1,1,1,2,10354,1,East,2022,9,698000
3477,4094,6,4,2,1,1,22780,1,Central,2023,1,1000000
3478,2338,3,1,29,0,1,8272,1,North,2021,5,289000
3479,2028,3,2,11,1,1,11480,1,South,2022,9,369000
3480,1903,4,2,41,1,3,7164,1,South,2021,8,326000
3481,1056,2,1,29,0,2,4797,1,East,2022,12,222000
3482,1801,3,2,1,1,0,4534,1,West,2023,6,324000
3483,1237,3,3,24,1,0,6503,1,Central,2023,4,294000
3484,3736,5,2,2,1,1,22215,3,East,2022,10,964000
3485,1989,3,1,35,0,1,11190,2,Central,2022,2,395000
3486,2184,4,3,50,0,2,10902,2,West,2023,2,371000
3487,2454,3,3,18,1,3,5243,1,North,2022,8,449000
3488,1151,1,1,29,1,1,3893,1,South,2023,5,192000
3489,1411,3,2,3,1,1,5919,1,West,2021,2,234000
3490,2164,3,2,12,1,1,10053,1,Central,2022,4,415000
3491,1570,3,1,41,1,0,6941,2,South,2021,1,199000
3492,2302,4,4,3,1,3,12404,2,South,2023,5,522000
3493,2846,5,2,4,1,1,9264,2,Central,2022,1,738000
3494,2764,5,3,12,1,1,16310,1,North,2021,9,564000
3495,2382,4,1,31,1,1,7820,1,West,2022,11,298000
3496,1400,3,2,7,0,2,7954,1,North,2022,6,278000
3497,3490,4,3,45,1,3,14478,2,North,2022,10,618000
3498,3241,5,2,2,1,1,13850,1,East,2022,5,719000
3499,1557,3,2,7,1,2,7806,1,West,2021,5,279000
3500,3258,4,4,30,1,0,16806,1,North,2023,1,579000
3501,1402,3,2,3,1,2,7569,1,West,2021,9,302000
3502,2972,5,2,27,1,2,12358,2,North,2021,12,604000
3503,3673,6,4,3,1,2,19110,3,East,2023,2,1077000
3504,1260,3,2,2,1,2,7227,1,South,2022,6,309000
3505,2674,4,1,2,0,3,8161,1,West,2023,3,475000
3506,1744,3,2,46,0,2,5733,2,Central,2023,3,361000
3507,4238,5,4,19,1,2,14013,1,North,2023,2,884000
3508,2160,3,1,36,1,2,10402,1,North,2023,1,397000
3509,3001,4,1,5,1,2,17992,1,Central,2021,7,636000
3510,1088,1,1,22,1,1,5414,1,East,2022,7,223000
3511,2156,3,1,16,0,1,10515,2,East,2022,10,445000
3512,1557,2,1,47,1,0,7970,1,North,2022,8,201000
3513,4481,5,2,33,1,2,23738,3,Central,2022,11,910000
3514,2561,5,1,32,0,2,9703,2,Central,2023,6,613000
3515,3037,5,4,1,0,1,9650,1,North,2022,11,618000
3516,3535,5,1,19,1,2,9692,3,East,2023,6,1025000
3517,976,1,1,14,1,3,5737,1,Central,2021,12,267000
3518,2438,3,1,46,0,1,7414,1,East,2021,3,343000
3519,1584,2,1,4,1,1,9038,1,East,2022,4,338000
3520,949,2,2,4,1,3,4311,1,South,2023,6,272000
3521,906,1,1,10,1,2,5088,1,North,2022,1,275000
3522,2023,3,2,3,1,1,11925,2,West,2022,10,378000
3523,1040,2,1,2,1,2,5912,1,East,2021,5,307000
3524,1545,2,1,41,0,2,8795,2,East,2021,2,232000
3525,1136,1,1,20,0,2,5298,1,South,2021,11,182000
3526,969,1,1,41,1,2,3565,1,West,2022,4,129000
3527,4225,6,4,39,1,2,21928,3,West,2022,5,687000
3528,2655,4,2,4,1,2,8290,2,East,2021,1,687000
3529,3510,6,4,19,1,1,14938,2,Central,2021,2,870000
3530,1824,4,3,2,1,2,4919,1,North,2021,11,417000
3531,1417,3,1,45,0,3,3497,1,West,2022,6,185000
3532,2967,5,3,9,1,1,10604,1,East,2021,7,695000
3533,1983,3,3,9,0,2,7919,2,South,2022,12,396000
3534,961,1,1,5,1,1,3136,1,North,2021,1,243000
3535,1532,3,2,13,0,1,7576,1,South,2022,12,263000
3536,1553,2,1,4,0,3,7327,2,Central,2022,4,339000
3537,1582,2,2,7,0,0,3388,2,West,2022,2,272000
3538,2232,4,3,37,1,1,13222,1,West,2021,5,261000
3539,2095,3,2,39,0,2,4789,2,North,2022,4,373000
3540,1575,3,1,5,1,2,8720,2,Central,2023,6,415000
3541,1399,3,1,14,1,2,7633,1,South,2021,9,255000
3542,2517,4,1,42,1,1,5823,1,West,2023,6,377000
3543,906,1,1,2,1,0,4976,1,Central,2021,6,230000
3544,2145,4,2,43,1,1,7285,1,North,2022,1,349000
3545,3065,5,1,3,1,2,13843,2,West,2021,12,522000
3546,1321,3,2,28,1,2,2917,1,North,2021,8,282000
3547,912,2,2,22,1,2,4122,1,North,2022,7,260000
3548,1618,3,1,20,1,2,3359,1,West,2021,6,283000
3549,2143,3,1,41,1,1,4904,1,North,2022,4,358000
3550,2340,3,2,2,1,2,7065,1,East,2023,5,544000
3551,2782,5,2,5,1,0,14301,1,South,2023,1,513000
3552,1448,3,2,19,1,1,8418,1,East,2021,11,275000
3553,1894,3,1,37,1,2,6510,1,North,2021,8,337000
3554,1618,3,1,3,0,1,6595,2,West,2022,7,328000
3555,1414,2,1,37,0,2,2859,1,North,2021,8,166000
3556,2433,3,1,9,1,1,5343,2,Central,2021,6,454000
3557,1590,2,1,3,1,2,3435,1,West,2022,12,305000
3558,2041,3,2,34,0,1,6480,1,East,2023,4,399000
3559,1083,2,1,2,1,3,2263,1,Central,2022,2,354000
3560,1710,2,2,17,1,1,8298,1,North,2023,2,408000
3561,1699,2,1,2,1,2,5130,1,South,2023,3,362000
3562,3037,4,1,6,1,3,10432,2,North,2021,6,617000
3563,1052,1,1,23,1,2,4726,1,South,2023,6,217000
3564,1847,4,1,20,1,2,6538,2,Central,2021,5,431000
3565,1797,3,1,9,1,2,9286,1,North,2021,12,359000
3566,3135,4,2,11,1,2,9977,1,Central,2021,3,602000
3567,2140,4,2,3,1,3,12564,1,West,2022,3,353000
3568,1859,3,2,13,1,0,9739,2,North,2023,6,422000
3569,3335,5,1,47,1,3,11352,2,Central,2023,3,693000
3570,2863,4,2,40,0,2,9863,2,Central,2021,8,513000
3571,1874,4,1,2,0,3,3889,2,Central,2021,11,447000
3572,2415,4,2,1,1,0,14427,1,East,2022,6,493000
3573,2907,5,3,46,1,3,12227,2,South,2021,8,490000
3574,3581,5,3,18,1,1,15828,3,South,2022,4,753000
3575,2883,4,1,19,1,2,15679,2,West,2021,8,438000
3576,2016,3,2,35,1,2,7227,1,South,2023,2,304000
3577,1370,2,1,5,0,2,3477,1,West,2022,11,222000
3578,2179,4,1,15,1,2,8223,1,West,2023,1,358000
3579,2750,5,1,48,1,1,6165,1,South,2021,5,361000
3580,2314,4,3,28,1,2,13571,2,East,2021,8,488000
3581,1832,3,1,3,0,1,7550,1,Central,2023,5,393000
3582,2808,5,1,2,1,2,13441,1,South,2021,1,514000
3583,2301,3,2,3,1,2,10146,2,South,2021,3,400000
3584,3348,4,1,34,1,0,16585,2,North,2021,9,517000
3585,2469,4,4,4,1,2,5818,2,South,2022,2,488000
3586,1683,3,1,1,0,2,6780,1,South,2021,9,306000
3587,2270,3,3,47,1,1,6089,1,North,2022,3,359000
3588,3379,5,5,3,1,3,18820,1,North,2022,5,709000
3589,1565,2,1,1,1,2,8091,2,East,2022,1,391000
3590,932,1,1,3,1,1,3295,1,South,2023,3,244000
3591,3596,6,1,3,1,1,9736,1,North,2021,1,787000
3592,1315,2,1,10,1,2,6090,1,Central,2021,9,267000
3593,1989,3,1,45,1,1,4454,1,East,2022,6,379000
3594,1987,3,1,42,0,1,9339,1,North,2021,2,263000
3595,2166,3,2,13,1,0,7521,2,Central,2023,3,481000
3596,2088,4,1,10,1,2,6931,2,South,2022,9,404000
3597,957,1,1,20,0,2,2000,1,South,2021,12,167000
3598,2253,4,4,3,0,1,6671,1,Central,2023,1,465000
3599,1610,2,1,2,0,2,5397,2,North,2021,10,343000
3600,2320,4,2,46,1,3,4839,1,Central,2021,3,436000
3601,1075,2,1,3,1,3,5882,1,Central,2022,7,318000
3602,1685,3,3,3,0,3,9636,2,South,2021,11,386000
3603,1411,3,1,14,0,3,3220,1,North,2022,12,265000
3604,1344,2,1,15,1,1,5361,1,North,2021,6,246000
3605,1560,2,1,1,0,1,3564,1,North,2021,3,291000
3606,1239,3,3,2,1,2,4623,1,Central,2021,8,303000
3607,3080,5,1,7,1,2,9542,2,East,2022,8,770000
3608,997,1,1,29,1,3,5780,1,North,2022,5,237000
3609,4417,5,2,3,1,1,17388,1,East,2021,4,943000
3610,4041,6,3,11,1,2,20467,2,South,2023,5,797000
3611,1644,3,1,20,0,2,8034,2,South,2021,2,319000
3612,1135,2,1,43,1,2,4028,1,North,2023,4,219000
3613,1817,3,2,5,1,2,5005,1,West,2021,5,313000
3614,3423,5,3,2,0,1,17393,3,North,2022,12,677000
3615,2489,4,4,15,1,3,13089,1,East,2021,1,528000
3616,1480,3,1,33,1,2,6664,1,North,2021,10,251000
3617,2087,3,1,2,0,2,9940,1,East,2023,2,481000
3618,2778,4,3,11,1,1,15475,2,South,2021,10,528000
3619,2548,5,3,1,1,2,13014,2,North,2021,8,633000
3620,976,2,1,1,1,1,2562,1,East,2021,8,269000
3621,2301,3,1,15,1,1,6880,2,East,2021,2,458000
3622,1187,2,1,4,1,1,5146,1,South,2022,1,287000
3623,1456,2,1,40,1,0,5253,1,West,2023,2,196000
3624,3078,5,3,23,0,2,6868,1,South,2021,2,502000
3625,1573,2,1,13,1,1,5425,2,West,2022,8,261000
3626,933,2,2,10,1,3,5461,1,East,2022,7,327000
3627,1083,2,1,16,1,0,2597,1,Central,2021,2,246000
3628,3452,5,4,1,1,0,13944,1,East,2023,4,780000
3629,3371,4,3,43,1,3,19155,3,North,2022,8,657000
3630,1923,3,1,50,1,1,5984,1,Central,2022,8,315000
3631,2517,4,3,3,1,0,11011,1,West,2023,4,497000
3632,1112,1,1,2,0,1,3482,1,Central,2021,9,264000
3633,2202,3,2,2,1,3,11107,2,North,2023,4,497000
3634,1748,2,1,27,1,3,7996,2,East,2021,9,401000
3635,1307,2,2,27,1,1,5787,1,East,2021,2,264000
3636,1679,2,1,40,1,2,8456,2,West,2022,11,272000
3637,3807,6,2,33,1,2,11440,3,Central,2022,8,902000
3638,1066,1,1,12,1,3,3446,1,East,2023,5,299000
3639,1477,2,1,24,0,0,8516,1,West,2022,2,202000
3640,1146,1,1,29,0,3,4777,1,South,2022,12,167000
3641,1480,3,3,17,0,1,4056,1,South,2021,1,222000
3642,4355,5,4,14,1,1,24296,3,South,2021,2,766000
3643,2470,4,1,26,0,1,5605,1,North,2023,1,366000
3644,1999,4,2,20,1,2,4701,2,South,2022,6,361000
3645,3194,5,4,26,1,2,16596,2,North,2022,5,634000
3646,1453,2,1,24,1,2,4312,1,East,2023,6,343000
3647,1940,3,2,31,1,2,7324,1,East,2022,2,430000
3648,1994,4,1,26,0,2,5000,2,West,2022,5,273000
3649,2374,4,1,17,1,2,13690,2,East,2021,10,516000
3650,4258,5,4,28,0,1,20146,3,East,2022,11,977000
3651,2644,4,3,12,1,2,8239,2,South,2022,6,541000
3652,2410,3,3,3,0,1,9573,2,Central,2022,2,477000
3653,3206,5,1,1,1,2,15547,1,North,2022,1,651000
3654,980,2,1,20,1,2,5162,1,Central,2021,12,292000
3655,1412,3,2,22,1,2,3711,1,East,2022,6,350000
3656,1254,2,2,49,1,2,5408,1,North,2022,11,228000
3657,1655,2,2,6,0,1,8262,2,South,2021,11,281000
3658,1701,2,1,9,1,2,5610,2,North,2021,6,390000
3659,2048,4,4,3,1,1,8803,2,North,2021,6,479000
3660,3738,6,2,2,1,3,18205,1,South,2021,12,730000
3661,2459,3,3,35,1,1,7535,2,East,2021,7,437000
3662,1678,2,1,3,0,2,8956,1,North,2023,5,394000
3663,1248,3,1,23,1,2,7345,1,West,2022,4,214000
3664,1519,2,1,29,1,3,8564,2,Central,2022,3,343000
3665,2388,3,3,14,1,2,10270,2,East,2022,2,512000
3666,2229,3,1,42,1,1,7184,2,South,2022,6,278000
3667,3478,5,5,12,1,2,19324,3,North,2021,12,690000
3668,1509,3,2,4,0,1,6485,1,North,2022,4,299000
3669,1306,2,2,43,0,2,4229,1,West,2021,12,154000
3670,2393,3,2,41,1,3,8038,1,West,2022,1,330000
3671,1234,3,3,3,1,1,6223,1,East,2022,12,327000
3672,930,2,2,1,1,2,3885,1,North,2022,3,297000
3673,3150,5,1,2,1,3,17602,2,South,2023,5,602000
3674,1179,1,1,4,1,1,3464,1,Central,2023,2,294000
3675,2403,3,1,49,1,2,14134,2,East,2023,6,431000
3676,1361,3,2,20,1,3,5879,1,Central,2021,10,311000
3677,1402,2,1,7,0,3,6417,1,Central,2021,11,349000
3678,1834,3,1,43,1,2,5789,2,Central,2021,5,404000
3679,2865,4,2,13,1,0,14227,2,South,2022,8,487000
3680,2167,4,3,5,0,1,11273,1,South,2021,6,352000
3681,3464,5,3,46,1,2,13777,3,South,2022,5,544000
3682,1284,2,2,40,1,1,2661,1,Central,2022,5,245000
3683,2943,5,2,40,1,1,17158,2,South,2021,12,485000
3684,1090,1,1,17,1,2,5458,1,West,2021,1,181000
3685,2297,4,4,36,0,2,8989,1,Central,2021,3,382000
3686,2200,3,1,3,0,3,10261,1,Central,2022,9,470000
3687,4177,5,4,21,0,1,19608,1,East,2021,8,877000
3688,1990,3,3,49,1,1,7779,1,North,2021,5,322000
3689,987,2,1,4,0,3,5143,1,North,2023,4,258000
3690,1533,2,1,36,1,2,8300,1,East,2022,1,267000
3691,2803,4,1,15,1,3,10875,2,Central,2021,5,650000
3692,2418,3,2,1,0,3,6826,2,Central,2022,12,484000
3693,2753,4,3,34,1,3,11354,1,North,2022,2,532000
3694,975,1,1,3,1,2,3204,1,South,2023,4,244000
3695,1685,3,1,25,1,1,5218,1,East,2022,3,383000
3696,1174,2,1,2,1,2,3043,1,East,2021,11,285000
3697,3658,6,6,47,1,2,8947,2,North,2022,9,839000
3698,1990,4,2,4,1,1,4772,2,South,2021,10,357000
3699,4229,6,5,3,1,2,17559,3,Central,2021,5,988000
3700,1549,3,2,2,0,0,3857,2,Central,2023,5,355000
3701,1758,3,1,47,1,2,4407,2,East,2021,7,372000
3702,2358,4,2,31,1,0,9792,2,West,2023,2,347000
3703,1999,4,2,33,1,2,7567,1,South,2023,5,346000
3704,2825,5,4,16,0,3,10639,1,West,2021,6,439000
3705,3870,5,3,14,1,0,20228,3,North,2021,4,822000
3706,2610,5,1,2,1,2,9735,2,South,2022,3,564000
3707,2594,5,4,20,0,1,12391,2,North,2022,1,570000
3708,905,2,1,3,1,3,3259,1,South,2021,3,247000
3709,1215,3,1,49,0,3,2708,1,Central,2022,9,246000
3710,3956,5,3,36,0,3,17574,3,Central,2021,12,882000
3711,1268,3,3,10,1,3,5519,1,West,2021,6,250000
3712,3280,4,3,3,1,2,14450,3,West,2021,7,561000
3713,2777,4,3,36,1,1,15485,2,South,2022,6,502000
3714,1705,3,2,2,1,1,4526,2,East,2023,3,490000
3715,3636,5,4,3,1,2,19468,1,West,2021,4,624000
3716,1690,2,1,3,1,2,4232,2,East,2021,10,440000
3717,1792,3,3,20,1,2,7718,1,North,2022,9,404000
3718,1341,3,1,36,0,1,6161,1,West,2022,7,181000
3719,2060,3,2,5,1,1,5855,1,South,2022,4,360000
3720,1470,2,1,2,0,2,5576,1,North,2021,3,231000
3721,2169,4,2,13,1,1,11839,1,East,2022,12,450000
3722,3025,5,5,33,0,2,12054,3,North,2021,10,612000
3723,3918,5,1,3,0,2,22385,2,West,2021,7,674000
3724,1005,1,1,3,1,2,2072,1,West,2023,2,246000
3725,1627,2,2,47,1,0,8418,1,South,2021,1,238000
3726,3592,6,4,47,1,3,13225,3,Central,2023,1,904000
3727,1262,2,1,50,1,0,6851,1,Central,2022,12,182000
3728,1467,3,2,37,0,1,4803,1,North,2021,8,164000
3729,995,2,1,3,1,2,2454,1,West,2022,11,248000
3730,2212,3,1,3,1,0,9983,1,South,2021,11,320000
3731,1512,3,2,5,1,0,8138,1,West,2022,4,280000
3732,4304,6,2,5,1,0,16115,3,Central,2023,6,970000
3733,1933,4,2,47,1,2,9945,1,North,2022,5,399000
3734,2485,4,2,36,1,3,12887,2,West,2022,4,413000
3735,1294,3,1,31,1,2,6385,1,Central,2022,9,235000
3736,1613,3,1,3,1,2,7433,2,South,2021,8,371000
3737,1899,4,3,44,1,1,10058,1,North,2021,5,323000
3738,2924,4,1,39,1,0,10709,2,North,2021,7,521000
3739,2898,4,1,3,1,0,6333,1,North,2021,9,526000
3740,2398,4,3,42,1,3,7702,2,North,2021,2,454000
3741,3587,5,2,4,1,1,11155,2,South,2021,10,721000
3742,3243,5,3,2,0,3,12262,3,South,2022,8,584000
3743,3423,5,3,27,1,1,20072,1,North,2021,9,578000
3744,1472,3,2,27,0,2,8341,1,West,2022,6,225000
3745,1148,2,2,2,0,3,6862,1,Central,2022,1,323000
3746,1485,2,2,5,0,1,4583,1,Central,2022,12,296000
3747,2134,3,1,50,0,2,7302,2,South,2021,8,280000
3748,1774,3,2,28,1,1,6743,2,West,2022,1,307000
3749,2302,3,1,32,1,1,12407,1,Central,2021,5,387000
3750,2890,5,1,3,1,1,16700,1,Central,2023,2,636000
3751,2674,4,3,2,1,3,5940,1,Central,2021,8,649000
3752,3643,6,4,4,0,1,21410,2,West,2021,3,672000
3753,1876,3,2,3,1,1,11226,1,South,2022,5,392000
3754,1909,4,3,3,1,3,9543,2,North,2021,12,479000
3755,1174,2,1,3,0,1,5622,1,East,2022,10,281000
3756,1404,3,1,21,0,2,4829,1,North,2021,12,271000
3757,1049,1,1,5,1,3,6137,1,Central,2021,7,278000
3758,1665,3,2,38,0,1,5035,2,South,2021,8,280000
3759,1772,2,1,3,1,1,5544,2,Central,2023,1,451000
3760,2946,5,2,13,0,3,13432,1,West,2022,4,477000
3761,1182,1,1,1,0,1,6071,1,East,2021,7,231000
3762,2932,4,2,15,0,1,13979,1,North,2022,10,521000
3763,1907,4,1,2,1,2,10511,1,South,2021,11,387000
3764,1395,2,1,49,0,2,4579,1,West,2022,5,181000
3765,2402,3,1,36,0,0,12608,1,Central,2022,4,349000
3766,978,2,1,15,1,1,2473,1,Central,2022,10,257000
3767,1970,4,3,2,1,1,7008,1,North,2022,3,466000
3768,1858,3,2,22,1,1,8397,1,North,2021,8,362000
3769,1152,2,1,34,1,2,4564,1,North,2021,3,167000
3770,1540,3,2,3,1,1,8930,2,South,2023,6,369000
3771,2108,3,3,21,0,2,6468,2,Central,2023,3,429000
3772,4109,5,2,38,1,2,20484,1,North,2023,1,809000
3773,2232,4,3,34,1,1,6866,2,East,2022,3,463000
3774,2701,4,2,37,1,1,9038,1,East,2021,11,568000
3775,2069,4,2,42,1,1,6925,1,South,2022,7,312000
3776,3610,6,6,46,0,0,16881,2,West,2021,12,586000
3777,2639,4,4,9,1,2,10275,1,East,2022,6,689000
3778,1912,3,1,21,1,2,11030,2,South,2021,5,368000
3779,1607,3,2,36,1,1,9253,1,West,2022,4,289000
3780,3472,4,2,30,1,2,16292,2,South,2023,6,584000
3781,2006,3,1,50,1,3,5701,1,West,2023,4,291000
3782,1941,4,1,1,0,0,10311,1,Central,2022,3,397000
3783,1535,2,1,6,1,2,7305,2,West,2021,12,277000
3784,2890,5,1,4,1,2,17011,1,East,2021,11,698000
3785,3324,4,3,4,0,0,6690,2,West,2023,4,529000
3786,1237,2,1,3,1,2,6950,1,Central,2022,10,266000
3787,2051,4,2,30,1,3,6841,2,South,2023,3,416000
3788,1943,4,4,2,1,0,11655,2,West,2022,2,342000
3789,1340,2,2,33,0,3,7495,1,East,2023,5,295000
3790,4336,6,2,29,1,1,25183,2,Central,2022,9,893000
3791,1566,3,1,4,0,1,8020,1,South,2022,8,247000
3792,1508,3,1,4,1,2,7152,2,Central,2021,3,372000
3793,1740,2,1,25,1,0,4597,2,East,2021,12,364000
3794,2808,5,3,34,1,2,16045,1,South,2022,11,492000
3795,1228,3,1,42,0,0,4765,1,East,2022,10,190000
3796,2218,4,2,40,1,2,9120,2,South,2023,6,385000
3797,2312,3,2,48,1,2,11160,1,North,2022,7,382000
3798,1105,2,1,22,1,2,5633,1,North,2022,8,238000
3799,1390,3,3,44,1,1,5419,1,South,2022,5,234000
3800,1922,3,3,37,1,1,8239,1,East,2021,8,389000
3801,1081,1,1,43,1,1,5068,1,South,2022,10,152000
3802,4488,6,5,1,1,2,24786,2,North,2021,1,925000
3803,2908,4,4,48,1,1,11608,1,East,2022,10,624000
3804,4492,6,1,14,1,2,25995,2,North,2021,9,880000
3805,1226,2,1,37,1,1,5175,1,South,2022,12,186000
3806,3799,6,6,2,1,2,22656,3,North,2022,5,954000
3807,2353,4,2,9,1,2,12626,1,East,2023,2,543000
3808,2312,3,2,4,0,2,12608,1,North,2022,6,432000
3809,1548,3,2,4,1,2,7649,2,South,2021,11,317000
3810,1402,3,1,2,0,2,6421,1,East,2022,6,355000
3811,2190,3,2,37,1,3,8115,2,North,2021,4,416000
3812,2401,4,3,1,1,2,8673,1,East,2021,10,559000
3813,1148,2,1,5,1,2,3373,1,South,2022,11,231000
3814,1934,3,2,3,1,3,11024,2,Central,2023,3,531000
3815,1285,2,1,22,0,3,6738,1,West,2022,11,231000
3816,1888,4,3,4,1,2,7856,2,Central,2022,12,523000
3817,2437,4,2,4,1,0,12555,1,East,2023,6,508000
3818,3305,5,3,15,1,2,9087,3,East,2022,10,737000
3819,2903,5,2,26,1,1,11201,2,Central,2021,11,643000
3820,1974,4,2,2,1,2,9327,1,South,2022,10,392000
3821,1717,3,2,3,1,2,5537,2,East,2023,6,509000
3822,2178,4,2,3,1,2,9068,2,South,2021,5,457000
3823,2705,5,3,49,1,2,12350,1,East,2022,8,591000
3824,2207,4,2,9,1,2,11213,1,North,2022,6,467000
3825,1458,3,2,23,0,1,8528,1,West,2023,5,218000
3826,1084,1,1,3,1,1,5654,1,Central,2022,12,261000
3827,2299,3,1,15,1,2,7223,1,North,2021,7,402000
3828,2387,4,3,2,1,2,11380,2,Central,2022,2,548000
3829,3064,4,1,1,1,2,6694,1,South,2022,6,555000
3830,927,1,1,14,1,1,5415,1,North,2022,4,250000
3831,2345,4,2,9,1,1,10347,1,West,2022,2,354000
3832,2973,4,2,2,0,2,10680,1,North,2021,4,546000
3833,3466,5,3,29,1,2,8354,3,East,2022,10,738000
3834,2326,3,2,50,0,1,7953,1,North,2021,1,302000
3835,1815,4,4,9,0,2,7101,2,East,2022,4,489000
3836,2049,3,1,25,1,0,11234,2,East,2021,11,337000
3837,4317,6,1,48,1,0,16698,3,Central,2021,1,808000
3838,1198,1,1,39,1,0,4914,1,West,2021,11,113000
3839,4352,6,4,13,1,2,11133,2,North,2022,2,928000
3840,2310,3,2,32,1,3,9156,1,South,2021,3,322000
3841,1671,3,3,2,1,1,6149,2,Central,2021,4,459000
3842,1318,3,1,17,0,0,4153,1,West,2023,1,180000
3843,2290,3,1,4,1,2,13693,2,East,2021,12,500000
3844,2112,3,3,3,1,3,9178,2,East,2023,3,567000
3845,1042,1,1,11,1,1,3707,1,South,2021,12,202000
3846,2249,4,3,2,0,1,12997,1,East,2022,1,461000
3847,3811,5,1,30,1,1,14151,2,West,2023,4,599000
3848,1848,4,3,13,1,1,6162,1,North,2021,4,412000
3849,2759,4,3,18,1,2,14948,2,Central,2021,2,601000
3850,1574,3,1,2,1,3,7470,2,South,2022,5,338000
3851,1758,3,1,2,1,2,9161,1,East,2021,11,472000
3852,1333,3,1,22,0,3,4495,1,North,2023,4,295000
3853,2409,3,3,49,1,2,6513,1,East,2022,9,434000
3854,3887,5,1,2,1,3,8334,3,South,2022,10,797000
3855,1676,2,1,4,0,1,5954,2,South,2022,7,332000
3856,1359,2,1,41,1,1,3120,1,Central,2021,5,215000
3857,2213,3,2,2,1,2,8206,2,East,2022,7,507000
3858,2091,4,2,42,1,1,8166,1,East,2022,6,466000
3859,2197,3,2,18,0,1,4938,2,East,2022,2,441000
3860,2911,4,1,10,0,2,13098,2,North,2023,3,612000
3861,3048,4,1,5,0,1,7826,3,South,2023,2,561000
3862,2119,4,1,4,1,2,4691,1,South,2022,9,385000
3863,2491,4,1,5,1,1,11656,1,East,2023,6,510000
3864,1328,2,1,43,0,2,2768,1,Central,2022,1,244000
3865,1456,3,2,31,1,1,3280,1,North,2023,6,277000
3866,1638,2,1,28,0,2,4689,2,West,2021,4,249000
3867,2410,3,3,37,0,0,13013,2,North,2021,3,363000
3868,1969,3,1,4,1,2,6362,2,South,2022,1,393000
3869,2319,3,2,24,0,2,11474,2,East,2022,7,455000
3870,1449,2,1,13,0,1,3004,1,North,2022,6,272000
3871,2209,3,2,35,1,1,6260,2,East,2022,9,441000
3872,1553,2,1,5,1,1,7894,1,South,2021,1,215000
3873,987,1,1,26,1,2,3157,1,Central,2021,3,249000
3874,2612,4,4,42,1,2,7082,2,West,2022,5,427000
3875,1154,1,1,9,1,1,6865,1,South,2021,3,209000
3876,2274,4,2,2,1,2,9771,2,North,2023,1,487000
3877,1580,2,2,17,1,3,7685,1,North,2022,5,314000
3878,2864,5,5,5,1,0,14410,1,North,2022,3,614000
3879,1771,3,1,28,1,2,5516,1,West,2023,5,311000
3880,1562,2,1,47,1,2,4882,1,Central,2021,5,215000
3881,2228,3,1,15,1,2,9377,1,North,2022,8,454000
3882,2546,5,3,14,1,0,6011,2,East,2022,4,674000
3883,4077,6,6,27,1,1,14340,2,South,2021,1,752000
3884,1560,3,2,2,1,0,6721,2,West,2023,4,322000
3885,3194,4,1,4,0,2,10891,2,North,2021,3,611000
3886,4163,5,4,45,1,2,18497,1,Central,2023,1,836000
3887,3910,6,3,28,1,1,9662,1,West,2021,7,595000
3888,2371,4,2,1,0,1,10857,2,Central,2023,6,490000
3889,1940,3,1,3,1,1,5234,1,South,2022,3,347000
3890,2416,4,2,29,1,3,13017,1,East,2022,6,497000
3891,2941,4,1,34,1,1,10829,1,West,2021,8,400000
3892,1709,2,2,39,1,2,5214,2,West,2022,10,281000
3893,1611,2,1,4,1,2,4815,1,North,2021,4,366000
3894,1701,2,1,46,1,3,10144,1,Central,2021,12,377000
3895,2765,4,2,20,0,2,11528,2,Central,2023,2,634000
3896,2728,4,3,29,1,1,11493,1,North,2022,2,503000
3897,1422,2,1,23,1,3,8495,1,East,2021,6,316000
3898,3265,5,2,2,1,2,18358,1,South,2022,10,580000
3899,2132,4,3,48,1,2,6508,1,Central,2023,6,446000
3900,3072,5,3,2,1,0,17385,3,West,2021,9,541000
3901,2195,4,1,4,1,0,9571,2,South,2021,7,356000
3902,2305,3,2,38,1,2,5494,1,North,2021,3,380000
3903,4090,6,3,24,0,3,9523,3,South,2022,2,758000
3904,1126,2,2,39,0,2,2905,1,North,2021,2,204000
3905,2957,5,5,17,1,3,15491,2,North,2022,1,704000
3906,1984,4,2,7,0,2,10526,1,West,2022,10,334000
3907,2001,4,3,45,1,1,8507,1,West,2023,6,324000
3908,2075,3,1,1,1,2,11669,1,East,2021,3,485000
3909,2391,4,1,41,1,2,14167,2,West,2023,3,360000
3910,2296,4,1,3,1,2,13709,2,North,2021,4,501000
3911,1502,3,2,40,1,3,6625,2,South,2022,2,303000
3912,1412,2,1,2,1,1,4997,1,West,2022,10,245000
3913,1054,1,1,21,0,0,3930,1,South,2023,2,174000
3914,3854,6,5,43,1,3,14378,1,South,2022,5,723000
3915,3526,6,5,14,0,1,15227,1,North,2022,3,846000
3916,2095,3,2,33,0,2,5482,1,East,2022,9,413000
3917,2608,5,2,37,1,3,11203,2,Central,2021,1,612000
3918,1903,3,1,32,1,1,10863,1,East,2021,12,403000
3919,2026,4,3,45,0,3,10754,2,North,2021,9,364000
3920,3443,4,3,12,1,1,14565,1,Central,2021,9,618000
3921,4485,6,1,3,1,2,12698,3,North,2021,12,927000
3922,1688,2,1,1,0,0,6628,2,East,2023,2,425000
3923,2619,5,3,3,1,2,14462,2,South,2021,6,604000
3924,1045,1,1,2,1,2,4915,1,Central,2023,5,316000
3925,3857,6,3,20,1,2,21369,3,West,2022,2,722000
3926,1219,3,2,3,1,2,3837,1,East,2023,6,364000
3927,1952,4,1,1,0,3,5145,2,West,2022,7,402000
3928,2067,3,1,1,0,2,8275,2,East,2023,3,498000
3929,2404,3,1,39,0,3,8509,2,North,2021,5,364000
3930,1111,2,1,22,1,2,4328,1,West,2023,1,229000
3931,4034,5,2,6,0,2,15802,1,East,2023,3,933000
3932,1394,3,1,43,0,1,4496,1,West,2021,3,134000
3933,1957,4,2,2,0,3,8218,1,North,2022,9,446000
3934,1387,2,1,49,1,0,7090,1,North,2023,4,180000
3935,1700,2,2,24,0,1,3765,1,East,2023,6,407000
3936,2049,3,3,3,1,1,6094,2,East,2021,11,483000
3937,2340,4,3,28,1,1,12320,2,South,2022,12,394000
3938,1363,3,1,34,1,3,6711,1,South,2022,4,205000
3939,1226,3,2,11,0,1,6739,1,West,2021,3,205000
3940,1669,2,1,41,0,3,6508,2,North,2022,8,305000
3941,2808,5,4,3,1,2,7150,2,East,2023,1,762000
3942,2546,5,4,4,1,3,13166,2,East,2021,1,697000
3943,1017,2,1,2,1,2,6083,1,South,2022,12,241000
3944,1624,2,1,3,0,1,6986,2,Central,2021,5,372000
3945,1251,3,1,3,0,2,6575,1,North,2022,11,283000
3946,1563,3,1,45,1,2,5633,2,Central,2021,9,295000
3947,1712,3,1,2,1,1,5873,1,West,2021,6,264000
3948,2294,3,3,11,1,1,13294,2,East,2022,5,505000
3949,1068,2,1,18,1,1,3545,1,Central,2022,12,259000
3950,1149,1,1,43,1,1,3207,1,West,2021,4,112000
3951,1428,3,1,50,1,2,5280,1,Central,2021,2,214000
3952,2679,5,2,33,1,1,11973,2,East,2023,4,689000
3953,4066,6,4,48,1,2,10501,3,East,2022,12,1013000
3954,1063,1,1,36,1,3,5790,1,East,2022,5,220000
3955,1238,2,2,48,1,1,5717,1,North,2023,3,209000
3956,3074,4,3,30,1,2,9901,2,Central,2021,9,603000
3957,3937,5,2,2,1,1,20063,1,West,2021,5,632000
3958,2074,3,1,9,0,1,8387,1,West,2021,12,303000
3959,1137,1,1,26,1,2,5416,1,Central,2022,4,260000
3960,1314,2,1,6,1,1,3382,1,Central,2022,1,299000
3961,2245,4,1,4,1,1,13058,1,North,2022,10,438000
3962,1789,3,2,21,0,1,8720,2,West,2023,5,307000
3963,1090,2,1,46,1,3,5503,1,East,2021,5,246000
3964,2256,3,1,1,0,2,8910,1,East,2021,5,461000
3965,1573,2,2,35,1,3,8714,1,Central,2021,7,294000
3966,2943,4,1,31,1,3,14524,1,Central,2021,9,541000
3967,2006,3,2,48,0,1,11070,2,West,2023,4,271000
3968,929,2,1,46,0,0,3814,1,South,2021,2,100000
3969,2356,4,1,34,1,1,12553,1,West,2023,4,348000
3970,2229,3,2,17,0,2,12131,1,East,2021,7,425000
3971,4405,5,1,3,1,2,10206,3,South,2023,6,825000
3972,1803,4,2,19,1,1,4842,2,East,2021,11,438000
3973,1360,2,1,34,0,1,5584,1,South,2022,6,193000
3974,3107,4,1,43,1,0,11635,1,East,2022,9,609000
3975,1339,2,1,36,0,3,3565,1,West,2022,8,151000
3976,3899,6,1,3,1,3,15402,1,North,2023,2,862000
3977,1605,3,1,23,1,1,4860,2,West,2023,4,334000
3978,2322,3,1,5,1,1,11967,2,North,2022,10,446000
3979,1119,1,1,1,1,0,3954,1,East,2021,3,284000
3980,1811,4,2,3,1,3,8088,2,East,2021,11,515000
3981,2786,4,1,2,0,3,6151,2,West,2022,2,504000
3982,3271,5,3,40,1,1,6777,3,West,2022,12,483000
3983,964,2,1,4,1,1,3390,1,East,2021,9,283000
3984,1491,2,1,4,1,1,8182,1,North,2023,3,331000
3985,2605,4,2,48,0,2,13382,2,West,2021,7,350000
3986,4319,5,3,8,1,2,18948,2,East,2023,6,1054000
3987,1449,3,1,1,0,2,7918,1,South,2021,3,219000
3988,1792,3,1,4,1,3,10445,1,South,2022,3,381000
3989,1975,4,1,2,1,0,6959,2,North,2021,5,390000
3990,2834,5,3,2,1,2,7738,1,South,2023,3,557000
3991,1101,1,1,2,0,1,5502,1,East,2021,3,265000
3992,1368,2,1,22,1,1,3285,1,East,2023,1,287000
3993,2617,4,2,3,0,2,8549,1,East,2021,2,606000
3994,1168,2,1,6,1,3,3365,1,South,2022,10,288000
3995,2287,3,3,41,0,2,10664,2,Central,2022,11,383000
3996,2484,3,1,11,1,2,5466,1,East,2021,10,487000
3997,2102,3,1,45,1,2,4357,2,East,2023,5,455000
3998,2141,3,1,16,1,1,4454,2,North,2022,2,402000
3999,2255,3,1,9,0,2,5208,2,East,2021,8,472000
4000,1220,2,1,33,1,2,6811,1,West,2023,3,178000
4001,2212,3,2,2,1,2,8495,2,East,2023,4,554000
4002,2898,4,2,2,1,2,6981,1,Central,2021,3,610000
4003,3126,5,1,26,0,2,7115,2,West,2023,3,468000
4004,1301,3,3,15,1,3,5699,1,Central,2021,3,319000
4005,1501,2,1,36,1,1,7832,2,North,2022,6,291000
4006,1016,2,1,45,1,3,3045,1,South,2022,12,178000
4007,1957,3,3,8,1,3,9303,1,South,2022,1,397000
4008,1961,4,2,23,1,1,7501,2,West,2023,2,355000
4009,2466,3,1,16,1,2,14681,1,East,2023,6,476000
4010,1368,2,1,49,0,1,3721,1,West,2023,1,129000
4011,1532,3,1,39,1,0,5297,2,South,2022,4,238000
4012,1777,3,1,44,1,2,7314,1,South,2023,6,301000
4013,2434,4,1,4,0,3,5838,1,South,2021,1,393000
4014,1589,2,1,35,1,0,7120,2,North,2022,10,254000
4015,2323,3,3,4,1,3,6708,2,North,2021,3,477000
4016,1204,3,2,3,0,2,4130,1,South,2022,8,281000
4017,3441,5,4,47,0,3,7294,2,North,2022,7,590000
4018,3130,5,5,1,1,3,13552,2,West,2022,5,565000
4019,1504,2,1,48,0,3,5234,1,South,2022,7,204000
4020,986,1,1,2,0,2,5532,1,North,2023,5,248000
4021,2289,3,3,38,1,3,10636,1,South,2021,8,338000
4022,1037,2,2,4,1,1,2199,1,Central,2021,12,264000
4023,1921,3,2,6,1,1,4716,2,East,2021,1,446000
4024,2621,4,3,3,1,1,8631,2,Central,2022,11,622000
4025,1845,4,1,22,1,2,5919,2,East,2021,11,456000
4026,2813,4,3,5,1,1,10078,2,Central,2021,11,577000
4027,1720,2,1,27,1,1,9242,1,South,2021,10,288000
4028,1087,2,1,1,0,3,6323,1,South,2022,1,271000
4029,2883,4,3,2,0,2,6822,2,West,2022,9,481000
4030,2311,3,2,2,1,3,6645,1,Central,2021,7,507000
4031,1745,3,2,10,1,1,3891,1,Central,2021,4,439000
4032,1423,3,1,38,0,1,3109,1,East,2022,7,240000
4033,1297,3,1,43,0,1,6211,1,North,2021,4,185000
4034,3929,6,5,3,1,0,8889,3,South,2021,8,778000
4035,1510,2,1,21,0,1,7031,2,North,2021,4,276000
4036,3642,5,4,34,1,1,14002,1,South,2021,6,611000
4037,4089,6,4,4,0,0,17455,3,South,2022,1,756000
4038,2893,4,2,10,0,2,6853,2,South,2021,10,513000
4039,2034,3,2,18,1,1,11806,1,Central,2022,3,434000
4040,1791,3,1,2,1,0,6157,2,North,2021,1,390000
4041,2999,5,1,1,1,2,17413,2,South,2022,8,600000
4042,1550,2,2,3,1,2,8071,1,South,2022,8,310000
4043,2151,3,3,25,1,3,12896,2,South,2022,5,402000
4044,2311,4,2,2,1,2,4684,2,South,2021,7,439000
4045,2261,4,1,3,1,3,13057,1,South,2021,9,399000
4046,1778,2,1,5,1,3,8574,1,Central,2023,4,455000
4047,2169,3,1,2,0,2,10412,1,East,2021,4,421000
4048,1771,3,3,3,1,2,10609,1,North,2021,8,472000
4049,3002,5,2,44,1,0,17716,3,East,2022,1,642000
4050,1195,2,2,1,0,2,3408,1,North,2022,10,298000
4051,3644,5,5,27,0,2,10393,3,South,2023,5,776000
4052,1792,3,2,8,1,3,9560,1,South,2023,4,372000
4053,2823,4,2,28,1,2,11078,1,North,2021,1,552000
4054,2463,3,1,22,0,3,11168,2,West,2021,12,329000
4055,2962,4,3,3,0,3,6448,1,West,2021,10,507000
4056,1534,3,2,40,1,3,8231,2,South,2022,12,267000
4057,2555,4,4,15,1,1,14049,1,West,2021,1,422000
4058,1267,2,1,38,0,1,3029,1,South,2022,4,159000
4059,3475,5,5,9,1,2,19197,3,North,2023,5,735000
4060,3510,5,1,49,0,2,11083,3,South,2022,2,618000
4061,1396,2,1,35,1,1,3751,1,East,2021,9,285000
4062,1039,2,1,48,1,2,2728,1,North,2023,2,221000
4063,2700,4,2,17,1,2,14332,1,West,2023,6,460000
4064,1293,3,1,14,1,1,7651,1,West,2022,5,232000
4065,3487,4,3,34,0,2,15574,3,Central,2021,4,639000
4066,1475,3,2,42,1,3,3882,1,North,2022,10,288000
4067,1417,2,1,48,0,2,7737,1,North,2022,7,184000
4068,4169,6,4,5,1,2,24168,1,North,2023,5,880000
4069,2107,3,2,37,1,0,9922,1,Central,2022,11,368000
4070,2919,4,4,3,1,2,8886,2,West,2022,1,538000
4071,2302,3,3,19,1,3,13653,1,Central,2022,12,458000
4072,2104,4,1,3,0,2,7708,1,East,2021,5,472000
4073,2026,3,2,5,1,1,5743,1,East,2022,10,480000
4074,2328,4,2,46,0,2,8206,1,South,2022,8,306000
4075,2461,4,2,2,1,3,7579,2,Central,2021,10,516000
4076,2055,4,2,25,0,1,9802,1,Central,2021,7,404000
4077,2101,4,1,22,0,2,7785,1,South,2022,2,305000
4078,1071,1,1,2,0,1,3867,1,South,2022,7,193000
4079,2585,4,3,5,1,2,6938,2,West,2022,12,500000
4080,1478,2,1,20,0,2,6800,1,North,2021,4,242000
4081,1632,2,2,3,1,3,8846,2,Central,2021,7,458000
4082,1125,1,1,37,0,2,6641,1,East,2021,4,165000
4083,1900,4,1,49,0,2,5858,1,East,2021,10,329000
4084,2534,4,3,3,1,3,8528,1,West,2023,6,529000
4085,1181,2,1,3,1,1,5772,1,West,2021,12,205000
4086,1130,1,1,13,0,2,6032,1,South,2021,8,172000
4087,1450,3,1,33,0,2,7706,1,Central,2023,2,281000
4088,1896,4,1,4,1,1,4424,1,Central,2022,9,423000
4089,2673,4,1,1,1,1,14220,2,East,2021,10,672000
4090,1368,3,2,19,1,2,6627,1,East,2022,7,347000
4091,3080,5,3,47,0,1,6541,3,East,2022,10,645000
4092,2361,3,2,8,1,1,12146,2,East,2021,1,514000
4093,2392,3,2,10,0,3,13939,2,Central,2023,3,513000
4094,4285,6,1,48,1,2,14379,2,South,2022,4,687000
4095,2108,3,2,29,1,3,4915,1,North,2023,5,418000
4096,2163,4,1,31,1,1,7058,1,Central,2021,5,419000
4097,1423,3,1,20,1,3,4225,1,South,2023,3,289000
4098,1015,1,1,49,1,2,2314,1,West,2021,1,109000
4099,1486,3,2,29,0,3,3640,1,South,2023,4,260000
4100,1016,2,2,43,0,1,5867,1,Central,2023,4,215000
4101,1875,3,1,30,1,2,8334,1,West,2022,3,335000
4102,2394,3,1,32,1,2,13514,2,Central,2023,2,465000
4103,2157,3,2,4,0,2,12614,2,Central,2022,6,456000
4104,1275,2,2,5,1,3,6694,1,North,2023,5,350000
4105,1455,2,1,35,1,0,5275,1,East,2021,9,208000
4106,2443,3,1,4,1,3,13001,2,West,2023,1,430000
4107,4275,6,3,20,1,3,11133,3,Central,2023,6,1037000
4108,942,1,1,3,1,2,3414,1,South,2021,12,230000
4109,3279,4,2,38,0,1,16794,1,Central,2022,11,582000
4110,2337,3,3,2,1,3,12141,1,South,2022,6,452000
4111,2052,3,1,39,1,2,9872,2,Central,2021,10,372000
4112,2160,3,2,23,0,3,6687,1,East,2021,12,458000
4113,1123,1,1,3,1,3,6409,1,East,2022,7,289000
4114,1335,2,1,19,1,0,6710,1,South,2021,11,204000
4115,1705,3,3,4,0,2,10207,2,North,2021,2,361000
4116,2354,3,2,5,0,2,10423,1,South,2021,7,317000
4117,4350,6,2,6,0,3,15958,2,East,2021,5,1009000
4118,2270,3,1,2,1,1,12233,1,East,2021,6,444000
4119,1153,2,1,50,1,1,3489,1,West,2022,3,167000
4120,2805,5,2,1,1,3,11247,1,South,2023,1,539000
4121,933,1,1,27,1,1,5191,1,East,2022,5,231000
4122,2061,4,1,7,1,2,7221,1,Central,2022,1,437000
4123,1870,3,2,26,1,1,6109,1,West,2022,12,286000
4124,3857,6,5,6,1,2,13112,2,North,2021,1,921000
4125,3383,5,3,28,0,2,18097,2,Central,2021,5,663000
4126,2437,3,3,32,1,2,6522,2,Central,2021,4,452000
4127,1690,2,1,29,1,3,5472,1,Central,2022,7,350000
4128,3950,5,1,2,0,1,21565,2,Central,2021,2,839000
4129,1020,2,1,27,1,1,5129,1,West,2022,3,182000
4130,1142,1,1,4,1,2,4050,1,South,2023,2,253000
4131,1114,2,1,1,1,2,6134,1,West,2022,3,266000
4132,1502,3,2,10,1,2,6986,2,West,2023,6,366000
4133,2306,3,1,11,0,0,10997,1,South,2022,5,297000
4134,1960,4,1,14,1,3,7173,1,South,2021,5,344000
4135,2482,4,3,30,0,2,6052,1,South,2021,12,310000
4136,1524,3,1,5,0,1,7491,1,West,2021,7,219000
4137,3148,5,4,5,1,2,12491,3,South,2022,4,628000
4138,2039,3,2,2,1,1,11032,2,East,2022,8,500000
4139,1770,3,3,29,1,1,9769,2,Central,2021,7,414000
4140,2231,4,2,21,1,1,11054,1,South,2023,2,390000
4141,1743,2,2,5,1,1,4597,1,Central,2023,1,431000
4142,1111,1,1,30,1,1,5675,1,East,2023,1,260000
4143,1111,2,1,18,1,2,2708,1,North,2023,4,285000
4144,3325,5,1,14,0,2,8190,1,North,2021,10,567000
4145,3561,6,1,17,0,2,15123,2,South,2021,9,650000
4146,2184,4,1,25,1,0,11595,1,South,2021,10,283000
4147,1259,2,1,27,1,3,3007,1,Central,2021,12,269000
4148,2146,3,1,4,0,3,4768,2,West,2023,6,377000
4149,2788,4,3,2,0,3,16332,2,Central,2021,5,660000
4150,3112,4,2,3,0,1,6486,1,East,2022,12,661000
4151,1451,3,2,26,1,2,3341,1,East,2023,4,347000
4152,1072,1,1,42,0,1,4284,1,South,2022,8,142000
4153,2832,4,3,10,0,3,14564,2,East,2021,2,648000
4154,2321,4,1,3,1,1,7708,2,West,2022,2,429000
4155,1199,1,1,34,1,1,6764,1,South,2022,3,134000
4156,1196,1,1,39,1,2,2593,1,Central,2022,5,257000
4157,2187,3,2,42,1,2,5864,1,West,2021,11,277000
4158,2774,5,1,23,0,2,11006,2,Central,2022,10,597000
4159,4476,6,4,41,1,1,18770,2,West,2021,5,617000
4160,2479,3,1,1,1,2,13389,2,South,2021,3,399000
4161,2127,3,3,2,1,3,7028,1,West,2023,1,411000
4162,1595,3,1,2,1,3,3487,1,South,2023,5,354000
4163,2435,3,3,31,1,2,7507,1,East,2021,1,473000
4164,1698,3,1,2,0,2,5363,2,East,2023,5,477000
4165,1739,3,2,16,1,1,9754,2,North,2023,2,432000
4166,2369,4,3,14,0,1,13324,2,East,2022,7,496000
4167,1321,3,2,5,1,1,4116,1,South,2021,7,258000
4168,960,1,1,42,1,2,2447,1,North,2021,1,166000
4169,1884,3,1,3,1,2,11099,2,Central,2022,3,467000
4170,1571,3,1,6,1,2,4779,1,East,2021,8,358000
4171,1029,2,1,35,1,1,2654,1,South,2023,1,180000
4172,4219,6,1,1,1,2,15262,2,East,2021,10,988000
4173,2487,3,2,28,1,1,12842,1,West,2021,10,310000
4174,1736,3,3,38,1,2,3602,1,North,2021,7,319000
4175,2756,5,3,46,1,1,11451,2,East,2023,5,658000
4176,3650,6,1,42,1,2,17519,1,East,2023,1,892000
4177,2329,3,3,5,1,2,12558,2,Central,2022,5,520000
4178,2830,4,1,22,1,1,6393,1,East,2021,4,634000
4179,2449,3,1,2,1,0,12922,2,North,2021,1,417000
4180,1854,4,2,4,1,2,5393,2,South,2022,12,431000
4181,2380,3,1,2,1,0,11129,1,West,2022,11,348000
4182,2464,4,4,5,1,2,11412,2,North,2022,6,510000
4183,2293,3,2,42,1,2,13569,1,Central,2021,9,379000
4184,2003,4,3,5,0,1,11072,1,North,2021,6,418000
4185,1401,2,2,20,1,2,5103,1,North,2021,12,267000
4186,1746,3,2,11,1,3,5252,1,North,2022,4,447000
4187,1491,2,1,13,0,2,6664,1,West,2023,6,243000
4188,2248,4,1,48,1,3,13433,2,East,2023,1,446000
4189,1876,4,3,4,1,1,4074,1,North,2021,12,414000
4190,3143,4,1,25,1,2,8083,1,Central,2021,10,562000
4191,2925,4,4,10,1,2,6584,2,South,2021,7,539000
4192,2885,5,4,2,1,3,14143,1,South,2023,4,598000
4193,2063,4,1,15,1,0,9615,1,North,2021,8,407000
4194,2578,5,2,38,0,1,6356,1,Central,2022,4,570000
4195,2249,3,2,2,1,1,5846,2,West,2021,9,368000
4196,995,1,1,2,1,3,5597,1,West,2021,12,247000
4197,1312,3,3,3,1,2,2653,1,North,2021,8,315000
4198,1427,3,2,34,1,3,8424,1,East,2022,12,296000
4199,2368,4,1,31,0,1,10982,2,East,2021,9,426000
4200,1885,4,2,20,1,1,4362,1,South,2022,8,353000
4201,3212,5,2,14,1,1,14818,3,South,2023,5,578000
4202,1277,2,2,43,0,2,2779,1,Central,2022,4,203000
4203,1365,3,1,34,1,3,5650,1,North,2021,5,279000
4204,4474,6,5,37,1,1,25084,2,West,2021,11,631000
4205,1399,2,1,38,1,3,4028,1,South,2022,6,240000
4206,1936,3,2,26,1,1,6659,2,West,2022,3,315000
4207,2196,3,2,13,0,2,8541,2,North,2022,6,433000
4208,1603,3,1,41,1,2,7512,2,South,2022,9,322000
4209,995,2,1,45,0,1,2888,1,East,2022,6,169000
4210,1369,2,1,1,1,0,6835,1,Central,2023,5,298000
4211,1550,2,1,2,1,1,7978,2,Central,2022,10,381000
4212,2281,4,3,48,1,0,8133,2,South,2022,10,330000
4213,2315,4,3,4,1,3,11456,2,North,2023,2,543000
4214,1266,3,1,42,0,3,5991,1,East,2021,7,255000
4215,2471,3,1,8,1,2,8034,2,East,2021,6,478000
4216,2565,5,1,2,1,2,6376,2,West,2021,6,507000
4217,1447,3,2,2,1,1,5550,1,East,2021,12,352000
4218,2008,4,3,3,0,0,4686,2,East,2023,5,526000
4219,1824,4,1,3,1,3,3923,2,West,2023,5,445000
4220,1339,2,2,15,1,2,6944,1,North,2023,6,317000
4221,2445,3,2,30,1,2,9119,2,West,2023,3,392000
4222,1817,4,4,50,1,2,4217,1,East,2021,8,397000
4223,3007,5,1,12,1,2,16017,1,Central,2021,12,629000
4224,2775,5,4,17,1,1,10624,2,North,2021,1,582000
4225,1931,3,1,17,1,2,9715,1,South,2021,7,319000
4226,3349,5,1,19,0,2,8183,3,Central,2021,7,613000
4227,1891,4,2,17,1,3,9398,1,East,2022,4,479000
4228,1946,3,2,1,1,2,10746,1,Central,2022,4,488000
4229,2161,4,4,1,0,1,4369,1,West,2021,9,359000
4230,1491,2,1,2,0,1,5658,1,Central,2022,10,295000
4231,2634,5,1,2,0,2,10254,2,South,2022,2,518000
4232,2180,3,3,30,1,2,6543,2,North,2022,10,416000
4233,2473,4,2,3,0,2,9960,2,Central,2022,8,479000
4234,3997,6,1,43,0,2,23565,2,Central,2021,1,830000
4235,1251,2,1,46,1,2,4316,1,West,2021,7,122000
4236,2299,4,3,49,1,1,8614,2,East,2021,8,394000
4237,949,1,1,46,1,1,3907,1,Central,2022,6,199000
4238,2548,4,3,4,1,1,9457,1,North,2021,9,573000
4239,2602,5,4,17,1,1,10233,2,West,2022,5,496000
4240,2242,4,1,3,1,2,11650,1,North,2023,6,478000
4241,2403,3,2,37,1,1,8972,1,North,2021,4,395000
4242,2457,4,1,43,1,1,9711,1,East,2021,8,402000
4243,2971,4,2,40,1,1,14118,2,Central,2022,5,599000
4244,1617,3,1,11,0,1,7141,1,West,2023,6,330000
4245,1728,3,1,34,1,3,4557,1,Central,2021,1,367000
4246,4452,6,6,2,1,0,23641,2,North,2021,12,943000
4247,1061,2,2,1,1,2,4469,1,South,2022,6,232000
4248,1351,2,1,33,1,1,3958,1,North,2023,6,232000
4249,2068,3,2,11,1,3,8985,2,North,2022,5,450000
4250,3501,5,1,50,1,3,8644,2,South,2023,6,676000
4251,2039,3,2,2,1,2,5752,1,South,2022,12,425000
4252,1107,1,1,41,1,3,6423,1,East,2022,12,235000
4253,2306,3,1,14,1,1,10071,2,North,2022,5,450000
4254,1736,2,1,39,1,1,4520,2,East,2023,1,449000
4255,1565,2,1,38,1,1,5398,2,Central,2021,12,292000
4256,1910,3,2,45,1,1,7276,2,West,2021,5,254000
4257,3663,6,6,4,1,1,9915,3,Central,2021,6,982000
4258,2496,4,2,47,0,1,8621,1,Central,2021,7,357000
4259,2498,3,3,3,1,2,9844,2,South,2023,3,455000
4260,1881,3,2,2,0,2,5432,2,West,2021,3,340000
4261,995,1,1,11,1,1,3672,1,West,2023,5,205000
4262,3171,5,4,39,1,0,16853,2,South,2022,12,508000
4263,1970,4,1,14,1,2,11123,2,Central,2023,6,459000
4264,1857,3,2,39,1,2,5796,2,East,2022,10,395000
4265,1685,3,2,32,1,0,8007,1,North,2022,11,324000
4266,1981,3,2,3,1,1,11056,1,West,2021,6,331000
4267,2281,3,1,47,1,2,10746,2,West,2023,1,301000
4268,1564,3,2,2,1,1,3767,1,East,2021,2,358000
4269,2670,4,3,43,0,3,12676,1,South,2021,2,418000
4270,3554,5,4,5,0,1,7746,2,East,2023,1,980000
4271,2006,4,2,16,1,0,8770,1,East,2021,11,444000
4272,4141,5,3,11,0,2,21672,3,Central,2021,1,941000
4273,1212,2,2,3,1,3,6341,1,Central,2022,10,353000
4274,2344,3,3,6,0,2,11139,1,West,2021,6,328000
4275,2317,3,2,3,1,1,10454,2,North,2021,8,447000
4276,2374,4,4,3,1,0,12090,1,South,2022,11,458000
4277,1840,4,1,3,1,2,8029,1,South,2021,10,382000
4278,2040,4,2,15,0,1,10994,2,East,2021,5,440000
4279,1571,2,1,37,0,2,9356,2,North,2021,2,230000
4280,1694,3,1,21,1,2,7043,2,East,2021,7,416000
4281,997,2,2,43,0,1,2355,1,South,2021,8,100000
4282,2502,4,2,25,1,0,11721,1,East,2022,11,634000
4283,1118,1,1,29,1,2,2974,1,North,2023,4,257000
4284,1388,3,1,27,0,2,6969,1,South,2022,7,195000
4285,1680,3,3,12,1,3,8719,2,West,2022,5,372000
4286,1736,3,1,29,1,1,3894,2,East,2022,10,444000
4287,3108,5,3,2,1,2,8903,2,West,2021,8,527000
4288,1832,4,4,41,1,1,4367,2,West,2022,7,304000
4289,2132,4,3,35,1,1,4388,2,Central,2021,11,426000
4290,3197,5,3,3,1,2,13547,1,North,2022,1,666000
4291,2056,3,3,34,1,3,4426,1,South,2023,2,363000
4292,909,1,1,1,0,1,3118,1,East,2023,5,261000
4293,1609,3,2,3,1,2,8519,2,Central,2021,8,453000
4294,4213,5,5,2,1,2,9074,2,West,2022,1,719000
4295,1952,4,3,35,1,1,4449,1,East,2023,5,438000
4296,1023,1,1,34,1,3,3696,1,North,2021,2,203000
4297,1332,2,1,38,1,2,6121,1,East,2023,3,304000
4298,1035,1,1,1,1,2,5041,1,East,2021,2,279000
4299,2090,3,2,16,1,2,10326,1,West,2021,5,331000
4300,1673,3,3,30,1,2,6010,1,East,2021,4,427000
4301,1134,2,1,3,1,3,3360,1,South,2021,11,250000
4302,3893,5,4,26,1,1,8755,1,North,2022,11,872000
4303,2592,5,4,2,1,0,14531,2,North,2023,1,678000
4304,2349,3,3,3,0,3,13408,2,East,2022,2,531000
4305,3326,4,2,14,1,3,14887,3,South,2021,9,574000
4306,1004,2,1,27,0,1,5562,1,East,2022,7,212000
4307,1706,2,1,2,0,1,7661,2,West,2021,7,315000
4308,1921,3,2,3,1,2,6285,2,North,2022,2,461000
4309,2877,4,3,3,1,0,10258,2,East,2022,1,669000
4310,3403,5,1,3,1,2,19043,2,Central,2022,3,674000
4311,1206,2,1,3,1,0,6045,1,East,2022,8,303000
4312,3641,5,1,9,1,2,13625,1,East,2021,10,916000
4313,1291,3,2,27,1,0,4716,1,East,2022,10,265000
4314,3293,5,2,12,0,2,19528,1,South,2023,2,510000
4315,4333,6,3,35,1,2,15700,3,North,2021,7,822000
4316,1036,2,2,31,1,2,5408,1,North,2022,2,227000
4317,3157,4,1,2,1,1,10698,3,North,2023,6,666000
4318,1593,3,2,1,0,1,8663,2,West,2021,12,286000
4319,1747,2,1,42,0,1,9948,1,South,2022,6,221000
4320,1671,3,2,2,1,2,8329,2,Central,2022,1,491000
4321,2144,3,1,2,1,2,7596,1,Central,2023,1,493000
4322,4077,6,6,1,1,0,24247,3,West,2022,9,767000
4323,1609,2,1,25,0,2,4072,1,West,2021,11,240000
4324,2225,4,2,22,1,2,7651,1,North,2022,9,397000
4325,3166,5,1,50,1,2,18753,3,East,2021,3,637000
4326,3669,5,2,43,1,1,12852,1,Central,2022,9,850000
4327,1350,2,1,10,1,3,5336,1,North,2022,8,274000
4328,3860,6,4,7,0,2,22019,1,South,2022,5,718000
4329,1118,2,1,4,1,3,5855,1,North,2022,7,317000
4330,3144,5,4,3,0,1,14070,1,East,2022,12,658000
4331,1055,1,1,2,1,3,2860,1,North,2023,6,297000
4332,1321,3,3,2,0,0,7255,1,East,2021,11,335000
4333,2231,3,3,2,1,2,7670,2,West,2023,5,434000
4334,2304,4,2,3,1,2,12027,1,North,2022,12,456000
4335,2054,4,2,5,1,2,12276,1,West,2021,4,359000
4336,1122,1,1,48,1,2,6344,1,North,2023,5,198000
4337,1689,3,2,21,0,1,5993,2,North,2021,8,377000
4338,4419,6,3,50,1,3,13579,3,South,2022,12,731000
4339,1703,2,1,7,1,2,7578,1,West,2022,10,301000
4340,1043,1,1,13,1,3,4418,1,Central,2021,11,234000
4341,2371,3,1,5,1,0,13575,2,South,2021,10,361000
4342,1026,2,2,3,0,2,5414,1,North,2023,4,284000
4343,3104,4,2,2,1,2,16418,3,Central,2021,11,720000
4344,3248,5,3,47,1,2,18266,3,West,2023,1,498000
4345,1994,4,4,50,1,2,10864,1,North,2021,11,366000
4346,1960,4,4,1,1,1,7824,2,East,2021,9,514000
4347,3487,5,4,3,1,1,8325,1,Central,2022,12,665000
4348,2040,3,3,11,0,2,10935,1,North,2021,6,367000
4349,2823,4,4,3,1,2,15975,1,North,2022,9,614000
4350,2411,4,1,6,1,1,10955,1,South,2022,2,426000
4351,2644,5,4,2,0,2,8328,1,West,2022,5,499000
4352,1854,3,2,13,0,2,4577,1,North,2022,5,380000
4353,1884,4,2,4,1,2,4189,2,Central,2021,7,386000
4354,4161,5,3,6,0,0,9169,2,West,2022,5,612000
4355,1687,2,1,2,0,2,3404,2,East,2023,5,475000
4356,1855,4,3,11,1,2,6600,2,North,2021,11,457000
4357,1466,2,2,49,1,2,6098,1,Central,2022,8,237000
4358,2216,3,1,5,0,3,8999,2,East,2021,11,474000
4359,2215,3,2,42,1,2,13221,2,East,2023,6,464000
4360,1522,3,3,40,1,1,8935,1,Central,2023,6,307000
4361,1191,2,1,47,1,1,3529,1,Central,2021,6,184000
4362,2398,4,2,36,1,1,11620,2,East,2022,7,483000
4363,3464,4,1,27,1,0,18136,2,East,2021,8,661000
4364,2308,3,2,41,0,3,9818,2,North,2021,4,348000
4365,927,1,1,2,1,3,5393,1,Central,2022,5,274000
4366,2469,4,1,13,0,2,12408,2,Central,2022,10,451000
4367,1574,2,1,50,0,1,4889,2,South,2022,7,184000
4368,2497,3,1,35,1,1,5613,2,West,2022,6,331000
4369,1208,2,1,48,0,3,5805,1,West,2022,11,166000
4370,1110,1,1,35,1,3,3610,1,South,2022,2,219000
4371,1430,3,1,42,1,1,6578,1,West,2021,4,181000
4372,2222,4,3,30,1,2,8124,2,South,2022,2,399000
4373,1421,3,1,34,0,1,6871,1,West,2022,3,212000
4374,1794,2,1,17,1,1,7959,2,North,2022,2,381000
4375,2366,4,1,45,1,0,12800,2,West,2021,8,289000
4376,2002,3,1,38,1,2,9038,2,South,2021,9,317000
4377,1903,4,1,40,1,1,10562,1,North,2023,4,363000
4378,3162,4,3,28,0,0,11178,1,North,2021,11,503000
4379,955,2,1,5,0,1,4069,1,West,2021,7,195000
4380,2403,4,3,1,1,1,12967,2,South,2023,3,465000
4381,1145,1,1,46,0,2,3411,1,West,2022,6,113000
4382,1406,2,2,22,1,1,4909,1,East,2023,4,307000
4383,1996,3,2,4,1,3,10353,1,West,2021,2,362000
4384,1716,3,2,2,1,1,5385,2,East,2022,9,472000
4385,2747,5,2,39,1,1,10630,2,South,2021,3,465000
4386,2112,4,2,39,1,1,9382,2,North,2021,4,378000
4387,4154,6,2,38,1,1,9154,1,South,2021,12,643000
4388,1508,3,1,26,1,0,8024,1,West,2021,9,168000
4389,972,2,1,7,1,1,3168,1,West,2023,1,215000
4390,1440,3,2,5,1,3,6073,1,North,2021,4,316000
4391,912,1,1,1,1,2,2708,1,West,2022,1,203000
4392,1970,3,3,39,1,3,6010,2,North,2022,6,421000
4393,1925,3,1,2,1,1,3963,1,South,2021,6,381000
4394,1035,1,1,25,0,2,4092,1,East,2021,10,199000
4395,3897,5,3,16,0,1,16052,1,South,2022,9,660000
4396,3382,5,2,18,0,2,7083,3,West,2023,3,531000
4397,1482,3,3,45,0,3,7995,1,Central,2022,4,288000
4398,1330,3,3,1,1,3,4923,1,North,2022,4,372000
4399,1274,3,1,35,0,0,4425,1,East,2021,1,206000
4400,1459,3,2,2,1,1,8741,1,Central,2023,2,341000
4401,1599,2,1,1,1,0,3226,2,North,2021,12,288000
4402,1777,3,3,11,0,0,10264,1,South,2022,11,311000
4403,1382,2,2,2,0,0,3028,1,North,2021,9,249000
4404,2389,3,1,36,1,1,13580,1,West,2022,11,291000
4405,3575,6,3,18,1,1,18519,3,West,2022,8,696000
4406,1618,3,2,1,1,2,9042,1,West,2021,4,299000
4407,4102,6,6,1,1,2,10144,1,East,2021,3,1024000
4408,969,1,1,24,1,2,4353,1,West,2022,11,186000
4409,1615,3,2,37,1,1,9222,2,North,2022,11,337000
4410,1869,4,1,12,0,1,6188,2,Central,2021,9,388000
4411,1120,2,1,20,1,2,4439,1,South,2023,6,264000
4412,940,2,1,37,0,2,3003,1,North,2021,2,141000
4413,1662,3,1,24,1,1,4718,2,Central,2023,6,469000
4414,2409,3,3,3,1,3,10041,2,Central,2022,3,545000
4415,2008,3,3,24,1,1,10239,2,West,2022,1,338000
4416,2119,3,1,25,0,1,8831,1,North,2022,10,338000
4417,1894,3,1,32,1,2,5151,1,Central,2021,10,383000
4418,1543,3,3,24,1,1,4983,1,West,2022,5,249000
4419,2330,4,4,48,1,2,8227,1,West,2022,2,317000
4420,1413,3,2,3,0,1,5711,1,Central,2021,12,319000
4421,1325,2,1,47,1,1,5307,1,North,2021,4,176000
4422,3934,6,4,19,1,3,20205,1,East,2021,7,971000
4423,2319,4,1,28,1,1,8760,2,West,2022,3,328000
4424,2912,4,3,2,1,2,9836,2,East,2022,5,736000
4425,1685,2,2,8,1,1,4877,1,North,2022,12,390000
4426,2256,4,1,35,0,2,4630,1,North,2022,10,395000
4427,1449,3,2,30,0,1,6917,1,West,2023,4,200000
4428,1450,3,1,1,1,2,8479,1,South,2022,10,278000
4429,1530,3,1,19,1,2,5267,1,North,2023,1,321000
4430,2657,4,3,2,0,0,8710,2,South,2021,10,466000
4431,1885,3,2,50,1,0,6558,1,South,2022,9,255000
4432,1686,3,1,43,1,3,3750,2,North,2021,1,359000
4433,1918,4,1,1,0,3,5282,1,North,2022,4,470000
4434,3581,5,4,41,1,2,9410,1,Central,2022,1,827000
4435,1423,2,2,45,0,2,5510,1,North,2023,4,188000
4436,1108,2,1,6,0,3,2623,1,West,2021,8,203000
4437,2428,3,2,31,1,1,9107,2,West,2021,12,326000
4438,2660,4,2,12,1,2,10747,1,East,2021,4,624000
4439,4050,5,4,27,0,2,18994,1,South,2021,7,663000
4440,1234,2,1,5,1,2,7306,1,Central,2022,6,316000
4441,2901,4,2,5,0,0,9811,2,East,2021,9,640000
4442,3101,4,3,11,0,2,15127,2,North,2021,9,608000
4443,1549,2,1,2,0,2,3854,2,East,2022,1,350000
4444,2382,3,2,39,0,3,14133,1,North,2022,2,381000
4445,2455,4,3,5,0,2,11021,1,South,2021,6,346000
4446,4166,5,3,9,1,3,19857,1,East,2023,4,996000
4447,1597,3,3,43,1,3,8797,2,South,2022,8,286000
4448,3159,4,2,16,0,2,14343,1,West,2021,8,410000
4449,1668,3,1,19,0,1,3921,2,Central,2021,8,360000
4450,2818,5,1,47,0,2,5912,2,South,2021,11,414000
4451,2316,4,2,43,1,3,11567,2,South,2022,11,369000
4452,2048,3,1,3,1,0,10827,2,West,2022,9,366000
4453,3248,5,1,14,0,2,7818,1,East,2021,11,646000
4454,3477,5,1,49,1,1,7260,1,East,2022,3,599000
4455,3367,4,2,7,1,0,16339,3,Central,2023,5,697000
4456,1144,1,1,7,0,2,6062,1,Central,2021,12,253000
4457,1660,3,1,3,1,2,6590,2,East,2021,4,466000
4458,1150,2,1,2,1,2,5206,1,North,2021,12,302000
4459,1689,3,1,33,0,3,3659,1,East,2022,12,400000
4460,2045,4,2,35,1,0,6338,1,East,2022,6,401000
4461,1719,2,2,48,1,1,10158,2,East,2021,6,384000
4462,2065,3,1,35,1,3,4689,1,South,2021,6,341000
4463,4127,6,5,3,1,2,15316,3,East,2022,12,1039000
4464,1523,2,1,1,1,1,6723,2,East,2023,6,388000
4465,1657,3,1,49,1,2,8867,1,South,2021,8,234000
4466,1917,3,1,5,1,3,5492,2,Central,2023,5,497000
4467,1582,2,1,5,1,2,8047,2,Central,2021,2,327000
4468,1573,2,1,44,0,2,6120,1,West,2022,9,151000
4469,4259,6,2,22,1,1,20445,3,East,2023,4,1036000
4470,2680,4,3,3,1,1,6918,2,South,2021,11,499000
4471,3623,6,4,43,1,3,18467,3,West,2022,5,676000
4472,3513,6,4,50,1,2,14919,2,West,2022,2,588000
4473,1040,2,1,2,1,1,5796,1,West,2021,2,236000
4474,2319,3,1,41,0,2,10054,2,North,2021,12,343000
4475,1612,3,1,8,1,2,6113,1,West,2022,8,334000
4476,1768,2,1,18,1,1,7149,1,Central,2022,3,382000
4477,2109,4,3,45,1,2,11282,2,North,2022,4,403000
4478,1956,3,1,49,1,0,5500,2,South,2022,2,278000
4479,2136,4,1,4,1,1,9119,2,East,2023,1,556000
4480,2130,3,1,3,1,2,5545,2,West,2023,4,385000
4481,1165,1,1,2,1,1,4052,1,North,2022,1,218000
4482,1771,2,1,20,0,1,9568,1,Central,2022,11,328000
4483,1981,3,3,1,0,3,8738,1,North,2023,2,429000
4484,1730,2,1,10,1,2,6058,1,Central,2022,3,426000
4485,1175,2,1,2,1,2,2590,1,North,2021,3,277000
4486,3251,4,1,9,1,1,11869,2,North,2021,6,616000
4487,1020,1,1,1,0,1,3718,1,Central,2021,10,227000
4488,2390,4,1,39,1,2,5213,2,Central,2022,8,441000
4489,3422,5,3,3,0,1,7952,3,Central,2022,7,713000
4490,1631,2,1,5,1,2,5230,2,North,2022,12,441000
4491,1243,3,2,42,1,2,6528,1,East,2021,8,264000
4492,2427,3,1,33,0,2,6049,2,North,2021,8,387000
4493,2040,4,2,3,0,1,7973,1,North,2023,3,449000
4494,2779,5,4,2,0,1,12335,2,North,2021,11,601000
4495,3037,4,2,31,0,3,9682,3,North,2021,9,578000
4496,1666,2,1,8,1,3,3908,1,Central,2021,4,395000
4497,1870,3,1,34,0,2,8565,1,North,2021,11,332000
4498,1490,2,2,12,1,2,6169,1,West,2022,1,249000
4499,1542,2,1,5,1,2,8105,2,West,2022,5,286000
4500,1679,3,1,13,1,1,7169,1,North,2023,3,387000
4501,2109,3,1,33,0,1,11756,1,Central,2022,8,329000
4502,2067,4,2,44,1,1,7353,2,South,2023,5,341000
4503,1423,2,1,1,1,2,4480,1,Central,2022,1,358000
4504,1268,2,1,18,1,2,3498,1,Central,2022,8,303000
4505,1657,2,1,1,1,3,5285,2,Central,2023,1,472000
4506,1411,3,2,14,0,2,8284,1,West,2023,1,279000
4507,3380,5,4,43,0,3,11491,1,South,2023,3,559000
4508,1480,3,2,6,1,3,7064,1,North,2021,7,340000
4509,1771,2,1,46,1,3,4137,1,East,2022,6,405000
4510,3877,6,3,25,1,1,12503,1,South,2022,8,710000
4511,1061,2,1,46,1,1,5259,1,Central,2021,6,178000
4512,1862,3,1,34,1,2,6070,1,West,2022,1,285000
4513,1005,2,1,2,1,2,5905,1,South,2022,11,269000
4514,2188,3,2,3,0,1,12908,1,North,2021,6,366000
4515,2291,4,2,9,1,3,7147,2,South,2023,5,413000
4516,2341,4,1,3,0,3,13599,1,East,2022,9,478000
4517,1719,3,2,16,1,2,7233,2,North,2021,4,356000
4518,2734,5,2,14,1,2,6751,1,West,2023,4,483000
4519,1421,3,2,47,1,3,3022,1,West,2021,10,169000
4520,902,2,1,11,1,0,3763,1,North,2022,10,250000
4521,2546,5,4,36,1,1,8346,1,East,2022,9,606000
4522,2480,3,3,46,1,3,6039,1,West,2021,8,317000
4523,3384,4,1,42,1,2,10741,2,East,2022,4,670000
4524,1613,2,2,3,1,2,7750,1,Central,2021,8,418000
4525,2751,5,3,16,1,3,14192,2,North,2023,2,628000
4526,1648,3,1,5,1,1,9420,1,East,2021,12,440000
4527,2984,5,4,9,0,2,7254,1,Central,2022,10,659000
4528,3873,6,4,6,0,2,14682,2,South,2022,10,767000
4529,1993,3,2,38,0,1,8375,2,East,2022,11,432000
4530,1053,2,2,13,1,1,4123,1,West,2021,6,215000
4531,1083,1,1,18,1,3,3945,1,West,2022,9,193000
4532,936,1,1,49,1,1,2726,1,North,2021,2,152000
4533,1466,3,1,2,1,1,8653,1,East,2022,6,321000
4534,2423,4,4,15,1,2,12208,1,South,2021,8,399000
4535,2332,3,1,35,0,0,5864,1,West,2021,3,215000
4536,2359,4,3,3,0,3,4791,2,East,2023,2,561000
4537,2272,4,4,24,1,1,5958,1,West,2023,1,344000
4538,2030,3,2,3,1,2,10756,1,West,2021,3,314000
4539,1129,2,1,41,0,1,3344,1,South,2022,12,135000
4540,1229,3,1,5,1,3,3549,1,South,2022,2,294000
4541,1154,2,1,5,1,2,4699,1,South,2022,12,254000
4542,2027,3,2,23,1,1,9173,1,South,2022,11,361000
4543,1227,2,2,3,0,3,3628,1,West,2022,6,260000
4544,1177,2,1,4,1,0,5467,1,West,2022,3,229000
4545,2446,4,1,10,0,2,8674,1,South,2022,4,364000
4546,2580,4,3,6,1,3,13091,2,Central,2022,12,654000
4547,1485,3,2,18,1,2,4896,1,East,2021,9,325000
4548,1982,3,3,23,1,2,8804,1,North,2023,6,461000
4549,1723,3,1,21,1,0,8364,2,South,2023,4,344000
4550,3015,5,2,27,0,0,7881,1,East,2021,9,608000
4551,4190,6,5,5,0,0,8650,2,South,2023,3,794000
4552,953,2,2,2,1,3,1927,1,Central,2023,4,355000
4553,1083,2,1,34,1,3,5537,1,East,2022,4,279000
4554,2729,5,1,40,0,1,8134,2,Central,2022,6,536000
4555,2424,4,1,4,1,1,12944,1,North,2022,3,443000
4556,2129,4,3,9,0,1,12066,2,West,2023,5,374000
4557,1648,3,1,16,0,1,9419,2,Central,2022,6,392000
4558,2011,3,2,18,1,1,7470,1,South,2022,4,313000
4559,3571,6,5,27,1,2,11473,1,North,2021,7,798000
4560,4399,6,5,1,1,3,9503,2,East,2021,5,1071000
4561,2977,4,2,31,1,2,11903,2,Central,2021,1,592000
4562,1189,2,1,2,1,2,3104,1,West,2022,4,238000
4563,3293,4,1,14,1,2,7150,3,West,2021,3,495000
4564,1218,3,1,39,1,2,3216,1,West,2022,6,194000
4565,1235,3,1,13,1,2,4023,1,North,2021,3,230000
4566,2589,5,3,2,0,1,12776,2,East,2021,4,650000
4567,1466,2,1,49,1,1,6485,1,North,2022,2,231000
4568,1367,2,1,43,1,2,7941,1,South,2022,9,208000
4569,908,1,1,35,1,3,2551,1,Central,2021,9,218000
4570,2878,4,4,10,0,2,11551,1,West,2021,9,412000
4571,1806,4,4,3,0,3,6190,1,Central,2023,5,482000
4572,1899,3,3,46,0,0,11173,1,North,2021,4,272000
4573,1477,2,1,18,1,2,5822,1,South,2022,11,269000
4574,3304,4,1,40,1,3,13611,1,Central,2022,7,627000
4575,2812,5,2,5,1,2,15107,1,South,2021,5,539000
4576,2358,3,1,5,1,3,12022,2,North,2022,2,470000
4577,2238,4,2,49,1,2,13214,1,East,2023,2,431000
4578,1148,2,1,17,1,1,2972,1,South,2022,9,251000
4579,3976,5,4,2,0,1,10972,2,Central,2022,5,907000
4580,1978,3,2,3,0,2,10716,2,East,2022,11,458000
4581,4106,5,4,15,1,3,17479,3,Central,2021,3,956000
4582,2106,4,4,1,0,0,4460,1,Central,2022,6,473000
4583,3292,4,1,13,1,2,14599,1,North,2023,1,605000
4584,3295,4,1,10,1,2,19679,3,West,2023,2,551000
4585,1801,4,3,35,0,1,7506,2,South,2022,4,298000
4586,4251,5,1,6,1,1,13511,1,North,2022,12,854000
4587,2160,4,2,49,1,1,8639,2,Central,2021,2,388000
4588,1151,1,1,3,0,1,5206,1,South,2023,1,245000
4589,1755,3,2,22,1,1,6786,2,South,2021,4,355000
4590,2507,5,3,2,1,1,6009,1,South,2021,12,476000
4591,2020,4,2,32,1,1,9634,2,South,2021,8,319000
4592,924,1,1,50,1,2,3312,1,East,2023,1,213000
4593,1839,3,3,38,1,2,4445,2,East,2022,8,443000
4594,2155,3,2,20,1,2,9166,1,East,2022,7,470000
4595,1955,3,1,15,0,2,9072,1,Central,2022,11,384000
4596,2252,3,2,39,1,3,12397,1,South,2022,4,329000
4597,3360,4,2,46,1,3,15538,1,North,2021,10,565000
4598,909,2,1,50,1,3,5094,1,North,2023,4,231000
4599,1944,4,3,9,1,1,10415,2,West,2021,1,367000
4600,901,1,1,50,0,3,3257,1,East,2021,12,122000
4601,1573,2,1,3,1,2,6464,1,Central,2023,2,386000
4602,2886,5,3,4,1,1,17145,2,West,2021,10,509000
4603,4370,6,5,2,1,1,11779,3,North,2021,3,931000
4604,2356,3,1,4,1,2,10827,2,North,2022,8,452000
4605,3245,4,3,34,1,1,7372,1,East,2021,3,611000
4606,2815,4,1,40,1,1,10399,2,West,2022,8,397000
4607,2607,4,2,35,1,2,15093,2,North,2023,4,540000
4608,1110,2,1,25,1,2,3939,1,West,2023,5,208000
4609,4043,5,5,17,1,3,8308,1,Central,2023,2,921000
4610,1844,4,2,30,1,2,9404,2,West,2022,8,337000
4611,2030,4,2,8,1,2,11357,2,West,2022,8,369000
4612,1403,2,2,40,0,1,7595,1,West,2021,11,155000
4613,1662,3,1,28,1,2,6675,1,North,2023,1,344000
4614,1045,1,1,30,1,2,5885,1,South,2023,6,234000
4615,1186,1,1,18,1,3,2672,1,North,2022,12,286000
4616,1696,2,1,43,1,1,9544,2,North,2022,9,302000
4617,2545,5,1,4,0,2,10040,1,Central,2022,7,607000
4618,3444,4,2,8,0,2,7534,2,South,2022,10,529000
4619,1838,3,1,35,1,3,9020,2,West,2021,11,309000
4620,3419,4,4,15,1,3,9073,2,West,2022,11,591000
4621,3366,4,3,43,0,1,9045,1,West,2023,3,445000
4622,3033,5,3,5,1,2,14218,2,East,2021,5,712000
4623,1322,2,1,7,1,2,4639,1,East,2023,5,353000
4624,2318,4,2,43,1,3,9305,2,East,2021,5,489000
4625,4418,6,1,13,0,2,9246,3,Central,2022,5,950000
4626,1982,4,2,17,0,1,8292,2,North,2021,10,402000
4627,2070,3,1,5,1,1,4761,2,North,2021,6,429000
4628,2366,4,1,4,0,2,8986,1,East,2022,2,481000
4629,1687,3,2,27,1,2,4279,1,South,2021,3,299000
4630,2195,4,3,2,0,1,9932,2,East,2021,11,459000
4631,997,1,1,42,1,0,2396,1,Central,2021,5,142000
4632,2118,3,2,35,1,2,9413,2,West,2021,5,290000
4633,2637,5,2,3,1,3,13566,2,Central,2022,3,688000
4634,3153,5,1,29,0,3,18834,2,South,2021,11,491000
4635,1303,3,3,23,1,2,4914,1,South,2021,1,250000
4636,3577,6,4,3,1,3,10258,1,West,2021,10,687000
4637,2207,4,3,4,0,1,4778,2,Central,2022,1,488000
4638,2182,3,2,10,1,2,4907,1,East,2021,3,454000
4639,2564,4,4,30,1,0,7303,1,Central,2021,6,567000
4640,2946,5,1,25,1,2,12476,1,Central,2023,5,660000
4641,4179,6,2,18,0,3,8431,3,East,2021,6,991000
4642,1734,3,3,34,0,3,7255,1,South,2022,6,293000
4643,2743,5,2,34,0,2,14814,1,East,2022,11,628000
4644,1198,1,1,24,1,2,6637,1,Central,2021,12,247000
4645,2768,5,4,36,1,3,8397,2,South,2023,5,568000
4646,3372,4,1,5,1,1,18995,2,West,2023,5,564000
4647,1923,4,3,42,1,2,11430,2,West,2023,5,363000
4648,1302,3,3,24,0,1,5473,1,South,2023,4,277000
4649,3218,5,1,38,1,3,7009,1,East,2022,5,656000
4650,1234,2,2,19,0,0,6515,1,South,2022,8,182000
4651,1225,3,3,3,0,1,7082,1,Central,2022,10,330000
4652,2964,4,2,19,0,2,16567,2,West,2023,3,460000
4653,1879,3,1,7,0,1,7771,1,Central,2021,8,409000
4654,2740,5,1,30,1,1,7588,1,North,2022,10,568000
4655,1677,2,1,14,1,2,6147,1,North,2022,4,372000
4656,1107,2,1,39,0,3,5738,1,Central,2021,1,225000
4657,2640,5,3,28,1,1,10973,1,South,2022,7,494000
4658,2399,4,1,29,1,3,13606,2,North,2021,4,405000
4659,1498,2,1,3,0,3,5739,1,North,2021,2,270000
4660,2612,5,3,49,0,2,12916,2,East,2023,2,633000
4661,1760,3,1,40,1,2,4473,1,North,2021,8,322000
4662,1709,2,1,36,1,0,3827,2,East,2021,12,380000
4663,1769,2,1,5,1,1,4245,2,West,2022,4,335000
4664,2961,4,3,18,1,1,6753,2,East,2022,12,661000
4665,2978,4,3,2,1,1,17818,1,Central,2021,10,623000
4666,2822,4,3,19,1,1,13407,2,North,2021,8,592000
4667,1316,3,2,2,1,1,4855,1,East,2021,3,294000
4668,2624,4,3,20,1,2,9682,2,North,2022,7,572000
4669,2149,3,1,26,1,2,10548,1,Central,2022,8,406000
4670,1967,3,1,8,1,3,6275,1,Central,2021,4,452000
4671,2389,4,2,16,0,1,7837,1,South,2021,2,327000
4672,2713,5,1,42,1,0,12370,1,South,2021,1,410000
4673,2963,4,1,2,1,2,16404,2,South,2021,11,534000
4674,1215,2,1,36,1,0,4745,1,Central,2022,10,217000
4675,2075,4,1,3,0,2,9825,1,West,2023,6,347000
4676,2772,5,2,1,1,2,8011,2,Central,2022,8,708000
4677,1022,2,1,3,1,2,2143,1,North,2021,7,242000
4678,3593,6,3,34,1,1,14353,2,East,2021,9,901000
4679,1762,3,2,9,1,1,7441,2,West,2022,2,368000
4680,2427,3,1,42,1,2,13026,2,Central,2021,2,386000
4681,1211,2,1,18,1,0,3447,1,South,2023,5,200000
4682,1517,3,1,1,1,0,6213,2,South,2023,2,284000
4683,3542,6,1,31,1,2,20151,3,Central,2021,5,883000
4684,1120,1,1,2,0,1,5118,1,North,2023,6,271000
4685,3356,5,3,36,0,2,11201,3,East,2023,6,708000
4686,2478,3,1,3,1,1,14094,1,East,2021,6,442000
4687,1235,3,1,5,1,0,3661,1,North,2022,7,281000
4688,1051,2,1,34,1,1,2551,1,South,2022,10,206000
4689,1694,3,2,47,1,1,6222,2,West,2022,1,240000
4690,4229,5,4,7,1,0,23290,3,South,2021,9,778000
4691,1855,4,3,39,0,1,7612,2,South,2022,11,277000
4692,1965,4,2,3,1,1,7832,2,West,2022,11,361000
4693,2006,4,1,37,0,1,6317,2,Central,2022,8,380000
4694,2126,3,3,27,0,3,11865,1,West,2022,8,334000
4695,1651,2,1,3,1,3,5505,1,Central,2023,1,481000
4696,3194,5,1,5,0,1,18585,1,Central,2023,3,664000
4697,1907,3,3,2,1,1,7525,1,Central,2022,10,484000
4698,1867,4,1,8,1,2,10832,1,Central,2022,4,452000
4699,1078,1,1,3,1,3,2580,1,West,2021,7,214000
4700,3532,5,3,26,0,3,15989,1,West,2022,2,623000
4701,1314,2,2,50,1,0,4938,1,West,2023,3,196000
4702,1363,2,2,1,1,2,6620,1,Central,2023,6,379000
4703,2170,3,1,19,1,2,6802,2,West,2021,8,345000
4704,2367,3,2,21,1,3,6315,2,West,2021,4,393000
4705,2164,4,1,45,1,0,12728,2,South,2022,10,318000
4706,1856,3,2,16,1,2,9953,1,Central,2021,12,406000
4707,2597,4,2,19,1,1,12139,1,East,2021,2,626000
4708,1373,3,1,14,1,0,4875,1,North,2022,6,285000
4709,2605,5,3,4,1,2,6643,2,West,2021,3,524000
4710,2424,3,3,2,1,1,9506,2,South,2021,1,409000
4711,2413,4,2,10,1,2,10639,2,North,2022,7,503000
4712,1744,2,1,2,0,2,10223,2,South,2022,3,361000
4713,1024,2,1,19,1,3,3080,1,North,2022,3,275000
4714,2513,5,2,5,0,1,7000,2,North,2022,3,570000
4715,1664,2,1,18,1,0,4068,2,East,2023,5,452000
4716,2451,4,4,2,0,1,14471,2,Central,2021,2,459000
4717,2400,3,3,46,1,2,6326,2,East,2021,10,418000
4718,3728,6,3,43,1,2,10826,3,West,2022,11,658000
4719,1734,3,2,3,1,1,9066,2,Central,2023,3,426000
4720,3703,6,2,5,0,2,12617,2,South,2021,5,735000
4721,2444,4,1,24,1,2,13334,1,West,2023,1,369000
4722,1310,3,1,2,0,1,5122,1,South,2022,8,281000
4723,1281,2,1,6,1,2,4789,1,West,2022,1,291000
4724,2303,3,1,4,1,2,4901,1,South,2023,4,407000
4725,1545,3,3,45,1,3,4999,1,Central,2022,12,333000
4726,1560,2,1,40,0,2,3207,2,North,2022,4,225000
4727,3587,6,3,21,1,1,20236,3,East,2022,9,985000
4728,3097,5,3,17,1,2,12646,2,South,2021,1,536000
4729,3101,5,4,46,1,2,15070,2,West,2021,8,471000
4730,1165,2,1,46,0,0,4198,1,East,2021,11,179000
4731,976,1,1,48,1,2,5453,1,South,2021,10,126000
4732,922,2,1,2,0,1,4661,1,South,2022,11,218000
4733,2567,4,1,3,1,2,8543,1,North,2021,2,586000
4734,3703,5,5,28,0,3,14056,1,West,2023,5,647000
4735,2262,4,2,19,1,2,8200,1,South,2023,5,454000
4736,1354,2,2,1,0,2,4799,1,West,2022,2,247000
4737,2429,4,3,2,1,0,5993,1,East,2021,10,520000
4738,1732,3,2,43,1,1,7720,1,North,2021,6,329000
4739,1695,2,1,41,1,2,6683,1,North,2023,2,301000
4740,2468,3,2,6,1,2,11473,1,Central,2022,10,511000
4741,3350,5,4,43,0,1,17989,2,West,2022,6,472000
4742,1239,2,2,22,0,3,4177,1,North,2021,6,242000
4743,1025,1,1,37,0,1,2563,1,West,2021,8,102000
4744,3544,6,4,11,1,2,19888,2,Central,2023,5,965000
4745,1372,2,1,2,1,2,6387,1,South,2022,1,312000
4746,951,1,1,11,1,2,3045,1,East,2022,8,273000
4747,1072,1,1,13,0,2,3272,1,South,2023,5,248000
4748,1487,3,1,19,1,1,6318,1,North,2022,5,267000
4749,2044,4,3,2,1,3,7537,2,South,2021,10,400000
4750,3342,4,1,50,1,2,12758,1,West,2023,4,443000
4751,2342,3,2,3,1,2,10399,2,East,2022,6,555000
4752,2005,4,2,3,1,2,8601,1,East,2022,5,497000
4753,2109,3,2,18,1,0,4680,1,South,2022,5,286000
4754,1631,2,1,18,0,2,6284,1,East,2022,2,350000
4755,2892,5,1,12,1,2,7348,2,South,2022,9,554000
4756,3200,4,1,35,1,2,15598,2,West,2022,11,459000
4757,1336,3,2,17,0,2,5195,1,North,2021,3,282000
4758,2677,4,3,23,0,3,8259,2,Central,2022,7,624000
4759,1963,3,2,31,0,1,7329,1,North,2023,1,338000
4760,3720,6,2,1,1,3,7789,3,West,2023,3,770000
4761,1792,3,1,21,0,1,5837,2,East,2022,3,428000
4762,3782,6,5,42,1,2,19265,3,West,2021,10,687000
4763,2787,5,3,1,0,1,6735,1,Central,2023,2,650000
4764,1356,3,2,9,1,0,5514,1,South,2022,6,265000
4765,1753,3,1,45,1,0,6579,2,West,2022,12,264000
4766,3536,6,4,6,1,1,20143,2,North,2021,10,834000
4767,3129,4,3,13,0,0,9179,2,North,2021,3,575000
4768,1534,2,2,49,1,2,5566,2,Central,2021,6,257000
4769,3132,4,2,3,1,1,12998,1,North,2021,3,589000
4770,1852,3,1,2,1,2,5323,1,South,2021,6,350000
4771,1562,2,1,41,0,0,4602,2,North,2021,9,197000
4772,1903,4,1,41,0,1,4833,1,East,2021,10,383000
4773,1410,2,1,14,1,2,3964,1,Central,2022,8,299000
4774,2922,5,4,17,0,1,12113,2,South,2022,1,513000
4775,2164,3,2,39,0,1,10825,2,East,2021,2,412000
4776,2991,4,2,32,1,3,12259,1,East,2021,12,644000
4777,962,2,1,4,1,1,2454,1,South,2022,9,251000
4778,1690,3,3,1,1,2,5801,1,East,2022,10,462000
4779,1186,2,1,14,1,1,6552,1,East,2021,7,277000
4780,1292,3,1,41,1,3,4771,1,South,2023,2,267000
4781,1040,1,1,43,1,1,4164,1,Central,2022,5,180000
4782,1329,2,2,47,1,3,4897,1,North,2021,2,239000
4783,1805,3,3,42,1,1,7674,2,North,2022,12,363000
4784,1558,2,1,21,0,0,8683,2,Central,2022,2,257000
4785,2417,3,1,12,0,2,14337,2,West,2021,5,351000
4786,2139,3,1,35,1,2,4794,2,Central,2022,4,442000
4787,2756,4,3,32,1,1,9485,1,West,2021,5,406000
4788,4146,5,2,19,1,1,14476,1,East,2021,8,923000
4789,2422,3,3,2,1,2,7447,1,West,2021,12,403000
4790,2157,4,1,45,0,0,9099,1,North,2021,5,278000
4791,919,1,1,13,0,2,3894,1,West,2022,2,177000
4792,3892,6,5,6,0,2,12643,2,East,2021,10,974000
4793,1267,2,1,25,1,2,5020,1,Central,2022,12,255000
4794,1391,2,1,28,1,0,7934,1,West,2023,3,201000
4795,1457,2,2,3,1,2,7028,1,North,2021,8,286000
4796,2401,4,1,39,1,0,12796,1,East,2022,1,420000
4797,1396,3,2,4,1,1,6028,1,North,2021,4,286000
4798,2853,5,4,3,1,2,10389,1,West,2021,4,478000
4799,1479,3,1,9,1,3,5803,1,East,2021,9,363000
4800,2115,4,4,32,1,1,9533,1,South,2023,5,388000
4801,1229,2,1,48,1,1,2477,1,Central,2022,6,205000
4802,1297,2,1,37,1,2,4662,1,Central,2023,3,288000
4803,3777,6,6,46,1,1,8343,1,Central,2023,6,860000
4804,1084,2,1,2,1,2,2502,1,South,2022,7,256000
4805,2527,5,3,2,1,3,13361,2,West,2022,5,550000
4806,1927,4,1,20,1,3,7034,2,Central,2021,3,468000
4807,1511,3,2,4,1,1,4746,2,East,2022,12,377000
4808,3725,6,2,39,0,2,13266,2,South,2021,11,626000
4809,930,2,1,28,1,3,4939,1,Central,2022,4,280000
4810,3418,4,2,48,1,0,14840,1,Central,2021,4,552000
4811,1187,1,1,4,0,2,4434,1,West,2023,5,230000
4812,2560,4,2,15,1,1,8035,2,South,2022,3,526000
4813,1383,3,1,16,1,1,7098,1,North,2021,6,306000
4814,2143,3,1,3,1,3,9142,1,West,2023,5,401000
4815,2867,5,2,22,1,2,15563,2,East,2022,9,682000
4816,4286,6,4,12,1,1,8680,3,West,2022,6,750000
4817,4099,6,3,12,1,3,17991,2,North,2021,10,869000
4818,2739,5,4,6,0,2,10185,1,North,2022,5,629000
4819,3498,4,2,1,1,3,11971,3,South,2023,1,638000
4820,1063,2,2,17,1,1,4957,1,South,2022,1,223000
4821,1002,2,2,5,1,1,5503,1,West,2021,11,195000
4822,1153,1,1,1,0,1,3730,1,South,2022,5,214000
4823,2273,3,2,5,1,2,13117,1,West,2022,5,376000
4824,1847,4,4,4,1,1,10605,1,West,2021,2,365000
4825,1873,4,2,9,1,1,5608,1,North,2023,1,439000
4826,1446,3,2,2,1,3,3208,1,Central,2023,4,395000
4827,2436,4,3,16,1,3,9496,1,West,2021,2,367000
4828,957,1,1,29,0,2,3900,1,West,2022,8,135000
4829,2383,3,2,25,1,3,7327,1,Central,2022,3,425000
4830,1825,4,3,37,1,3,6571,2,South,2021,9,381000
4831,3090,5,4,13,0,2,14269,2,East,2022,2,711000
4832,3367,4,2,17,1,2,18440,3,North,2021,5,672000
4833,2417,3,1,37,1,3,11864,1,East,2021,10,423000
4834,1297,2,1,11,1,2,7067,1,East,2022,1,283000
4835,1964,4,2,30,1,1,9040,2,West,2022,8,321000
4836,1077,2,1,11,0,1,2827,1,North,2022,9,230000
4837,1781,2,2,10,1,2,9419,1,North,2021,10,376000
4838,1843,3,1,34,1,3,10404,2,East,2022,6,458000
4839,1506,3,2,3,1,2,4908,1,North,2021,9,330000
4840,1225,3,2,5,1,3,6474,1,West,2023,4,306000
4841,4326,5,3,3,0,2,10910,2,West,2023,3,696000
4842,4256,6,3,6,0,1,19836,1,South,2022,6,712000
4843,2315,4,3,3,1,2,9722,2,North,2023,6,535000
4844,1267,2,1,21,1,1,5100,1,North,2022,10,271000
4845,1505,3,2,37,0,2,8385,1,West,2021,12,170000
4846,1629,2,1,36,1,3,7731,2,Central,2022,2,409000
4847,4221,6,5,7,1,2,22363,2,South,2023,1,838000
4848,1260,3,1,50,0,3,2804,1,Central,2021,2,187000
4849,3471,5,5,22,0,1,17684,1,Central,2021,5,629000
4850,1481,2,1,9,0,2,4136,1,North,2022,3,285000
4851,4078,6,3,39,1,1,9934,3,Central,2023,4,904000
4852,1746,3,2,32,1,2,10419,1,East,2022,3,386000
4853,3077,4,2,33,1,2,10751,1,Central,2022,5,612000
4854,1793,2,1,3,1,2,9138,2,East,2021,12,445000
4855,2457,4,1,14,1,1,8843,1,South,2022,7,409000
4856,1404,3,2,41,0,1,7787,1,Central,2023,2,288000
4857,1455,3,1,16,1,2,3176,1,South,2022,2,287000
4858,3817,5,2,29,0,2,14465,2,Central,2022,4,866000
4859,3680,6,6,22,1,2,16592,3,North,2023,3,904000
4860,3003,4,4,40,1,2,14159,3,West,2022,3,468000
4861,1639,2,1,4,0,3,5926,1,East,2022,6,421000
4862,2593,5,1,21,1,3,14600,2,Central,2022,9,621000
4863,957,1,1,2,1,1,5223,1,North,2021,12,241000
4864,1839,3,3,29,1,1,9664,2,East,2021,8,409000
4865,2217,3,1,32,0,2,5260,1,West,2023,1,299000
4866,1825,3,3,1,0,0,8533,2,Central,2021,5,406000
4867,1621,2,2,28,1,1,4881,1,South,2021,11,277000
4868,1439,3,2,10,1,1,6557,1,South,2022,9,290000
4869,2090,3,1,2,0,1,7169,1,East,2022,4,430000
4870,2501,4,2,10,1,2,14510,1,South,2023,2,492000
4871,1940,4,1,3,1,1,7039,2,Central,2021,12,456000
4872,1528,2,2,10,1,1,4132,2,North,2023,3,315000
4873,1106,2,2,8,0,3,6541,1,West,2021,8,238000
4874,1033,1,1,32,1,3,6172,1,East,2022,9,271000
4875,1248,3,1,35,0,3,7029,1,South,2021,8,206000
4876,2335,3,2,23,1,1,7072,2,East,2021,2,435000
4877,1782,2,1,1,1,0,5774,1,Central,2021,8,385000
4878,2422,4,1,46,0,1,10417,1,East,2022,10,370000
4879,2465,4,3,29,1,1,7953,1,North,2022,2,423000
4880,3390,4,3,1,0,1,15885,2,North,2021,3,592000
4881,1231,3,2,38,1,3,4128,1,West,2023,6,245000
4882,1661,2,1,3,0,3,9418,1,South,2022,9,299000
4883,2523,5,4,21,0,3,11845,2,Central,2022,8,640000
4884,1051,2,1,14,1,2,5946,1,West,2022,7,189000
4885,1500,2,1,10,1,2,3365,1,East,2021,8,352000
4886,3222,4,2,43,0,2,10566,3,East,2021,5,633000
4887,1746,2,1,12,0,3,4836,2,East,2022,1,439000
4888,2393,3,3,2,0,2,9563,2,Central,2023,1,523000
4889,1013,2,2,47,1,1,4012,1,East,2021,1,178000
4890,2467,3,3,45,1,1,13319,1,North,2021,9,337000
4891,2139,3,3,29,1,2,4958,1,East,2023,3,482000
4892,1273,3,1,14,1,1,7617,1,West,2022,7,241000
4893,1675,2,1,2,0,3,3449,2,West,2022,12,315000
4894,1282,3,2,36,1,2,5170,1,Central,2023,1,313000
4895,2322,3,1,2,0,2,11155,2,East,2022,2,497000
4896,1578,3,2,2,1,0,8692,1,South,2021,4,284000
4897,1305,2,1,18,1,2,3613,1,East,2022,10,315000
4898,1500,2,1,3,1,2,8030,1,Central,2022,1,323000
4899,1003,2,1,1,0,2,5629,1,Central,2023,1,293000
4900,3845,6,1,11,0,1,16140,1,Central,2022,3,813000
4901,1209,3,1,2,1,3,5905,1,South,2023,6,312000
4902,1931,3,1,3,1,2,6514,2,East,2022,10,492000
4903,1039,2,1,2,0,2,4569,1,South,2023,3,263000
4904,1762,3,2,3,0,3,9869,2,South,2021,10,373000
4905,4250,5,3,31,1,3,16890,2,North,2021,5,825000
4906,1347,3,1,37,1,1,4398,1,North,2023,6,247000
4907,4311,5,5,13,1,3,24693,2,South,2023,5,845000
4908,1554,2,2,16,0,1,4272,2,South,2023,1,273000
4909,3484,4,3,1,1,2,10595,3,South,2021,7,609000
4910,2099,3,1,2,0,1,4783,2,South,2023,6,399000
4911,3165,4,2,4,1,2,10688,2,West,2022,2,528000
4912,1925,3,2,19,0,2,6338,1,South,2022,7,316000
4913,1779,3,1,32,0,2,10405,2,West,2021,7,249000
4914,1475,2,2,23,0,2,8640,1,South,2022,4,219000
4915,1528,2,1,8,1,2,7565,1,Central,2023,1,351000
4916,4306,5,1,2,1,1,23089,3,North,2022,6,859000
4917,1966,3,3,35,1,3,5227,1,North,2021,1,368000
4918,1829,4,4,6,1,2,5329,1,West,2022,11,391000
4919,3182,5,3,32,1,2,16620,2,Central,2021,8,648000
4920,2204,3,3,17,1,3,5280,2,North,2022,4,497000
4921,4335,5,4,32,1,1,24685,2,North,2021,3,839000
4922,2680,5,4,44,1,2,8294,2,Central,2022,4,629000
4923,1988,3,2,45,0,2,5812,1,North,2021,3,302000
4924,2815,4,2,18,1,1,15879,1,South,2022,7,475000
4925,1201,3,1,17,0,1,3584,1,Central,2022,3,267000
4926,1030,1,1,4,1,3,6040,1,Central,2021,11,287000
4927,1782,3,1,46,1,1,4518,1,South,2022,7,255000
4928,901,2,2,13,1,2,5260,1,Central,2023,6,286000
4929,3472,4,1,2,1,2,13304,2,East,2022,7,738000
4930,4219,6,4,11,0,2,13150,1,North,2021,1,857000
4931,2187,3,1,2,1,2,10002,2,West,2022,4,390000
4932,2001,4,1,16,1,3,6301,2,East,2021,10,485000
4933,4372,6,2,20,0,1,12729,1,East,2022,2,937000
4934,2390,3,2,5,1,2,11639,2,Central,2023,3,533000
4935,2182,3,2,2,0,2,5633,1,North,2021,4,403000
4936,1634,3,3,47,1,1,7857,2,West,2022,12,271000
4937,3687,5,1,35,1,3,12462,1,East,2021,5,869000
4938,2217,3,3,39,1,3,8482,2,South,2021,2,376000
4939,2826,5,3,7,0,1,10496,1,West,2021,9,433000
4940,3444,5,1,34,0,2,19547,1,West,2023,5,485000
4941,2429,4,2,15,0,2,9705,1,Central,2022,2,449000
4942,2227,4,3,3,0,2,10186,1,Central,2021,12,449000
4943,2727,4,2,2,1,3,8534,1,East,2021,11,697000
4944,2255,4,1,5,1,2,10890,2,South,2021,12,393000
4945,3080,5,3,2,1,2,9793,3,East,2022,1,791000
4946,3607,6,5,50,1,1,19575,3,South,2021,11,682000
4947,2109,4,1,1,0,2,8203,2,South,2022,3,404000
4948,2645,5,5,12,1,2,10097,2,East,2022,2,719000
4949,2840,4,3,13,0,2,8654,1,West,2021,8,417000
4950,3264,4,1,5,1,2,14837,2,East,2022,12,686000
4951,1680,3,1,21,0,0,6003,2,Central,2022,1,353000
4952,1143,1,1,2,1,1,3538,1,South,2023,2,248000
4953,1956,3,1,36,0,2,8765,1,South,2023,2,284000
4954,1928,4,3,5,1,2,5015,2,West,2021,8,380000
4955,1772,3,1,22,1,2,9695,1,West,2022,2,301000
4956,3152,5,5,31,1,2,15618,3,North,2021,7,655000
4957,1691,2,1,43,1,1,6831,2,South,2022,12,285000
4958,2442,4,3,39,1,1,11345,2,South,2022,7,386000
4959,1586,3,2,23,1,1,5048,1,Central,2022,11,326000
4960,3155,4,3,8,1,2,13414,1,Central,2023,2,692000
4961,2347,3,1,16,0,1,4789,1,South,2021,4,305000
4962,1243,3,2,34,1,2,4726,1,North,2021,8,265000
4963,1357,2,1,42,1,2,7587,1,South,2022,9,217000
4964,2512,5,1,2,1,3,11646,2,North,2021,5,591000
4965,1872,4,3,8,1,3,4301,1,South,2023,3,425000
4966,1114,1,1,35,1,3,2371,1,South,2022,11,164000
4967,3756,5,1,11,0,2,16110,2,East,2023,4,914000
4968,3210,4,3,5,0,2,13598,1,South,2021,5,495000
4969,3570,6,1,10,1,2,11303,2,East,2023,6,985000
4970,1959,3,1,23,1,3,5279,2,South,2021,6,345000
4971,1863,4,2,50,0,3,7510,1,Central,2021,8,304000
4972,3306,5,4,15,0,2,14267,2,Central,2023,6,715000
4973,1711,3,1,3,1,2,5116,2,East,2021,3,450000
4974,3238,5,1,3,0,2,11388,2,North,2021,10,620000
4975,901,1,1,1,1,2,2737,1,South,2023,2,244000
4976,1650,3,2,20,0,2,4099,1,North,2021,7,322000
4977,1295,2,1,19,0,3,5194,1,South,2021,4,218000
4978,1348,3,2,3,1,2,4980,1,West,2021,2,264000
4979,1329,2,2,29,1,1,5347,1,East,2021,8,266000
4980,1070,1,1,33,1,3,6250,1,South,2022,5,206000
4981,4406,6,5,4,1,1,17092,3,West,2022,9,743000
4982,1323,3,3,5,0,1,6746,1,North,2023,2,324000
4983,2105,4,2,50,1,2,12356,2,South,2022,8,319000
4984,3403,5,3,7,1,1,18602,2,West,2022,7,523000
4985,1988,3,1,34,1,1,5406,1,North,2023,4,353000
4986,1259,2,2,13,1,1,5115,1,West,2021,7,230000
4987,3060,5,1,36,1,1,6994,2,Central,2021,2,558000
4988,1985,4,1,35,1,2,6688,2,Central,2021,11,419000
4989,2604,4,1,27,1,1,8996,1,North,2022,10,532000
4990,3349,5,4,40,1,2,14250,1,East,2022,7,678000
4991,3991,5,1,46,1,1,17047,2,East,2022,4,892000
4992,2408,3,3,21,0,2,8299,1,Central,2022,7,422000
4993,2485,4,2,3,1,1,13405,2,Central,2023,1,546000
4994,2192,4,1,9,0,1,9020,1,North,2023,1,406000
4995,1566,3,2,34,0,1,4767,2,Central,2021,8,232000
4996,3277,5,4,26,1,2,10021,3,North,2022,5,670000
4997,1130,2,1,3,1,2,6725,1,South,2023,1,301000
4998,1767,2,2,2,1,2,9840,1,South,2021,2,350000
4999,2963,5,4,29,1,3,10077,1,South,2023,2,591000
5000,1676,3,3,4,1,3,4136,2,Central,2021,4,466000
5001,2419,4,3,16,0,2,6264,2,South,2021,6,380000
5002,2467,4,1,33,0,0,12538,1,Central,2021,8,347000
5003,2535,5,5,20,1,2,7978,2,Central,2021,7,636000
5004,1902,4,3,2,1,0,10796,2,Central,2021,12,448000
5005,2521,4,3,3,1,2,7817,1,South,2023,3,524000
5006,1226,2,1,3,0,1,5966,1,West,2022,4,166000
5007,2768,4,3,4,0,3,10711,2,East,2023,5,713000
5008,3475,5,2,20,0,3,7322,1,West,2022,12,489000
5009,1007,2,1,16,1,2,5124,1,North,2022,8,273000
5010,1676,3,1,3,0,2,6130,2,West,2023,4,336000
5011,1250,3,1,2,1,2,5761,1,West,2023,2,284000
5012,2675,4,2,3,1,1,6110,1,West,2021,8,468000
5013,1985,3,1,49,1,3,9795,2,Central,2023,1,391000
5014,1765,2,2,14,0,2,7701,2,North,2022,5,377000
5015,976,2,1,41,0,1,4334,1,South,2022,10,152000
5016,1460,2,1,40,1,2,4627,1,East,2022,4,260000
5017,995,1,1,17,1,1,3274,1,South,2022,12,167000
5018,1947,3,1,30,1,1,7397,1,South,2023,1,358000
5019,2209,4,3,3,1,2,11040,2,North,2021,12,493000
5020,3129,4,3,29,1,2,14466,3,Central,2022,9,690000
5021,2095,3,1,4,0,2,6448,2,Central,2021,1,427000
5022,2322,4,3,39,0,2,7673,2,North,2021,3,394000
5023,3532,5,2,2,1,1,7354,2,North,2021,7,772000
5024,2942,5,1,35,1,2,11445,1,South,2022,9,468000
5025,4466,6,1,2,0,1,26739,2,East,2021,5,983000
5026,2270,4,3,42,1,3,11152,2,West,2022,8,335000
5027,1068,1,1,5,1,0,2663,1,North,2023,5,255000
5028,1521,3,2,27,1,1,6224,1,West,2022,11,246000
5029,3412,4,4,15,0,3,7824,2,North,2022,9,629000
5030,1344,2,1,7,0,3,3229,1,Central,2021,5,282000
5031,1761,2,1,26,1,3,4024,2,Central,2022,9,424000
5032,1655,2,1,47,1,0,5914,2,Central,2021,6,310000
5033,1704,3,1,1,1,2,7752,1,North,2023,6,425000
5034,1940,4,3,45,1,2,4614,1,East,2021,1,387000
5035,1110,1,1,23,1,3,5150,1,North,2021,3,241000
5036,1795,2,1,37,1,0,4155,2,West,2021,8,238000
5037,2020,3,1,8,0,1,6108,2,South,2021,8,333000
5038,4214,5,1,14,1,2,21376,3,West,2022,3,704000
5039,3068,5,3,41,1,1,18097,3,West,2021,1,473000
5040,4240,5,4,10,1,2,17048,3,East,2023,2,1079000
5041,3448,4,2,18,1,3,9894,3,Central,2021,10,702000
5042,2348,3,2,1,1,2,9057,2,East,2021,11,516000
5043,1453,3,2,3,1,2,8552,1,South,2023,6,322000
5044,1872,3,1,26,0,3,4132,2,West,2022,5,335000
5045,2277,4,2,31,0,1,5084,1,Central,2023,6,388000
5046,1889,3,1,22,0,1,10243,1,West,2021,10,237000
5047,1905,4,3,2,0,2,7192,1,West,2023,1,362000
5048,1844,3,1,12,1,0,8273,1,Central,2021,1,337000
5049,1699,3,1,6,1,0,9833,2,East,2022,11,455000
5050,1651,3,3,16,1,1,8067,2,Central,2022,7,431000
5051,1302,2,2,42,1,3,5929,1,North,2023,6,275000
5052,3086,5,3,35,1,3,17684,2,East,2021,11,680000
5053,1462,3,2,2,1,2,5174,1,South,2021,2,311000
5054,1402,3,1,43,0,1,4022,1,East,2023,1,272000
5055,1758,2,1,14,1,1,6636,1,North,2022,4,338000
5056,1656,2,1,33,0,1,4499,2,South,2022,12,297000
5057,1970,4,1,2,1,1,5952,1,South,2021,10,351000
5058,903,1,1,28,1,0,4178,1,South,2022,9,165000
5059,2038,4,2,3,1,2,10295,1,North,2022,10,456000
5060,1690,2,1,12,0,2,10059,1,Central,2021,3,353000
5061,3802,6,5,1,0,1,9581,1,South,2021,3,719000
5062,4344,6,3,3,1,2,14503,1,East,2021,8,1022000
5063,2278,4,3,2,1,2,5949,2,North,2022,9,519000
5064,2241,4,3,3,0,2,13067,1,North,2021,6,419000
5065,3115,5,3,2,1,0,12410,1,Central,2022,7,660000
5066,1391,2,1,29,0,3,5704,1,Central,2021,5,230000
5067,1805,4,3,1,1,2,5453,2,Central,2021,7,498000
5068,1700,3,3,24,1,1,6739,2,East,2023,6,479000
5069,3527,5,4,2,1,2,13843,3,North,2022,2,895000
5070,1111,1,1,47,1,2,4983,1,North,2022,8,217000
5071,1775,2,1,46,0,2,9167,1,West,2022,3,229000
5072,3154,4,4,3,0,2,17002,2,Central,2023,2,738000
5073,1899,4,1,24,1,2,5633,2,Central,2021,11,407000
5074,983,2,1,1,0,2,4341,1,South,2022,10,226000
5075,3985,6,3,46,1,2,16212,3,South,2021,9,698000
5076,2465,3,1,17,1,0,9807,2,North,2022,7,471000
5077,1719,3,2,1,1,0,5698,2,West,2023,5,364000
5078,1215,2,1,5,1,1,5833,1,South,2021,6,257000
5079,2404,3,3,2,1,2,11075,1,East,2023,3,561000
5080,2008,3,1,8,1,1,8998,1,Central,2022,3,424000
5081,1382,3,1,28,1,2,6200,1,West,2022,7,234000
5082,1400,2,2,14,1,1,7480,1,North,2021,8,278000
5083,3417,4,1,8,1,2,9501,2,North,2021,3,650000
5084,1576,2,1,2,1,2,6718,1,West,2021,9,260000
5085,1171,2,1,3,1,1,2851,1,East,2022,7,303000
5086,1694,3,2,2,1,2,6905,2,West,2021,1,369000
5087,3158,4,3,37,1,3,10888,2,North,2022,12,585000
5088,1457,3,1,2,1,1,4474,1,Central,2021,1,320000
5089,1997,4,2,22,1,3,10914,1,West,2023,1,394000
5090,1089,1,1,5,1,2,5691,1,Central,2022,12,297000
5091,1279,3,2,3,1,2,5347,1,South,2021,8,269000
5092,1290,2,1,26,1,0,3738,1,South,2021,9,160000
5093,2879,5,3,13,1,2,11595,2,North,2022,7,666000
5094,1091,2,1,9,0,2,3763,1,Central,2021,7,242000
5095,1356,3,2,22,1,2,7990,1,North,2023,5,300000
5096,1646,3,1,15,0,3,9153,1,North,2021,8,370000
5097,2770,4,2,5,1,2,7242,1,North,2022,3,619000
5098,1350,3,2,20,1,1,3594,1,West,2023,2,241000
5099,2077,4,4,28,1,1,10871,2,Central,2022,4,510000
5100,1169,1,1,1,1,1,5809,1,Central,2023,2,296000
5101,1832,3,1,14,0,3,3794,1,East,2023,2,465000
5102,2458,4,3,2,1,1,9039,1,Central,2023,5,558000
5103,1876,3,1,3,1,1,10640,1,North,2021,7,402000
5104,2178,4,2,20,0,1,5267,2,Central,2022,12,437000
5105,1664,2,1,41,1,3,7343,2,East,2022,2,377000
5106,1054,2,2,42,1,2,4541,1,East,2021,3,272000
5107,2371,3,2,2,0,3,6315,1,North,2021,11,441000
5108,1583,3,1,10,1,2,9045,1,North,2023,1,320000
5109,2600,4,3,22,1,3,9841,1,South,2021,3,516000
5110,3588,5,3,2,0,0,18671,2,North,2021,10,791000
5111,4185,6,1,34,1,1,22283,3,East,2022,5,955000
5112,2853,4,3,33,1,1,17048,1,North,2022,11,535000
5113,2428,4,2,44,1,2,14157,2,North,2022,2,421000
5114,3055,5,5,1,1,2,10522,2,Central,2021,3,731000
5115,1323,2,1,3,0,1,4400,1,Central,2022,9,269000
5116,2375,4,1,39,1,1,6876,2,Central,2021,10,407000
5117,2204,4,1,28,0,2,12881,1,West,2023,6,385000
5118,1833,4,3,43,1,1,4184,1,West,2022,1,291000
5119,3067,4,1,2,1,2,14078,1,Central,2023,6,693000
5120,962,2,2,23,1,0,4133,1,West,2022,3,159000
5121,2461,4,1,21,1,2,12541,2,South,2021,3,358000
5122,3897,6,6,1,1,2,8904,2,North,2022,11,962000
5123,1435,2,1,17,1,2,6687,1,South,2023,1,302000
5124,2029,4,2,23,1,1,9261,2,Central,2021,11,462000
5125,4489,6,2,3,1,1,23653,2,West,2022,7,721000
5126,2149,4,3,4,1,3,7130,2,East,2021,4,562000
5127,2304,4,3,26,1,2,8137,2,North,2022,6,406000
5128,1386,3,2,14,1,2,3124,1,South,2021,4,277000
5129,2187,3,2,41,0,2,11650,1,West,2022,10,286000
5130,3403,4,3,5,0,0,17007,1,East,2021,3,631000
5131,1842,4,3,4,1,3,10015,1,East,2021,1,516000
5132,2088,4,1,49,1,2,7345,1,South,2022,2,300000
5133,1206,2,2,44,1,2,5453,1,West,2022,12,182000
5134,980,1,1,1,1,3,2518,1,Central,2022,9,298000
5135,3905,5,3,35,0,1,20347,1,Central,2022,9,841000
5136,2475,4,1,2,0,2,12887,2,North,2021,10,435000
5137,2332,4,1,1,1,3,11994,2,East,2022,11,542000
5138,935,1,1,4,1,1,2511,1,South,2021,6,182000
5139,2115,4,3,4,1,0,8699,2,East,2023,3,523000
5140,4085,6,4,38,1,2,13197,1,West,2023,3,667000
5141,2130,3,1,30,0,0,9464,1,South,2022,8,282000
5142,1485,3,2,49,1,3,6314,1,West,2021,7,188000
5143,2294,4,2,31,1,0,12734,2,East,2021,6,444000
5144,3136,4,1,10,1,2,16579,3,Central,2021,8,684000
5145,1751,2,1,30,0,1,8196,1,North,2021,3,259000
5146,2624,5,4,50,0,1,13176,2,North,2023,1,542000
5147,2376,4,4,30,0,3,13095,2,West,2022,9,371000
5148,2960,5,3,34,1,2,6587,1,West,2022,5,461000
5149,1778,2,1,46,0,1,3591,1,East,2023,2,327000
5150,1071,2,1,2,0,1,2658,1,Central,2022,6,260000
5151,1817,4,3,30,1,2,4544,1,East,2022,8,447000
5152,1097,2,2,40,1,3,3622,1,East,2022,12,311000
5153,3630,6,5,47,1,2,14704,1,Central,2023,6,873000
5154,2544,5,1,3,1,2,11721,1,East,2021,12,687000
5155,2034,3,3,16,1,1,11183,2,South,2023,1,430000
5156,1681,3,2,28,1,3,8644,2,West,2022,11,307000
5157,1599,2,1,3,1,2,4434,2,West,2022,6,303000
5158,2946,5,1,23,0,2,13128,1,South,2022,8,499000
5159,1807,4,1,4,1,2,3634,2,South,2021,8,387000
5160,1542,3,2,5,1,2,8637,1,South,2022,10,313000
5161,1752,2,1,12,1,3,9720,2,North,2022,10,434000
5162,1509,3,3,18,1,2,8056,2,Central,2021,5,368000
5163,1865,4,2,12,1,3,6587,2,North,2021,2,445000
5164,1928,4,2,15,0,2,8468,1,North,2021,3,367000
5165,968,1,1,4,1,2,2596,1,West,2023,3,194000
5166,3590,5,4,3,1,3,15168,1,West,2021,2,669000
5167,1297,3,2,1,1,1,5881,1,West,2022,11,268000
5168,1469,2,1,3,0,2,8266,1,South,2022,7,239000
5169,1306,3,2,22,1,2,6183,1,Central,2022,9,305000
5170,3066,4,3,36,0,3,14826,2,East,2023,3,667000
5171,1934,3,2,3,1,0,11027,1,East,2022,6,455000
5172,2478,3,1,2,0,1,9891,2,Central,2022,12,454000
5173,1182,1,1,33,0,1,5557,1,South,2021,3,138000
5174,1432,2,1,5,1,1,7408,1,Central,2021,1,296000
5175,2070,3,3,47,1,1,10554,1,East,2022,5,422000
5176,3440,5,5,31,1,2,9342,3,Central,2021,6,689000
5177,3395,5,4,5,1,3,19159,1,South,2021,8,620000
5178,912,2,1,4,1,2,4291,1,Central,2021,6,294000
5179,2406,4,1,18,1,1,9390,1,West,2023,1,393000
5180,4218,6,5,2,1,3,11716,3,West,2023,3,821000
5181,2239,3,2,2,1,2,5165,2,East,2021,5,500000
5182,3102,5,3,3,1,1,17145,2,Central,2022,11,688000
5183,1435,2,2,35,1,1,3808,1,East,2023,6,333000
5184,4301,5,1,17,1,2,13077,1,East,2023,5,992000
5185,2930,5,3,1,1,2,15156,1,West,2022,11,504000
5186,3616,6,5,28,1,2,15028,1,South,2023,4,749000
5187,2025,3,3,11,1,1,5135,2,South,2022,5,375000
5188,1754,2,1,17,1,3,8112,1,West,2021,11,295000
5189,3652,5,4,3,1,1,13796,1,North,2023,1,878000
5190,1480,3,2,19,1,2,5600,1,Central,2022,3,357000
5191,2203,3,2,49,1,2,6105,2,West,2022,6,310000
5192,3097,5,1,2,1,1,7395,3,East,2021,8,723000
5193,3277,5,1,4,0,1,17841,3,South,2023,4,581000
5194,4488,6,3,3,0,1,14357,1,West,2021,2,679000
5195,1002,2,1,3,1,1,4625,1,Central,2021,4,282000
5196,3448,4,3,7,1,1,10587,3,East,2022,10,758000
5197,2609,4,4,38,0,2,13389,1,South,2023,2,422000
5198,1476,3,2,44,1,2,3631,1,South,2021,11,164000
5199,2399,3,2,3,1,2,11577,1,West,2021,10,367000
5200,1003,2,1,19,1,2,3512,1,West,2021,5,165000
5201,2405,3,3,25,1,3,7408,2,South,2021,1,384000
5202,3793,5,5,17,1,3,22288,2,West,2022,6,701000
5203,2489,4,3,11,1,1,10699,1,Central,2022,7,523000
5204,3049,5,4,3,0,2,17954,3,North,2021,7,658000
5205,4402,5,2,15,1,0,22236,2,West,2021,11,659000
5206,1953,3,1,9,0,1,6908,2,Central,2023,2,446000
5207,3399,5,2,36,1,2,15404,1,Central,2021,10,559000
5208,2021,4,3,34,1,2,9451,1,South,2021,9,322000
5209,2771,4,2,2,1,2,11669,1,South,2021,6,485000
5210,1292,3,1,2,1,2,2616,1,Central,2021,12,353000
5211,4171,6,1,44,1,1,17930,3,North,2021,9,764000
5212,1397,2,2,18,0,3,8003,1,East,2022,5,301000
5213,2186,4,2,41,0,0,11617,1,East,2021,10,350000
5214,3124,4,1,2,1,1,15831,3,West,2021,5,492000
5215,2085,4,3,18,0,1,7895,2,South,2021,10,347000
5216,1639,2,1,19,0,3,7636,1,Central,2022,9,368000
5217,1777,3,3,41,1,2,9551,2,South,2023,2,356000
5218,2783,5,4,2,1,2,10580,1,West,2021,11,515000
5219,1312,2,1,3,1,2,7470,1,East,2021,4,323000
5220,1047,2,1,9,1,2,4882,1,South,2023,4,275000
5221,1533,2,1,41,1,3,5604,1,North,2022,5,285000
5222,2224,3,2,46,1,2,7396,2,Central,2022,5,379000
5223,1597,3,1,50,1,3,7327,1,East,2021,12,288000
5224,2311,3,2,48,1,2,5165,2,West,2022,7,292000
5225,2012,4,2,1,1,2,9447,2,West,2021,9,373000
5226,939,2,2,1,1,1,5242,1,North,2022,5,283000
5227,2006,4,3,2,1,3,5264,1,West,2023,2,431000
5228,3411,5,4,5,1,2,8031,3,North,2022,5,731000
5229,1239,2,2,39,1,2,6977,1,West,2021,2,157000
5230,2308,3,1,43,1,2,11912,1,North,2021,6,375000
5231,1844,3,3,3,1,2,10604,1,Central,2021,8,434000
5232,1651,2,1,24,0,1,3894,1,West,2022,8,215000
5233,3264,5,1,45,0,1,13464,1,South,2021,5,382000
5234,2087,3,2,13,1,2,7955,2,South,2022,6,368000
5235,1876,3,2,2,1,0,11235,1,North,2022,11,373000
5236,1281,3,1,13,1,2,5005,1,Central,2022,10,322000
5237,1621,3,2,7,1,2,6996,2,North,2021,7,424000
5238,1946,4,2,21,1,1,6023,2,East,2021,3,434000
5239,1210,3,1,12,0,0,6430,1,South,2021,2,165000
5240,1919,4,4,1,1,3,6703,2,Central,2022,9,531000
5241,3788,6,2,50,1,2,14085,2,East,2021,3,891000
5242,2464,3,3,19,1,1,13914,2,North,2022,1,455000
5243,2104,4,2,14,0,3,9419,1,West,2022,3,325000
5244,4379,6,3,47,1,2,22876,3,Central,2021,3,896000
5245,3213,5,4,3,0,1,15784,2,West,2022,9,555000
5246,2302,4,3,3,0,1,10923,2,East,2023,6,504000
5247,2601,5,4,37,1,1,13485,1,South,2021,4,450000
5248,3496,4,3,4,1,3,20537,3,North,2021,1,706000
5249,2490,4,3,37,0,2,12150,1,South,2021,10,301000
5250,1834,4,3,4,0,2,4068,2,East,2022,10,507000
5251,1738,2,2,1,1,3,5355,2,West,2021,9,328000
5252,3808,5,5,17,1,0,11760,2,Central,2023,1,934000
5253,2362,4,3,3,1,0,4737,2,West,2022,8,402000
5254,1353,3,2,34,1,1,3145,1,North,2022,4,230000
5255,3293,5,5,26,0,0,19589,1,West,2023,2,486000
5256,2446,3,2,45,1,2,8729,1,East,2022,8,409000
5257,1228,2,1,35,1,2,4283,1,East,2022,12,265000
5258,1876,4,1,3,1,1,7155,2,East,2023,4,526000
5259,2347,4,4,37,0,1,11212,1,North,2021,6,338000
5260,2927,4,2,26,1,1,11256,2,North,2021,9,548000
5261,1519,2,1,28,1,3,5585,2,East,2021,11,345000
5262,3162,5,1,39,0,2,14449,3,North,2021,4,518000
5263,1692,3,2,21,0,2,8593,2,East,2021,1,436000
5264,1092,2,1,14,1,1,6238,1,South,2022,11,196000
5265,3953,6,4,25,1,2,13641,2,Central,2023,2,933000
5266,1817,4,4,4,0,0,6962,2,Central,2023,6,474000
5267,1316,3,2,3,1,3,3645,1,Central,2021,6,355000
5268,2359,3,2,24,0,2,6032,1,Central,2023,5,435000
5269,2997,4,3,3,0,2,13700,2,Central,2021,11,644000
5270,2378,3,3,2,1,2,9318,2,West,2021,5,390000
5271,1428,3,2,1,1,2,4574,1,Central,2021,12,371000
5272,1282,3,2,23,1,1,6484,1,West,2021,2,226000
5273,957,2,1,6,1,1,3206,1,Central,2021,11,280000
5274,3028,4,3,33,1,2,11303,2,North,2022,9,586000
5275,2411,4,4,7,1,0,7950,1,West,2022,12,334000
5276,1062,2,1,15,1,0,2213,1,Central,2022,2,271000
5277,967,1,1,9,1,2,4843,1,East,2021,7,273000
5278,1919,4,4,26,1,3,9414,1,North,2021,4,419000
5279,4227,5,2,6,0,3,12533,1,East,2021,2,932000
5280,2119,4,3,48,1,0,4700,1,West,2022,1,265000
5281,3914,5,4,46,1,1,20093,2,West,2023,2,621000
5282,1739,2,2,40,1,2,9677,2,East,2021,6,388000
5283,1436,3,2,45,1,3,5320,1,South,2022,3,220000
5284,3401,4,2,12,0,3,16360,1,Central,2023,5,681000
5285,2183,3,2,18,0,3,5390,2,West,2022,7,392000
5286,2530,4,2,33,0,2,12174,2,South,2021,10,418000
5287,3678,6,3,29,1,1,16719,3,Central,2021,10,854000
5288,1097,1,1,43,1,0,5984,1,South,2021,3,116000
5289,1105,1,1,31,0,0,5913,1,South,2022,7,138000
5290,3358,5,2,50,1,2,17967,2,Central,2022,4,631000
5291,959,2,2,5,0,0,5565,1,Central,2023,3,296000
5292,1155,2,1,39,0,2,3854,1,South,2023,3,201000
5293,933,1,1,30,1,2,5037,1,North,2022,4,176000
5294,1367,3,2,29,1,0,7640,1,North,2023,3,250000
5295,2552,5,2,5,0,3,7346,1,Central,2022,3,640000
5296,1269,3,2,36,0,2,6778,1,Central,2023,5,260000
5297,2322,4,2,44,1,3,4761,2,East,2022,11,507000
5298,1804,3,3,3,0,3,5078,1,South,2022,7,351000
5299,1881,4,3,25,1,1,10346,1,South,2022,9,364000
5300,1277,3,1,8,1,1,4067,1,Central,2022,3,297000
5301,3344,4,1,50,1,1,13953,1,South,2021,3,422000
5302,1375,3,1,14,1,2,2750,1,East,2022,12,319000
5303,3018,5,4,3,1,2,11960,3,West,2022,4,596000
5304,2907,5,2,8,0,3,11955,1,South,2022,3,545000
5305,2251,4,1,27,1,1,10219,2,South,2022,10,372000
5306,1727,3,2,2,0,2,9202,1,South,2022,7,381000
5307,2298,3,3,23,1,3,5964,2,West,2022,3,373000
5308,1632,2,1,46,1,2,4585,2,Central,2022,12,356000
5309,2748,5,3,40,1,0,15768,2,East,2021,7,629000
5310,2882,5,2,2,1,2,15021,2,North,2022,7,636000
5311,2101,3,2,50,1,1,7377,2,East,2022,3,409000
5312,2209,4,1,30,0,0,7524,1,North,2021,5,332000
5313,3957,6,6,3,1,1,8803,2,North,2023,1,955000
5314,3682,5,2,1,1,1,9006,1,East,2023,6,989000
5315,2492,3,1,3,1,2,13379,2,Central,2021,1,466000
5316,2086,4,3,39,0,1,7775,1,Central,2021,11,359000
5317,1500,3,2,1,0,2,3730,2,West,2021,6,254000
5318,4065,6,4,3,0,0,17949,3,West,2023,2,707000
5319,1258,3,1,34,0,0,3624,1,Central,2022,8,209000
5320,1953,3,1,22,1,0,10525,2,West,2022,5,328000
5321,1067,1,1,35,0,1,4095,1,West,2022,1,132000
5322,1164,1,1,33,0,1,3872,1,South,2023,3,168000
5323,2367,3,2,2,1,2,5288,2,North,2022,12,492000
5324,4351,5,4,43,1,3,10762,2,East,2022,7,981000
5325,992,2,1,3,1,1,3809,1,Central,2022,10,292000
5326,1892,3,2,20,1,0,10140,2,East,2021,4,409000
5327,928,2,1,26,0,1,4230,1,North,2021,3,150000
5328,1295,2,1,3,0,3,6117,1,West,2021,4,222000
5329,1651,2,1,49,0,2,6228,2,East,2022,12,328000
5330,1767,3,1,15,1,2,6578,1,Central,2021,11,406000
5331,1485,2,2,2,0,1,4174,1,North,2021,3,298000
5332,2399,4,1,46,1,1,10502,2,West,2021,2,303000
5333,1119,1,1,22,0,1,6618,1,West,2023,1,135000
5334,2478,4,1,30,1,3,9043,1,Central,2021,1,421000
5335,3727,5,5,18,1,1,7935,3,East,2022,6,995000
5336,4163,5,5,39,1,2,23813,1,Central,2023,1,871000
5337,1831,4,4,1,1,2,6498,2,North,2021,6,471000
5338,2294,4,3,4,1,2,5034,2,North,2021,12,489000
5339,3712,5,1,14,1,1,14271,2,South,2022,8,725000
5340,1175,1,1,2,1,2,5244,1,West,2022,10,277000
5341,3168,5,3,30,1,0,16820,1,East,2021,7,604000
5342,3920,5,2,9,1,3,21371,2,South,2021,8,735000
5343,1425,3,1,4,1,0,3702,1,East,2021,2,307000
5344,920,1,1,1,1,0,5015,1,East,2022,2,255000
5345,4386,6,2,31,0,1,17741,1,East,2021,12,889000
5346,2400,3,2,39,0,3,4976,1,North,2021,4,349000
5347,1598,2,1,9,1,1,7475,1,Central,2021,4,309000
5348,909,1,1,20,0,2,3599,1,East,2022,5,257000
5349,2086,4,4,3,0,0,8486,2,South,2022,2,393000
5350,1736,3,3,24,1,0,8417,1,West,2022,7,274000
5351,3163,4,4,1,1,2,12048,1,South,2021,6,530000
5352,3678,6,2,15,1,1,15641,3,East,2023,5,1044000
5353,1515,2,2,26,1,2,6111,2,South,2023,5,320000
5354,2421,3,2,45,1,2,9729,1,Central,2021,11,388000
5355,1609,3,2,8,1,3,4865,1,Central,2021,5,421000
5356,1830,3,3,34,0,1,5246,1,North,2021,11,341000
5357,1158,2,2,23,0,2,3928,1,North,2023,6,254000
5358,4123,5,4,45,1,3,14896,1,South,2021,6,636000
5359,3325,4,2,9,1,2,13712,2,East,2023,3,753000
5360,1913,4,2,5,0,1,6823,2,North,2023,5,417000
5361,2330,3,3,43,1,2,11058,2,Central,2022,6,439000
5362,1558,2,1,1,1,3,9324,2,East,2022,6,426000
5363,1882,3,2,2,1,2,7128,1,West,2021,1,303000
5364,2034,4,3,2,1,3,6131,2,East,2021,2,517000
5365,1986,4,4,40,1,2,7961,1,Central,2021,11,418000
5366,4373,6,1,1,1,1,25167,2,North,2022,9,881000
5367,1958,3,1,41,1,1,5751,1,West,2022,3,266000
5368,2071,4,3,13,0,0,11371,1,West,2021,1,298000
5369,2759,5,1,1,1,1,15947,1,West,2023,4,518000
5370,1123,1,1,9,1,3,4805,1,East,2022,1,299000
5371,2078,3,1,3,1,2,7815,1,North,2021,10,359000
5372,1910,4,2,24,1,2,10691,1,West,2022,3,337000
5373,2294,4,4,28,1,2,6949,1,Central,2022,8,431000
5374,3034,4,3,15,1,1,15951,1,North,2021,1,590000
5375,2445,4,2,1,0,1,10664,2,East,2022,1,509000
5376,3139,5,4,27,1,3,10734,3,North,2023,5,692000
5377,2007,3,2,40,1,2,4942,2,West,2021,2,306000
5378,2199,4,1,31,1,2,13143,1,West,2022,6,286000
5379,2605,5,1,39,1,3,14088,1,West,2021,11,403000
5380,907,2,1,3,0,1,4723,1,South,2022,10,213000
5381,1423,3,2,43,0,3,4075,1,North,2022,10,251000
5382,2279,3,1,5,1,3,8681,2,West,2022,8,392000
5383,1283,2,1,1,1,1,3342,1,South,2023,1,275000
5384,1474,2,2,40,0,0,6826,1,North,2021,12,206000
5385,2263,4,3,46,1,3,5120,2,East,2022,11,498000
5386,2209,3,3,27,1,2,7312,1,South,2021,3,326000
5387,2224,3,1,3,1,0,8416,1,Central,2022,5,460000
5388,3790,6,5,4,1,2,18675,1,North,2023,2,921000
5389,1906,4,3,14,1,2,11184,1,East,2021,1,473000
5390,3201,5,2,43,1,2,9949,1,South,2021,9,474000
5391,1010,1,1,2,0,3,4184,1,West,2021,5,170000
5392,2094,3,2,38,1,3,11779,1,East,2023,4,486000
5393,2566,5,4,4,1,3,7005,1,West,2021,2,524000
5394,1945,3,1,37,1,0,6175,2,East,2023,2,425000
5395,2784,5,3,45,1,2,14836,2,North,2021,10,559000
5396,2256,3,1,11,1,1,7296,1,South,2022,5,357000
5397,1232,3,3,7,1,1,5465,1,Central,2021,8,298000
5398,2483,3,1,37,1,3,13208,1,East,2023,5,480000
5399,1884,4,1,18,1,2,9765,2,West,2021,1,318000
5400,2768,5,1,29,1,3,14538,1,Central,2022,6,618000
5401,1571,2,1,24,1,0,7168,1,North,2023,4,276000
5402,4229,6,4,3,1,3,16059,2,West,2022,3,768000
5403,4476,6,5,40,0,1,16474,2,South,2022,7,727000
5404,1567,3,2,3,1,1,5177,1,South,2022,7,314000
5405,1906,4,3,46,1,2,8141,1,South,2023,4,353000
5406,2693,5,2,4,1,1,12604,1,Central,2022,3,602000
5407,3654,6,2,32,0,2,9758,3,South,2021,12,682000
5408,2130,4,3,4,1,3,11163,2,North,2021,5,487000
5409,2384,4,3,5,1,2,6833,2,North,2022,1,510000
5410,1847,3,3,5,1,1,4475,1,North,2021,8,388000
5411,1659,2,1,33,0,1,9332,2,Central,2021,6,340000
5412,1514,2,1,20,1,2,5500,2,East,2021,6,328000
5413,2914,5,2,42,1,2,8576,2,Central,2023,6,621000
5414,1576,2,1,5,1,2,9351,2,Central,2023,2,371000
5415,1227,2,1,29,1,1,2875,1,Central,2022,6,268000
5416,2298,4,2,33,0,2,6643,2,South,2023,6,371000
5417,1744,3,1,3,1,0,9640,2,South,2021,9,336000
5418,2339,4,1,9,1,2,12440,1,East,2021,10,474000
5419,1627,3,1,15,1,2,3662,2,East,2021,4,456000
5420,2272,3,2,6,1,1,5509,1,East,2021,8,469000
5421,1409,3,1,5,1,3,6916,1,North,2021,8,297000
5422,1903,4,2,29,1,2,9204,1,Central,2022,11,399000
5423,3766,6,1,3,1,2,13274,1,North,2021,7,827000
5424,2029,4,2,30,0,2,8767,2,North,2021,11,360000
5425,2015,3,1,46,1,3,4218,2,West,2022,7,262000
5426,1998,3,2,20,0,2,6199,1,North,2022,10,357000
5427,4255,5,1,24,0,1,16000,3,North,2021,2,794000
5428,936,2,1,2,0,1,2052,1,North,2023,6,250000
5429,2198,4,4,41,1,0,8195,1,North,2021,6,370000
5430,3226,5,2,4,1,1,10391,2,South,2022,12,528000
5431,2186,3,2,24,1,3,9604,2,South,2021,3,359000
5432,1094,1,1,49,0,2,2450,1,East,2021,3,181000
5433,1952,3,3,22,1,3,6614,2,East,2021,8,462000
5434,1127,2,1,31,1,1,5884,1,East,2022,5,229000
5435,2303,3,2,12,1,2,5203,1,West,2023,2,366000
5436,3048,4,1,2,0,3,7293,1,South,2022,5,527000
5437,1553,3,1,36,0,0,7830,2,North,2021,1,214000
5438,3304,5,3,1,0,2,14752,2,Central,2021,1,663000
5439,1387,3,3,30,1,3,7810,1,West,2021,5,254000
5440,3429,5,2,1,1,3,13640,1,North,2021,9,661000
5441,2288,3,2,41,1,3,9743,2,Central,2023,4,435000
5442,1267,3,2,3,1,3,3005,1,West,2021,8,282000
5443,1419,2,2,17,1,2,7749,1,North,2021,11,252000
5444,3808,6,4,23,1,1,17150,2,Central,2022,7,932000
5445,1074,2,1,13,1,2,2460,1,South,2021,5,246000
5446,1573,3,1,5,0,3,9295,1,Central,2021,7,312000
5447,2498,4,2,14,1,2,6600,1,North,2021,12,458000
5448,2172,3,2,5,1,1,11204,2,North,2023,4,456000
5449,1786,3,2,12,0,2,7393,2,West,2023,5,343000
5450,1200,2,1,6,1,2,2660,1,North,2023,5,302000
5451,999,2,1,20,1,1,4490,1,North,2021,1,216000
5452,1382,3,1,3,1,2,7429,1,West,2022,3,284000
5453,1031,1,1,50,1,2,3818,1,North,2021,6,159000
5454,2359,3,2,16,1,2,11117,2,Central,2022,4,478000
5455,2765,5,3,3,0,1,12613,1,East,2021,11,649000
5456,1472,2,1,14,0,1,7812,1,Central,2022,11,292000
5457,2382,4,1,41,1,2,9743,2,East,2021,3,401000
5458,1788,2,2,1,1,2,9959,1,East,2023,1,521000
5459,4470,5,1,28,0,1,23826,2,South,2023,4,690000
5460,4197,5,4,19,1,1,13569,3,West,2023,5,725000
5461,3422,5,1,3,1,1,7948,3,South,2023,3,646000
5462,1243,2,2,38,0,2,6943,1,South,2022,1,195000
5463,1570,2,1,7,1,3,5819,1,North,2022,4,344000
5464,1692,3,2,4,1,2,8273,2,North,2021,2,446000
5465,1127,2,2,39,1,3,2686,1,South,2022,6,214000
5466,1964,4,4,25,1,2,7674,2,West,2023,5,413000
5467,2729,4,3,43,0,2,10551,2,South,2023,6,445000
5468,3263,4,2,25,1,1,8511,2,South,2023,4,546000
5469,3393,4,1,33,1,2,15055,1,Central,2022,6,619000
5470,1915,4,1,39,1,2,5080,2,West,2021,7,317000
5471,2031,3,2,2,0,2,4077,2,Central,2021,6,454000
5472,2408,4,2,35,1,2,13374,1,Central,2022,6,438000
5473,1239,2,1,24,1,1,4801,1,North,2022,2,239000
5474,2881,5,3,2,1,1,12182,2,Central,2023,5,703000
5475,1166,1,1,16,1,3,2470,1,North,2021,2,245000
5476,2200,4,2,2,1,1,10915,1,Central,2021,9,428000
5477,1902,3,3,32,0,1,9464,1,East,2021,4,402000
5478,2075,3,1,19,1,3,7010,1,East,2022,1,483000
5479,3372,5,4,47,1,2,8815,2,West,2021,4,474000
5480,1721,2,2,3,0,1,10318,2,Central,2021,11,406000
5481,2982,4,2,23,0,1,6102,2,West,2021,8,433000
5482,954,2,1,3,0,1,4285,1,East,2021,12,227000
5483,2488,3,3,24,0,2,9749,1,North,2023,5,434000
5484,3150,4,3,31,1,2,15267,2,West,2021,10,490000
5485,2198,3,2,31,0,1,9578,2,North,2021,8,337000
5486,4095,6,1,38,1,3,19692,2,West,2023,4,643000
5487,1535,2,1,40,1,1,7378,2,East,2023,1,287000
5488,1673,2,2,2,1,1,4528,2,South,2021,11,343000
5489,2084,4,2,5,1,3,12491,2,West,2022,8,392000
5490,4411,6,4,29,1,1,9412,3,West,2021,4,689000
5491,1099,1,1,16,1,3,2456,1,Central,2023,1,289000
5492,3013,4,2,3,0,2,7032,2,South,2023,2,554000
5493,1723,2,1,20,1,0,3890,1,Central,2022,10,346000
5494,1597,2,1,9,1,2,8217,2,Central,2022,12,356000
5495,1991,4,2,8,0,2,10869,1,Central,2022,5,447000
5496,2143,3,1,37,1,3,5077,2,Central,2022,8,411000
5497,1906,3,1,9,1,2,6461,2,West,2021,6,344000
5498,2924,4,2,1,0,2,12378,2,North,2023,5,617000
5499,1656,2,2,2,1,1,6194,2,East,2021,11,443000
5500,2492,4,1,41,1,2,12691,2,West,2023,4,360000
5501,2475,4,4,48,1,1,11743,2,Central,2021,12,429000
5502,1054,1,1,29,1,0,4683,1,East,2022,11,226000
5503,1040,1,1,6,1,3,4716,1,West,2021,11,242000
5504,1806,4,1,46,0,1,6994,1,West,2022,4,223000
5505,1951,3,3,27,1,1,5962,1,South,2023,1,337000
5506,1319,2,2,40,1,2,7701,1,North,2021,10,243000
5507,2184,4,3,34,1,3,9697,1,West,2022,10,356000
5508,2069,3,1,8,0,0,9019,2,South,2022,3,352000
5509,1046,2,1,14,0,1,5618,1,South,2022,10,190000
5510,1924,3,1,3,1,0,10496,2,West,2021,10,295000
5511,1084,2,1,4,1,0,6210,1,West,2023,1,280000
5512,4298,5,3,35,1,2,11710,1,East,2021,8,902000
5513,2583,4,2,43,1,2,8915,1,Central,2021,7,514000
5514,3000,4,4,31,1,2,13189,3,South,2021,8,547000
5515,1240,3,2,13,0,2,2667,1,South,2021,2,209000
5516,3147,5,2,2,0,3,6420,1,West,2021,10,480000
5517,2682,4,4,2,1,2,14599,2,Central,2023,4,712000
5518,2821,5,2,7,1,3,14779,1,East,2021,1,689000
5519,1549,2,2,13,1,2,4537,1,North,2021,8,288000
5520,1660,3,2,23,1,2,5062,2,West,2023,6,379000
5521,2505,4,1,1,1,2,11250,2,Central,2021,2,630000
5522,2063,4,1,50,0,2,5230,2,South,2022,11,277000
5523,1881,3,3,6,0,3,4852,2,North,2022,11,463000
5524,1815,4,1,40,1,1,10304,1,East,2023,5,397000
5525,2380,4,3,18,1,2,9389,2,North,2022,12,475000
5526,1072,2,1,2,0,2,5401,1,East,2021,12,255000
5527,2191,4,2,36,0,2,4862,1,North,2022,7,370000
5528,1062,1,1,30,1,2,3514,1,South,2023,3,212000
5529,2102,4,3,18,0,2,6776,2,South,2021,3,361000
5530,990,2,1,17,1,1,4668,1,North,2022,5,245000
5531,1733,3,1,2,0,3,6395,2,North,2021,5,419000
5532,1529,3,3,27,1,1,4111,1,Central,2022,1,324000
5533,2045,4,3,44,1,2,9137,1,North,2022,11,360000
5534,3149,4,3,2,0,0,15663,2,West,2022,6,469000
5535,1339,3,2,4,1,1,6648,1,Central,2021,12,331000
5536,1313,3,3,44,1,1,4012,1,North,2021,8,210000
5537,1339,3,2,4,1,2,6395,1,North,2021,12,323000
5538,3489,5,4,27,1,1,10551,1,West,2021,1,492000
5539,2089,3,2,18,1,0,10761,2,South,2023,5,343000
5540,1993,3,2,23,1,1,4714,1,East,2023,6,442000
5541,904,2,1,10,1,1,3697,1,Central,2022,3,281000
5542,1639,2,1,4,1,1,3305,2,North,2021,5,376000
5543,3047,5,4,1,1,1,7565,1,West,2022,9,517000
5544,2705,5,2,33,1,2,12420,1,Central,2021,6,595000
5545,2349,4,2,33,0,2,7882,1,North,2022,1,402000
5546,1282,2,1,28,0,2,4642,1,North,2023,5,232000
5547,914,1,1,26,0,3,2838,1,East,2022,7,269000
5548,1229,2,2,3,1,2,2947,1,Central,2022,11,291000
5549,1443,3,1,1,1,3,8459,1,South,2021,2,271000
5550,1095,2,1,37,1,1,6001,1,South,2023,1,190000
5551,918,1,1,15,0,2,2212,1,North,2023,2,224000
5552,2293,4,4,5,0,1,10296,2,South,2022,9,407000
5553,3505,6,2,2,1,2,17704,1,North,2023,4,855000
5554,2242,3,1,2,1,2,7734,1,South,2022,9,377000
5555,3252,4,3,5,0,1,11296,1,East,2021,10,648000
5556,2755,4,3,37,1,2,16268,1,Central,2022,9,576000
5557,1131,1,1,45,1,2,2972,1,Central,2021,3,205000
5558,3211,4,1,43,1,0,18432,2,Central,2022,8,575000
5559,1252,3,2,45,1,2,4860,1,South,2022,11,210000
5560,1920,4,2,44,1,2,3946,2,North,2023,5,408000
5561,1733,3,2,18,1,1,8721,1,West,2023,2,343000
5562,3606,6,2,3,0,0,16007,1,East,2021,9,879000
5563,1292,2,1,37,1,3,3835,1,East,2023,3,278000
5564,1415,3,2,3,1,3,5449,1,North,2021,9,316000
5565,4103,5,1,4,1,0,22931,2,East,2022,3,957000
5566,1213,2,1,3,1,3,6384,1,North,2021,7,305000
5567,1772,3,1,17,0,1,4604,1,East,2021,9,388000
5568,2567,4,2,5,1,3,15203,1,North,2021,8,621000
5569,3344,4,3,3,1,2,9635,2,Central,2021,3,705000
5570,3547,6,2,13,1,3,11049,3,North,2021,6,853000
5571,3806,5,2,42,1,2,11434,2,Central,2023,4,867000
5572,1197,1,1,21,1,0,3087,1,Central,2023,5,210000
5573,2967,4,4,42,0,0,14701,2,West,2022,9,398000
5574,2346,4,2,3,1,2,10030,1,Central,2023,6,503000
5575,2133,4,2,3,0,1,11071,2,North,2021,7,372000
5576,1510,3,2,21,0,2,5934,2,West,2022,12,303000
5577,2137,4,3,13,0,3,9198,2,Central,2022,6,476000
5578,3846,5,2,27,0,1,14344,3,North,2022,1,761000
5579,3945,6,1,36,1,2,22772,1,East,2023,1,924000
5580,2304,4,2,33,1,1,6135,2,South,2023,5,421000
5581,1037,2,1,47,0,2,2100,1,East,2023,5,258000
5582,1951,4,2,9,1,1,5441,1,Central,2021,12,427000
5583,3424,4,1,3,0,1,9897,3,East,2021,12,697000
5584,3002,5,2,19,1,3,6232,1,North,2022,2,641000
5585,1968,4,3,2,1,3,7244,1,Central,2023,3,518000
5586,1092,2,1,4,1,2,3315,1,North,2022,7,299000
5587,1769,3,1,3,0,2,8425,1,Central,2021,12,405000
5588,2432,4,2,9,1,2,12367,2,Central,2023,6,511000
5589,3914,6,1,2,0,2,19107,2,Central,2022,11,942000
5590,1620,3,2,1,1,1,3527,1,West,2021,3,291000
5591,1834,4,3,27,1,1,10220,2,West,2023,5,346000
5592,1830,4,2,24,1,1,9383,1,West,2021,6,291000
5593,1034,1,1,30,1,1,2773,1,East,2021,5,233000
5594,3717,6,2,27,1,1,20700,1,South,2021,1,665000
5595,2352,3,3,2,1,1,5096,2,South,2022,10,426000
5596,1623,3,2,4,1,2,8815,2,West,2022,6,368000
5597,2204,4,4,2,0,1,9177,2,West,2021,1,391000
5598,2117,3,1,40,1,2,8632,1,East,2022,1,408000
5599,1774,3,2,33,0,2,4876,1,West,2021,7,222000
5600,2627,5,2,3,0,3,12973,1,West,2022,7,468000
5601,1275,2,1,5,0,0,5209,1,West,2022,12,214000
5602,2329,3,2,48,1,2,11631,2,North,2021,11,353000
5603,1566,2,2,22,1,2,6743,2,South,2023,2,282000
5604,2412,4,3,37,0,3,13191,2,South,2022,5,370000
5605,938,2,2,4,1,1,4686,1,East,2023,4,323000
5606,1985,4,1,3,1,1,4154,1,North,2022,11,442000
5607,3398,4,1,36,1,1,12610,3,West,2022,11,448000
5608,3156,5,5,29,1,1,15813,2,North,2022,8,636000
5609,1862,4,2,28,1,2,8416,2,South,2023,6,411000
5610,2390,4,3,20,1,3,8233,2,West,2022,12,397000
5611,1447,3,1,20,0,1,5826,1,North,2021,6,235000
5612,2239,3,2,32,1,1,8624,2,West,2022,4,283000
5613,2550,4,2,4,1,1,7319,1,Central,2022,9,636000
5614,1508,3,1,6,0,1,3133,2,West,2022,1,282000
5615,1650,3,3,42,0,3,3699,1,West,2021,3,238000
5616,3178,4,1,5,1,3,10831,3,West,2021,8,512000
5617,2611,4,2,19,0,1,6610,2,South,2023,5,500000
5618,1569,2,2,30,0,1,7383,1,East,2021,7,242000
5619,2457,3,2,50,1,3,9022,2,South,2023,3,322000
5620,920,2,2,11,1,0,4621,1,South,2023,1,249000
5621,949,2,1,11,1,2,5455,1,North,2021,10,269000
5622,4207,6,3,40,1,3,19594,1,East,2022,2,977000
5623,2619,4,2,37,1,2,15420,2,West,2021,11,391000
5624,2927,5,1,32,1,0,17487,2,Central,2021,3,538000
5625,1354,3,1,13,0,1,4729,1,East,2022,7,283000
5626,2890,4,1,5,0,3,6012,2,South,2021,7,519000
5627,1727,3,1,23,1,0,4036,2,West,2022,12,272000
5628,2161,4,4,42,1,1,6033,2,West,2022,1,305000
5629,1859,3,2,42,1,2,4726,2,South,2023,6,359000
5630,1385,2,1,2,1,3,7983,1,South,2022,9,293000
5631,3219,4,1,11,0,2,16059,3,East,2021,4,696000
5632,1757,3,2,13,1,1,10459,1,East,2021,9,417000
5633,1110,2,2,49,1,2,3174,1,West,2022,3,163000
5634,1545,3,2,28,1,1,4948,2,East,2021,4,318000
5635,909,2,2,9,1,1,2165,1,North,2022,10,255000
5636,1208,3,3,1,1,3,6786,1,North,2021,6,325000
5637,2031,3,3,20,1,1,6382,1,Central,2021,2,381000
5638,3178,5,2,2,1,0,18345,3,South,2021,4,574000
5639,1003,1,1,39,0,1,3918,1,North,2023,1,199000
5640,1578,2,1,33,0,2,5286,1,West,2021,9,162000
5641,2133,4,3,13,0,2,7505,2,West,2021,2,385000
5642,2777,5,4,11,0,2,13306,2,West,2023,1,529000
5643,2238,3,2,43,1,2,9035,1,East,2022,4,424000
5644,2221,3,1,4,1,2,10444,2,Central,2022,8,499000
5645,2318,4,1,3,1,2,6597,1,North,2022,6,478000
5646,1040,1,1,46,1,1,4108,1,East,2021,8,173000
5647,1328,2,1,37,1,1,3911,1,East,2021,10,247000
5648,3351,5,5,38,0,2,12594,1,North,2021,1,582000
5649,1708,2,1,3,1,0,7447,1,East,2021,1,387000
5650,2124,4,1,2,1,1,8811,2,West,2022,4,385000
5651,3237,5,4,1,1,2,6576,2,East,2023,4,779000
5652,2233,4,1,3,1,2,4743,2,Central,2022,4,494000
5653,1020,1,1,35,0,2,5339,1,West,2023,3,146000
5654,1890,3,1,3,1,2,11121,2,West,2021,3,331000
5655,1016,1,1,32,1,2,3384,1,Central,2023,4,248000
5656,1008,2,1,4,1,3,4055,1,West,2022,12,261000
5657,2110,4,2,9,1,1,8774,1,West,2022,10,363000
5658,2704,5,1,49,1,2,11717,1,West,2022,3,380000
5659,4124,5,1,3,0,0,20431,2,East,2022,10,923000
5660,1805,3,1,7,0,1,4153,1,East,2021,3,409000
5661,1169,2,2,5,1,3,3160,1,North,2021,4,287000
5662,1435,3,2,2,0,1,3731,1,Central,2023,1,350000
5663,3497,4,4,15,1,1,17944,2,South,2021,2,535000
5664,1807,4,1,7,0,2,5225,1,East,2022,7,449000
5665,1967,4,1,29,1,0,9118,2,South,2023,1,367000
5666,3221,5,4,38,1,2,14323,1,West,2023,4,442000
5667,2920,4,2,19,0,1,15196,2,Central,2023,1,640000
5668,2803,5,3,1,1,1,9307,2,Central,2021,8,694000
5669,1064,2,1,24,1,2,5055,1,West,2023,3,217000
5670,2541,4,4,2,1,2,8779,1,East,2021,4,684000
5671,3062,4,1,24,1,2,8515,1,East,2023,5,653000
5672,1408,2,2,29,0,2,6449,1,South,2022,3,220000
5673,1813,4,1,3,1,2,9370,2,South,2023,4,475000
5674,2305,4,1,38,1,2,8195,1,East,2021,9,374000
5675,4456,6,2,44,1,1,23285,3,Central,2021,11,874000
5676,1392,3,3,38,1,1,4633,1,East,2023,5,330000
5677,1939,3,2,5,0,1,5107,2,East,2022,9,484000
5678,1140,1,1,22,0,1,3774,1,Central,2023,1,205000
5679,2503,5,3,45,1,0,8845,1,East,2022,8,572000
5680,913,1,1,5,1,1,5256,1,South,2022,3,204000
5681,1587,3,2,38,1,3,4146,2,South,2021,7,260000
5682,1692,2,1,1,0,2,7049,2,South,2021,6,320000
5683,4429,6,6,1,0,1,24390,3,West,2021,4,710000
5684,1013,2,2,34,0,2,2858,1,South,2022,1,169000
5685,1487,3,3,34,1,2,4643,1,West,2022,1,230000
5686,3186,5,2,36,1,1,11569,1,Central,2021,8,580000
5687,2106,3,2,46,1,2,6371,2,South,2022,10,316000
5688,3653,5,3,2,0,0,11234,2,North,2023,2,830000
5689,992,1,1,3,0,2,5882,1,West,2021,9,154000
5690,2399,3,3,44,1,1,10441,2,South,2023,5,385000
5691,1423,2,1,3,1,2,6757,1,East,2022,9,339000
5692,976,1,1,29,1,2,3461,1,West,2023,3,192000
5693,2341,4,1,18,1,2,6645,1,East,2022,4,477000
5694,2341,3,1,2,1,2,5214,1,Central,2023,6,492000
5695,2604,4,2,4,0,2,5990,2,South,2021,11,492000
5696,1863,4,4,17,0,0,8776,2,South,2021,7,346000
5697,2260,4,3,40,1,2,13041,1,Central,2021,4,400000
5698,1837,4,3,30,1,3,3999,1,North,2022,5,398000
5699,3968,6,4,24,1,2,19504,1,North,2021,12,826000
5700,1203,2,1,16,1,3,5150,1,Central,2021,5,272000
5701,1170,2,1,4,1,1,6072,1,South,2023,4,269000
5702,2076,3,3,2,0,1,5832,2,North,2023,4,431000
5703,1652,2,1,10,1,2,7261,2,East,2022,7,473000
5704,1002,2,2,1,1,1,3366,1,North,2022,1,269000
5705,4333,6,4,3,1,0,9306,3,West,2021,4,749000
5706,1078,2,1,11,1,2,3813,1,East,2023,3,324000
5707,3396,4,2,10,1,1,18323,1,West,2021,7,486000
5708,940,2,2,1,0,1,2630,1,South,2022,11,205000
5709,2473,4,1,22,1,3,12072,2,Central,2021,6,435000
5710,3798,5,3,19,1,1,16959,2,South,2021,9,658000
5711,1268,3,1,2,1,1,2894,1,West,2021,1,292000
5712,4321,5,2,47,0,1,11160,3,Central,2022,10,835000
5713,2294,3,1,2,0,3,9930,1,East,2022,11,501000
5714,3821,5,4,40,0,2,22924,2,North,2021,2,740000
5715,2037,4,1,1,1,1,7151,2,North,2021,2,440000
5716,2357,4,2,42,1,1,7600,1,Central,2021,5,390000
5717,1018,1,1,1,0,2,2791,1,West,2021,11,238000
5718,1698,3,3,34,1,1,6838,2,Central,2022,8,396000
5719,946,1,1,6,1,3,4544,1,West,2021,7,197000
5720,909,2,2,32,1,2,4708,1,South,2022,5,208000
5721,1041,2,2,9,0,1,2522,1,North,2023,5,243000
5722,2280,3,1,2,0,3,5081,2,Central,2022,12,486000
5723,3163,5,3,34,0,1,11658,1,East,2021,12,604000
5724,1074,1,1,2,1,1,2967,1,South,2023,5,238000
5725,1236,2,2,45,1,1,2533,1,East,2022,7,253000
5726,1967,3,1,2,0,2,6897,1,North,2021,3,378000
5727,1348,2,1,14,0,1,4491,1,South,2022,6,229000
5728,1536,3,1,31,0,1,8930,2,West,2021,8,231000
5729,1174,1,1,8,0,0,5896,1,North,2021,12,183000
5730,4400,5,3,3,1,3,24867,2,North,2021,2,895000
5731,3251,4,1,34,1,1,10610,3,East,2022,10,647000
5732,1696,2,1,36,1,1,3626,2,West,2021,2,253000
5733,1982,3,1,45,1,2,8572,1,North,2021,7,308000
5734,2435,4,2,7,1,2,10845,1,North,2021,5,454000
5735,1951,3,1,16,0,3,4474,1,Central,2022,7,430000
5736,1788,3,2,6,1,1,5108,2,North,2022,4,414000
5737,1717,3,2,4,1,3,4588,1,North,2023,2,443000
5738,1310,2,2,33,0,2,5390,1,South,2021,10,198000
5739,1309,2,2,5,1,1,5835,1,South,2021,1,263000
5740,2068,3,1,11,1,3,9720,2,East,2022,11,516000
5741,2779,5,2,9,0,2,14705,1,Central,2022,6,613000
5742,2456,3,1,31,1,2,11566,1,East,2022,8,416000
5743,2895,5,1,45,0,3,16712,1,West,2022,5,385000
5744,4207,6,1,27,1,2,23383,2,Central,2022,1,886000
5745,1389,2,1,14,1,0,6998,1,North,2022,10,273000
5746,2420,3,2,35,1,3,9863,1,East,2022,5,466000
5747,2032,4,1,26,0,1,7181,2,West,2022,12,289000
5748,4165,5,1,2,1,2,8847,2,South,2022,6,750000
5749,4408,5,3,2,1,1,10025,3,West,2023,1,770000
5750,2417,4,3,1,0,1,13384,1,West,2021,9,341000
5751,1070,1,1,13,1,2,2155,1,East,2023,6,294000
5752,2616,5,1,38,1,2,6272,2,North,2021,5,579000
5753,1035,1,1,5,1,2,4536,1,North,2021,8,238000
5754,3213,5,3,8,0,3,8667,2,South,2021,12,568000
5755,4244,5,4,44,1,1,24765,1,North,2021,3,777000
5756,1661,3,1,39,0,2,7999,2,West,2022,10,224000
5757,2465,3,3,27,1,2,5183,2,South,2022,7,385000
5758,1764,3,2,4,1,2,9031,1,West,2022,11,362000
5759,1707,3,1,2,1,2,6240,2,South,2021,2,364000
5760,2027,4,3,1,0,1,4291,2,West,2022,12,342000
5761,3434,4,1,2,1,2,15798,2,Central,2023,5,725000
5762,4105,5,1,4,1,2,24327,3,Central,2021,6,925000
5763,3995,6,2,19,1,1,18574,1,East,2023,4,970000
5764,1482,2,1,2,1,2,4660,1,North,2022,3,376000
5765,3195,4,3,2,1,1,16384,3,South,2021,11,583000
5766,2949,4,3,3,1,3,9106,2,East,2021,7,738000
5767,1085,1,1,25,0,2,5651,1,Central,2021,4,193000
5768,1525,2,1,24,1,1,6026,1,East,2022,10,274000
5769,1288,2,1,19,1,0,6592,1,West,2021,11,200000
5770,4298,5,3,4,1,2,23044,2,West,2022,8,709000
5771,1968,4,1,7,0,2,5304,1,East,2021,5,426000
5772,3127,5,4,2,1,3,16996,2,East,2023,6,838000
5773,929,2,1,3,0,1,4511,1,South,2022,6,199000
5774,3384,5,3,43,1,0,13459,1,North,2022,12,577000
5775,1600,2,1,49,1,3,6373,2,West,2022,6,239000
5776,2459,3,2,26,0,1,9016,2,Central,2021,11,389000
5777,2345,3,3,45,1,2,12794,1,East,2021,3,418000
5778,1033,2,1,26,1,0,5294,1,East,2022,2,228000
5779,2995,5,5,1,1,2,8669,1,South,2023,1,625000
5780,1399,3,2,50,1,1,8073,1,East,2021,8,265000
5781,1716,2,2,2,1,2,8340,2,South,2022,12,383000
5782,2022,4,1,29,0,2,4658,1,West,2021,10,292000
5783,2052,3,2,4,0,3,11673,1,East,2023,6,495000
5784,947,1,1,8,1,0,2101,1,East,2021,10,255000
5785,964,2,1,26,0,1,3101,1,North,2022,5,251000
5786,3768,6,2,11,1,0,15260,2,West,2022,4,705000
5787,1570,3,2,4,0,3,5005,2,South,2022,10,326000
5788,2822,4,3,5,1,2,8360,1,South,2022,8,541000
5789,3513,6,4,5,1,2,17862,2,East,2021,7,964000
5790,1594,3,2,48,0,1,9457,1,East,2022,5,264000
5791,1437,3,2,37,1,2,6150,1,South,2022,10,252000
5792,2386,3,3,13,1,1,9431,1,Central,2022,9,442000
5793,4262,6,6,3,1,1,24865,3,East,2022,3,1100000
5794,4091,6,1,37,1,2,14331,1,West,2022,9,610000
5795,2342,3,3,3,1,0,11391,1,West,2023,3,369000
5796,3079,4,1,3,1,2,9377,2,West,2023,5,545000
5797,1129,2,1,7,1,3,2787,1,East,2023,4,343000
5798,4479,6,4,42,1,3,11135,1,Central,2023,2,929000
5799,4186,5,1,2,0,2,21084,2,Central,2023,5,965000
5800,1246,3,3,2,1,1,2656,1,East,2021,7,323000
5801,1431,3,2,15,1,2,7502,1,West,2022,9,286000
5802,1435,2,1,4,1,1,7738,1,North,2022,11,288000
5803,1533,2,2,21,1,1,5963,2,North,2023,5,308000
5804,2598,4,3,13,1,2,10003,2,East,2023,4,712000
5805,2044,3,2,11,1,3,8980,2,Central,2021,6,521000
5806,1577,2,1,2,1,0,7654,2,West,2021,1,274000
5807,2345,3,2,2,1,1,11185,1,West,2021,12,356000
5808,3755,5,1,38,0,2,10940,1,North,2022,1,721000
5809,2094,3,2,43,1,1,5218,1,East,2023,4,408000
5810,1955,4,3,3,1,2,11452,1,East,2021,3,459000
5811,1579,2,2,2,1,1,5411,2,West,2023,5,360000
5812,4193,5,4,2,1,1,19988,3,North,2023,3,946000
5813,3157,4,4,23,1,2,10218,1,East,2022,1,690000
5814,1294,3,1,31,0,3,2626,1,Central,2023,1,290000
5815,1052,2,1,7,1,2,2344,1,Central,2022,10,338000
5816,1471,3,1,28,1,3,6978,1,Central,2022,4,320000
5817,1527,2,1,31,1,1,3706,2,South,2021,1,223000
5818,1656,3,3,46,0,3,3790,2,Central,2023,3,432000
5819,3512,5,3,2,1,1,14438,3,Central,2021,9,913000
5820,2259,3,1,3,1,3,8564,1,Central,2023,4,466000
5821,3457,4,4,2,0,2,17301,3,Central,2021,12,673000
5822,1761,2,2,41,1,1,5694,1,Central,2023,6,358000
5823,3018,5,3,36,1,1,14525,3,South,2023,1,559000
5824,3370,4,4,21,0,2,18449,1,North,2021,7,587000
5825,1380,2,1,2,1,0,5486,1,West,2023,1,241000
5826,2473,3,1,4,1,3,8059,2,East,2023,1,555000
5827,2108,4,3,4,0,1,8806,1,South,2021,8,334000
5828,1069,1,1,20,1,1,2530,1,West,2021,1,184000
5829,1677,3,3,4,1,1,3886,1,North,2021,10,416000
5830,2370,4,2,2,0,0,7749,1,North,2021,8,432000
5831,4004,6,5,32,1,2,21011,1,South,2021,9,708000
5832,1929,4,4,4,1,2,4044,1,North,2022,10,502000
5833,2747,5,1,13,1,3,7896,2,West,2021,10,477000
5834,1939,3,2,2,0,0,10525,2,Central,2022,7,429000
5835,3494,4,2,37,1,3,8614,1,West,2021,4,429000
5836,1885,4,4,20,0,1,6364,1,West,2022,1,322000
5837,2552,4,3,44,1,3,13938,2,North,2022,8,570000
5838,2120,4,2,16,1,1,5660,1,East,2022,7,417000
5839,1829,3,1,46,1,2,6556,1,Central,2022,6,377000
5840,2164,3,2,43,1,2,9116,1,West,2023,4,327000
5841,2259,4,1,21,1,1,9636,2,South,2021,5,348000
5842,1287,2,1,46,1,0,2623,1,Central,2022,12,211000
5843,1312,3,2,5,1,2,4429,1,Central,2022,2,314000
5844,1140,1,1,7,0,0,2721,1,South,2022,6,167000
5845,2581,4,2,1,1,2,5600,1,South,2022,4,555000
5846,1370,2,2,22,1,2,8075,1,South,2021,10,211000
5847,1354,2,1,31,1,2,7179,1,North,2021,10,235000
5848,3321,5,4,35,0,3,12748,2,Central,2021,8,608000
5849,2187,3,3,2,1,1,10137,2,Central,2021,9,480000
5850,2059,3,1,12,0,1,5607,1,West,2022,11,302000
5851,990,2,1,3,0,1,3262,1,West,2022,5,209000
5852,4378,5,3,27,1,2,12704,2,West,2021,7,669000
5853,3011,4,2,3,1,3,16469,1,South,2021,4,563000
5854,2958,5,2,44,1,3,7926,1,West,2021,9,413000
5855,1924,4,3,3,1,3,5348,2,Central,2022,10,500000
5856,2622,5,4,4,1,3,12085,1,Central,2021,1,656000
5857,1409,3,1,40,1,3,3241,1,North,2021,5,224000
5858,1569,2,1,13,1,1,7295,2,East,2022,9,348000
5859,918,1,1,1,1,3,5342,1,South,2021,1,231000
5860,1706,3,1,16,1,2,4617,1,West,2021,8,298000
5861,2014,4,4,2,1,1,10880,2,East,2021,1,481000
5862,2023,4,3,49,0,0,9327,2,South,2021,2,265000
5863,936,2,1,22,1,1,3968,1,West,2022,7,207000
5864,2171,3,1,4,0,2,11699,1,East,2021,4,445000
5865,3063,5,2,20,0,2,16326,2,South,2023,3,500000
5866,1601,3,1,2,0,1,5198,1,Central,2022,12,385000
5867,3346,4,3,37,0,2,7692,2,North,2023,3,578000
5868,993,2,1,45,1,1,5623,1,North,2021,1,166000
5869,3311,5,1,42,1,3,10293,1,North,2021,8,548000
5870,2219,3,2,5,1,2,9906,1,North,2022,9,479000
5871,1533,2,1,5,0,3,3571,2,East,2021,4,341000
5872,1552,2,1,1,1,1,7477,2,West,2021,3,280000
5873,1912,3,2,26,1,3,10064,2,East,2021,4,454000
5874,3412,4,1,18,1,1,7313,3,South,2022,10,564000
5875,2121,3,1,13,1,2,8190,1,North,2021,11,388000
5876,1475,2,1,44,0,2,3792,1,East,2021,1,233000
5877,2712,4,4,3,1,2,10749,1,East,2022,5,696000
5878,2271,4,1,1,1,3,4871,2,South,2021,12,457000
5879,2288,4,3,2,1,2,11375,1,South,2022,1,439000
5880,2068,3,3,3,1,3,7150,2,North,2022,8,486000
5881,1249,2,1,1,1,1,5975,1,North,2022,4,309000
5882,1973,3,1,16,1,1,8455,1,North,2022,7,393000
5883,2446,4,3,5,1,2,10286,2,West,2023,3,468000
5884,3556,5,3,3,0,1,13283,2,South,2022,3,703000
5885,2437,4,3,33,1,3,13086,1,North,2021,6,415000
5886,1829,4,1,3,1,2,5155,1,East,2021,3,464000
5887,2465,4,3,29,0,2,11686,2,East,2023,5,490000
5888,3966,6,1,5,1,2,21971,3,East,2022,3,1042000
5889,2840,4,3,17,0,2,8277,2,North,2021,8,597000
5890,2174,4,2,46,1,0,12701,2,West,2021,9,286000
5891,3286,5,4,1,1,2,11335,1,West,2022,6,580000
5892,2235,4,1,16,0,2,5471,2,South,2021,11,375000
5893,2215,3,1,40,1,3,7993,1,South,2023,1,343000
5894,1384,2,1,22,1,0,3805,1,North,2023,1,282000
5895,2334,4,1,4,0,2,5900,2,West,2021,10,332000
5896,1572,2,2,9,1,0,9269,1,East,2021,8,308000
5897,3873,5,4,28,1,1,8298,3,North,2021,3,808000
5898,2334,3,2,43,1,2,12539,1,South,2021,12,302000
5899,3964,5,1,1,0,1,17064,3,Central,2021,8,862000
5900,1717,2,1,2,0,2,6029,2,East,2021,11,444000
5901,1700,2,1,5,1,2,4212,1,South,2021,9,312000
5902,2378,3,1,3,1,1,7079,2,West,2023,2,420000
5903,1574,2,1,4,1,2,8678,2,South,2022,10,318000
5904,1828,4,2,3,0,0,6311,1,East,2022,5,394000
5905,902,2,1,3,1,3,2073,1,West,2021,12,219000
5906,1950,3,1,2,0,0,9587,2,Central,2021,12,384000
5907,1964,4,1,46,1,0,6582,1,West,2021,1,227000
5908,3350,5,1,2,1,2,9472,2,South,2023,3,638000
5909,1548,3,1,3,1,3,7167,1,West,2022,6,343000
5910,1198,1,1,3,0,3,2536,1,Central,2021,6,260000
5911,2161,4,1,46,1,1,7743,1,East,2021,8,353000
5912,4035,6,4,34,0,1,11346,2,North,2022,7,793000
5913,2883,4,1,36,0,2,15740,2,Central,2021,5,561000
5914,2319,4,2,2,1,3,13303,1,North,2022,6,483000
5915,1709,3,3,39,1,1,9125,1,North,2022,10,311000
5916,946,2,2,10,1,2,5021,1,South,2022,7,238000
5917,4419,5,3,4,1,1,11486,3,South,2022,7,824000
5918,1769,3,1,21,1,1,10440,1,West,2021,4,273000
5919,1404,3,1,38,1,2,5491,1,South,2022,2,230000
5920,1744,3,1,35,1,1,4139,1,North,2021,3,305000
5921,1319,2,1,43,1,1,7082,1,West,2021,8,139000
5922,3610,6,4,46,1,1,12100,2,West,2022,4,624000
5923,1160,2,1,3,0,2,5251,1,Central,2022,10,285000
5924,2226,4,2,11,0,0,8188,2,South,2021,3,358000
5925,1100,2,1,1,1,2,3684,1,North,2022,8,308000
5926,2693,4,2,42,0,3,7933,2,East,2023,6,636000
5927,2624,5,2,3,1,0,5771,2,North,2021,12,597000
5928,2473,4,3,41,1,2,12813,1,North,2022,12,399000
5929,2003,3,1,5,1,3,5811,1,West,2022,6,361000
5930,2721,5,2,7,1,1,16111,2,East,2022,7,728000
5931,1368,3,1,1,0,1,7966,1,East,2023,5,336000
5932,2445,3,1,5,1,0,8429,2,West,2023,3,382000
5933,1095,1,1,43,0,2,3407,1,East,2021,1,182000
5934,4234,5,2,1,1,2,12215,1,North,2022,5,846000
5935,1947,3,1,9,1,1,4681,2,South,2021,8,355000
5936,2611,5,2,1,1,3,8564,1,North,2023,3,687000
5937,2376,3,2,7,0,2,9545,1,Central,2023,5,447000
5938,1324,2,2,3,1,1,6368,1,West,2023,4,284000
5939,947,2,1,4,1,2,1998,1,East,2021,5,289000
5940,1548,2,1,42,0,1,6517,2,North,2022,5,226000
5941,2458,4,1,11,1,2,5918,1,North,2021,5,429000
5942,1588,3,2,4,1,1,4075,1,Central,2021,11,345000
5943,1502,3,1,22,1,2,5270,1,Central,2022,1,292000
5944,2627,5,1,2,1,1,9042,1,North,2021,8,586000
5945,4291,5,3,4,1,2,10170,3,Central,2021,12,967000
5946,2062,3,1,19,1,1,6681,2,South,2021,12,302000
5947,2069,4,3,3,1,2,8437,1,South,2021,10,402000
5948,1574,2,1,28,1,0,7230,2,North,2021,5,254000
5949,2204,3,2,15,0,1,6770,2,West,2022,7,311000
5950,3480,4,1,35,1,1,12009,3,East,2021,11,667000
5951,1416,2,2,47,1,0,8298,1,Central,2022,3,196000
5952,1037,1,1,2,1,2,5315,1,South,2023,4,252000
5953,3487,5,2,5,0,3,10114,3,West,2022,6,570000
5954,2111,3,3,5,1,2,6380,1,North,2023,4,434000
5955,904,1,1,3,1,3,4097,1,North,2022,3,256000
5956,2144,4,3,37,0,0,12738,2,North,2021,8,326000
5957,2354,3,2,34,1,1,12874,2,Central,2023,2,450000
5958,1650,2,1,15,1,2,5680,2,West,2022,10,326000
5959,3067,5,3,18,1,3,14925,3,North,2023,1,684000
5960,3458,4,4,2,1,2,16962,3,South,2023,3,634000
5961,2044,3,2,20,1,1,11860,1,West,2023,4,337000
5962,4359,5,4,36,1,1,15492,1,South,2022,7,693000
5963,2200,3,3,21,1,1,10937,2,Central,2022,3,442000
5964,2995,4,2,4,1,1,13691,1,Central,2021,7,658000
5965,2121,4,3,27,0,2,4739,2,East,2021,2,448000
5966,3300,4,4,6,1,0,13226,2,West,2021,8,499000
5967,4444,6,1,19,0,3,22447,2,West,2023,6,691000
5968,1081,1,1,15,1,3,6117,1,South,2021,6,238000
5969,4209,6,1,8,1,3,8775,2,South,2021,7,770000
5970,3093,5,2,31,1,3,8828,1,North,2022,6,562000
5971,2678,5,3,42,1,0,5379,2,Central,2021,8,550000
5972,1031,2,1,1,1,3,3609,1,West,2023,2,273000
5973,2607,5,3,46,0,1,8843,2,North,2021,6,498000
5974,2897,5,2,17,0,3,12747,2,East,2023,2,723000
5975,1573,3,2,30,1,1,6591,2,South,2021,5,236000
5976,4115,5,4,41,1,2,18171,2,Central,2022,5,887000
5977,1520,3,1,14,1,0,5508,2,South,2021,3,295000
5978,1229,2,1,39,1,0,2535,1,West,2021,11,136000
5979,2117,3,1,3,1,3,9262,2,North,2022,9,458000
5980,1994,4,4,3,1,3,10780,1,East,2021,9,489000
5981,2029,4,2,27,1,2,10271,1,South,2021,9,325000
5982,1523,2,1,42,1,2,3243,2,North,2023,6,268000
5983,4438,5,2,43,0,2,26078,2,West,2023,6,623000
5984,1154,1,1,26,1,1,2861,1,West,2021,5,166000
5985,1180,2,1,18,1,2,7000,1,Central,2022,5,284000
5986,1307,2,1,5,1,2,5637,1,West,2022,12,249000
5987,1952,3,2,49,0,2,5165,1,East,2021,10,305000
5988,4494,6,1,5,0,3,23634,3,Central,2021,1,971000
5989,1902,3,1,33,1,2,7314,1,Central,2021,6,358000
5990,2964,4,2,18,0,2,13444,2,East,2022,1,664000
5991,1036,2,1,23,1,3,5397,1,East,2021,12,255000
5992,1742,2,1,9,1,3,5438,2,Central,2021,12,421000
5993,2023,4,1,48,1,3,4807,2,West,2022,7,305000
5994,2217,4,2,21,1,2,7905,2,West,2021,11,330000
5995,1424,2,1,46,0,1,3756,1,North,2022,9,167000
5996,1907,3,3,1,1,1,4922,2,West,2021,7,359000
5997,2464,4,1,21,1,0,11209,2,South,2021,9,361000
5998,3219,4,4,31,1,2,13071,1,North,2022,1,580000
5999,2161,3,2,33,1,1,12498,1,Central,2022,7,371000
6000,1221,3,1,44,1,2,7284,1,West,2021,2,162000
6001,2329,3,2,1,0,3,11490,1,East,2021,6,489000
6002,1466,3,2,1,0,3,6883,1,East,2021,8,324000
6003,3148,4,4,14,1,0,10650,3,North,2023,1,664000
6004,1823,3,1,1,1,1,7568,1,North,2023,1,412000
6005,1105,1,1,49,1,3,5496,1,South,2021,9,174000
6006,3715,6,3,3,1,2,16887,1,North,2021,5,834000
6007,2240,3,2,14,0,3,11931,1,East,2021,1,455000
6008,1197,2,1,2,1,3,5453,1,Central,2022,6,352000
6009,2304,4,3,17,0,2,11838,1,North,2021,4,430000
6010,1253,2,1,8,0,1,3331,1,North,2022,6,222000
6011,3444,4,1,1,1,2,8846,3,Central,2021,12,677000
6012,3189,5,4,5,1,2,6422,1,West,2022,10,562000
6013,3636,5,1,8,0,1,19566,1,North,2021,10,770000
6014,2328,4,4,50,1,2,13462,1,North,2023,1,403000
6015,2266,3,1,3,1,3,13406,2,West,2022,7,341000
6016,3499,5,4,19,0,1,8122,2,South,2023,1,568000
6017,1082,2,1,50,1,3,2293,1,West,2021,1,117000
6018,2116,3,2,36,1,2,6156,1,East,2023,4,430000
6019,2156,4,3,50,1,3,11064,2,Central,2021,11,424000
6020,1552,2,1,48,0,1,5210,1,West,2023,2,171000
6021,1931,3,2,15,1,1,6057,1,North,2022,11,424000
6022,3228,5,1,29,1,1,11318,2,South,2023,3,525000
6023,2619,5,4,2,0,1,8332,2,East,2021,4,657000
6024,1260,2,2,12,0,1,3792,1,North,2021,9,250000
6025,1475,3,1,37,0,3,7582,1,North,2021,8,239000
6026,1391,3,1,16,0,2,6802,1,North,2022,11,265000
6027,3097,4,1,30,0,3,14998,3,East,2022,6,675000
6028,1484,3,2,33,1,2,7397,1,West,2022,6,233000
6029,3466,5,1,4,1,1,8526,3,North,2022,12,694000
6030,1583,2,1,42,1,2,8908,1,West,2021,6,218000
6031,2328,4,2,13,1,3,13368,2,West,2022,5,399000
6032,2028,4,1,3,1,2,11662,2,Central,2021,8,481000
6033,3191,4,2,41,1,0,10684,3,Central,2022,5,581000
6034,1446,2,1,10,0,3,3264,1,Central,2022,10,282000
6035,1893,3,2,33,1,1,6031,2,Central,2023,3,436000
6036,1332,3,1,19,1,2,5756,1,East,2023,5,341000
6037,3328,4,4,8,0,2,11383,2,East,2021,9,678000
6038,2514,5,2,37,0,1,14653,2,South,2022,8,441000
6039,1435,3,2,22,1,1,8385,1,East,2021,2,316000
6040,2610,5,1,8,1,3,5739,1,North,2022,8,580000
6041,1626,2,2,2,1,3,7337,2,West,2022,8,402000
6042,1290,2,2,43,0,2,7212,1,North,2021,9,198000
6043,1749,3,2,1,0,1,10354,1,South,2022,11,343000
6044,954,2,2,41,1,1,4651,1,South,2021,10,151000
6045,3187,5,5,6,1,1,10836,3,Central,2022,5,777000
6046,2558,5,4,26,1,2,9929,1,North,2021,4,585000
6047,1104,2,1,45,1,1,6508,1,Central,2022,7,202000
6048,1874,4,1,3,1,0,6931,2,North,2023,6,464000
6049,3269,5,4,21,0,2,18533,1,West,2022,10,466000
6050,4305,5,3,34,1,2,10938,2,South,2023,3,736000
6051,1765,2,1,34,0,3,6700,2,South,2023,6,345000
6052,3794,5,5,18,1,2,9697,1,Central,2021,3,891000
6053,2300,4,3,25,1,2,6938,1,South,2023,1,417000
6054,1857,3,2,34,0,1,6780,1,South,2021,7,274000
6055,2650,5,5,39,0,2,6284,2,East,2023,4,680000
6056,2460,3,2,34,0,2,14306,1,West,2023,6,298000
6057,1664,3,2,6,0,2,7389,2,Central,2021,5,444000
6058,2308,4,3,50,1,2,9836,1,West,2021,10,299000
6059,3304,4,2,11,1,2,19036,1,East,2023,2,729000
6060,2803,5,2,1,1,3,8533,2,East,2021,2,729000
6061,1809,4,4,6,1,2,4028,1,East,2022,2,526000
6062,2372,4,2,2,1,2,9692,2,West,2021,6,442000
6063,2155,3,2,2,1,2,6586,1,South,2023,6,409000
6064,1634,2,2,4,1,1,6082,2,West,2021,3,335000
6065,1267,2,1,2,1,2,4039,1,South,2023,1,297000
6066,3334,4,1,29,1,3,7217,2,East,2021,10,633000
6067,2064,3,2,2,1,1,11030,2,South,2022,2,373000
6068,1705,2,1,3,0,1,6263,1,South,2021,4,288000
6069,1530,3,2,2,1,2,5750,2,West,2021,8,331000
6070,1591,3,2,2,1,1,3896,1,North,2021,8,332000
6071,4258,6,4,4,1,2,9525,3,North,2021,12,945000
6072,2176,3,2,21,1,1,8076,2,North,2021,9,451000
6073,1129,2,1,48,0,2,3014,1,North,2022,3,185000
6074,2361,4,2,42,1,2,8150,2,North,2021,7,392000
6075,2263,4,4,42,1,2,7564,1,West,2023,3,350000
6076,1474,2,1,3,1,1,8301,1,East,2023,1,387000
6077,1999,4,3,4,1,1,5614,2,East,2021,9,473000
6078,1844,4,2,2,0,1,8544,2,West,2022,4,374000
6079,2124,3,1,35,1,2,5847,2,West,2021,3,299000
6080,2404,3,3,2,1,1,11952,2,North,2021,6,444000
6081,2416,3,2,20,1,2,9181,1,Central,2023,6,441000
6082,4318,5,4,3,0,2,11856,1,Central,2023,2,969000
6083,2313,4,4,3,0,1,6353,1,North,2021,11,406000
6084,1194,1,1,50,1,0,2522,1,West,2021,11,100000
6085,1580,3,2,34,1,0,6800,1,North,2021,12,221000
6086,1649,3,3,39,0,2,5271,1,North,2023,2,383000
6087,3449,4,3,21,0,1,7853,1,South,2023,4,512000
6088,1290,3,3,42,1,0,4489,1,Central,2023,2,241000
6089,2897,5,4,26,1,1,13661,1,West,2022,12,459000
6090,1326,3,1,47,0,3,3162,1,East,2022,2,279000
6091,2408,4,1,4,1,2,7198,1,East,2021,7,472000
6092,3500,6,6,22,1,3,20689,1,East,2021,10,743000
6093,2302,3,1,29,1,1,10258,1,South,2022,10,349000
6094,1921,4,2,8,1,0,6539,1,Central,2022,7,438000
6095,1465,3,2,42,1,0,6149,1,East,2021,5,221000
6096,2556,4,4,49,1,3,10780,1,East,2021,9,604000
6097,913,2,2,15,1,1,3848,1,East,2021,4,257000
6098,3262,5,1,8,1,2,12338,3,Central,2023,5,738000
6099,1157,2,1,14,1,1,5153,1,West,2023,6,254000
6100,2708,4,1,40,0,2,7704,2,North,2022,10,520000
6101,2236,3,3,26,1,1,12054,2,East,2021,12,451000
6102,3390,5,2,1,1,2,16853,1,South,2022,4,574000
6103,2400,4,3,19,1,3,10736,1,Central,2022,4,512000
6104,4382,6,5,1,1,2,24605,1,East,2022,11,1027000
6105,1353,2,2,35,1,2,2848,1,North,2021,4,193000
6106,1130,2,1,5,0,2,6405,1,East,2022,7,286000
6107,2249,3,3,14,0,3,11364,2,South,2021,2,385000
6108,1563,3,1,37,0,1,9078,1,East,2023,2,270000
6109,1276,3,2,1,1,1,3387,1,South,2022,4,279000
6110,4274,5,1,3,1,2,18549,1,North,2021,9,830000
6111,4103,6,4,9,1,2,18902,1,North,2022,8,881000
6112,2160,4,4,3,1,3,12749,1,South,2021,5,399000
6113,4257,5,3,5,1,2,15905,3,South,2021,5,796000
6114,2218,3,1,50,1,2,5403,2,Central,2023,2,361000
6115,1101,2,1,38,0,0,5778,1,South,2022,11,144000
6116,3295,5,5,42,0,2,16889,2,North,2022,10,602000
6117,2343,4,2,46,0,2,13519,1,West,2023,6,309000
6118,4488,5,4,5,1,2,14090,2,Central,2021,7,920000
6119,1098,2,1,4,0,1,3415,1,East,2022,9,281000
6120,1902,3,2,3,0,3,6914,1,South,2023,5,374000
6121,1359,3,2,39,1,1,7841,1,West,2022,3,236000
6122,1081,2,1,28,1,1,4235,1,North,2022,3,234000
6123,1599,3,1,3,1,3,4859,1,Central,2022,1,350000
6124,3577,6,2,7,1,2,15094,2,Central,2021,5,870000
6125,2692,5,3,16,0,2,9213,1,East,2022,6,640000
6126,3486,5,4,18,0,3,9336,3,South,2022,10,619000
6127,1778,2,2,43,0,0,9949,1,North,2022,1,291000
6128,2353,3,2,8,0,0,9930,2,Central,2022,12,439000
6129,1426,3,2,44,1,2,8109,1,West,2021,4,196000
6130,1022,1,1,12,1,1,2280,1,South,2022,10,203000
6131,1987,3,1,33,1,3,9382,1,North,2021,9,360000
6132,2542,4,2,46,1,3,11680,1,West,2021,4,409000
6133,2039,4,1,44,1,1,12223,2,Central,2022,8,389000
6134,1185,2,1,2,0,3,6838,1,West,2021,1,234000
6135,1469,2,1,3,0,0,4394,1,North,2022,6,249000
6136,1170,2,2,14,1,2,6946,1,East,2023,2,356000
6137,1734,2,1,11,1,3,10160,2,North,2023,5,451000
6138,3665,5,4,26,1,3,15837,2,Central,2021,7,910000
6139,2199,3,2,47,1,1,5763,1,South,2023,2,351000
6140,3367,4,3,2,0,1,13043,2,West,2022,4,457000
6141,1862,4,1,13,1,1,3840,1,North,2021,10,393000
6142,1606,3,2,3,0,2,6938,2,North,2021,11,398000
6143,1238,2,2,43,1,2,6854,1,West,2022,11,197000
6144,2978,5,3,48,1,0,12086,1,Central,2022,4,567000
6145,3227,5,3,14,0,2,8000,2,South,2021,10,533000
6146,1058,2,2,2,0,3,2726,1,East,2022,1,324000
6147,1641,2,1,36,0,2,5542,2,West,2022,2,263000
6148,1758,3,1,30,0,1,5871,1,West,2021,12,235000
6149,1931,3,1,6,1,3,10293,2,West,2023,5,400000
6150,4112,6,1,43,1,1,12350,2,North,2022,8,790000
6151,1653,2,1,49,1,2,6801,2,East,2022,10,375000
6152,2393,4,1,20,1,1,13001,2,Central,2023,2,475000
6153,1540,2,1,20,0,2,5065,1,Central,2022,9,311000
6154,1530,3,1,4,0,2,5101,1,East,2021,6,291000
6155,1577,2,1,22,0,2,3224,1,Central,2022,1,289000
6156,1208,2,1,12,0,2,3313,1,North,2021,1,247000
6157,3003,4,3,5,1,1,17123,3,East,2022,5,729000
6158,3309,5,4,2,0,2,18120,2,West,2022,3,552000
6159,1486,2,1,4,1,2,6190,1,North,2023,6,364000
6160,3064,5,3,3,1,1,11145,3,Central,2021,7,695000
6161,1266,2,1,19,1,3,6749,1,South,2021,8,264000
6162,1675,2,2,23,1,3,4139,1,South,2022,5,350000
6163,1225,2,1,23,1,3,6186,1,South,2023,5,253000
6164,2139,3,1,8,1,2,5323,1,South,2022,12,351000
6165,1125,2,2,10,1,1,6026,1,East,2023,3,329000
6166,1789,2,2,39,0,2,9243,1,East,2021,8,312000
6167,2134,3,1,14,1,3,8784,2,North,2022,3,393000
6168,3570,5,2,50,0,0,18263,3,Central,2021,10,758000
6169,1417,3,2,12,1,2,3886,1,North,2023,5,386000
6170,1063,1,1,26,1,1,5766,1,Central,2023,3,240000
6171,1325,2,1,2,0,1,6939,1,South,2021,7,223000
6172,2157,4,2,27,0,1,10969,2,East,2022,1,455000
6173,1449,3,2,40,0,3,8008,1,South,2023,2,243000
6174,2914,5,4,47,1,2,15737,1,East,2021,8,614000
6175,1695,2,2,50,1,1,5687,1,West,2022,5,244000
6176,1958,4,3,4,1,2,4034,1,Central,2021,4,462000
6177,1827,3,2,21,1,1,6818,2,South,2021,7,328000
6178,1118,2,1,12,0,2,3216,1,East,2021,4,272000
6179,1579,3,2,20,1,3,3252,1,East,2021,10,322000
6180,1940,4,3,3,1,2,9084,2,Central,2022,2,482000
6181,1940,4,1,41,1,2,5625,2,Central,2021,9,359000
6182,1269,3,2,44,1,2,2807,1,South,2021,2,209000
6183,1200,3,2,12,1,2,5097,1,East,2022,5,334000
6184,3724,6,1,4,0,2,15302,2,South,2021,3,714000
6185,1533,3,3,2,1,3,3179,2,West,2022,10,357000
6186,3044,4,1,29,0,2,15069,3,Central,2023,6,611000
6187,2987,5,4,5,1,3,13589,1,Central,2021,3,677000
6188,1474,3,2,44,0,3,5683,1,East,2022,9,295000
6189,1564,2,1,28,1,2,5641,1,West,2021,12,206000
6190,909,1,1,26,1,3,2335,1,East,2022,6,287000
6191,1718,3,1,20,1,1,8168,1,West,2021,7,257000
6192,2285,3,1,1,1,2,5165,2,South,2023,4,455000
6193,2855,4,1,46,1,2,15589,1,West,2021,1,340000
6194,3957,5,3,25,1,2,9861,1,North,2021,9,793000
6195,1847,4,1,50,0,3,3822,1,North,2021,6,295000
6196,1557,3,3,18,1,0,3193,2,West,2023,3,272000
6197,1528,2,1,30,1,1,6048,2,Central,2023,2,337000
6198,3441,4,3,2,1,3,8279,1,West,2023,6,555000
6199,1536,3,3,25,1,0,5887,2,West,2022,7,250000
6200,1149,1,1,34,0,1,5064,1,Central,2023,6,235000
6201,3482,5,1,35,0,1,20589,1,South,2022,2,462000
6202,1641,3,2,35,1,2,5206,1,North,2021,8,347000
6203,4199,5,1,3,1,2,23704,1,Central,2021,6,859000
6204,1929,4,4,49,1,3,6223,1,Central,2021,9,379000
6205,1290,3,3,50,1,1,7410,1,East,2021,3,284000
6206,4438,6,3,2,1,3,13799,2,South,2021,2,819000
6207,1016,2,1,46,1,1,5485,1,Central,2021,7,159000
6208,1996,3,1,4,1,1,8711,2,West,2022,2,363000
6209,1863,3,2,29,0,2,11091,2,North,2022,1,351000
6210,1453,2,1,5,1,0,3582,1,North,2022,12,312000
6211,2342,4,4,48,1,1,7582,2,Central,2021,11,369000
6212,1189,1,1,2,1,1,4802,1,North,2022,5,277000
6213,1626,3,3,16,1,1,8445,1,South,2021,10,319000
6214,2130,4,2,11,0,3,8271,2,East,2022,5,480000
6215,3342,4,4,5,1,1,14067,3,North,2021,9,661000
6216,3289,4,4,26,1,3,10593,3,South,2022,12,599000
6217,1283,3,1,2,1,3,3163,1,South,2021,10,252000
6218,2127,3,2,31,1,1,10140,2,South,2022,9,321000
6219,2423,4,2,49,1,2,10988,2,Central,2021,7,409000
6220,1420,3,2,37,1,2,7072,1,East,2022,2,286000
6221,2957,4,1,41,1,3,10321,1,South,2022,2,456000
6222,2999,5,1,6,1,3,11940,2,South,2022,5,577000
6223,944,2,1,5,1,2,4184,1,North,2021,8,239000
6224,1904,3,3,17,1,0,8373,1,North,2021,11,362000
6225,1567,3,3,1,0,2,6028,1,West,2021,5,276000
6226,1798,2,1,47,0,3,4771,1,North,2021,4,292000
6227,1228,3,1,2,1,2,4308,1,East,2022,2,324000
6228,4027,6,2,44,1,3,19923,2,Central,2021,1,855000
6229,2585,5,1,2,1,2,7512,2,South,2022,6,561000
6230,1699,3,1,38,0,0,8263,2,South,2021,9,204000
6231,1772,2,1,3,1,3,5092,1,Central,2021,11,420000
6232,4495,6,2,1,1,3,26309,3,Central,2021,2,1003000
6233,2392,3,1,31,1,1,13852,1,Central,2021,6,330000
6234,1450,3,1,4,1,1,5736,1,East,2023,5,356000
6235,2147,3,3,31,1,2,4662,1,Central,2022,6,429000
6236,2508,4,1,20,1,2,11801,2,Central,2022,8,611000
6237,2242,4,3,2,0,1,10175,1,East,2022,4,472000
6238,1668,2,2,46,1,1,3862,2,West,2023,4,274000
6239,2716,4,4,13,0,2,12675,1,North,2021,10,574000
6240,3187,4,1,32,1,1,6887,2,East,2023,3,681000
6241,4145,6,4,16,0,1,15072,3,South,2021,1,720000
6242,1118,1,1,23,1,2,5656,1,South,2022,9,180000
6243,2486,3,2,5,0,3,11766,2,North,2021,8,459000
6244,3202,4,1,3,1,2,18899,2,South,2023,2,560000
6245,2935,4,4,19,0,2,16716,2,East,2023,5,688000
6246,2456,3,2,12,1,2,7520,1,West,2022,12,372000
6247,1006,1,1,8,1,2,4769,1,South,2022,8,254000
6248,2711,5,2,28,1,1,8764,1,West,2021,7,440000
6249,3051,4,1,29,0,1,6358,3,East,2021,9,625000
6250,1345,3,2,1,1,1,5102,1,West,2022,9,269000
6251,2263,3,2,5,0,3,9218,1,South,2022,12,357000
6252,973,1,1,10,1,3,5277,1,Central,2023,6,344000
6253,2365,4,1,2,1,2,6151,2,West,2022,12,407000
6254,1057,2,1,3,1,3,4554,1,Central,2022,2,333000
6255,1625,3,2,2,0,3,6545,2,North,2021,10,411000
6256,2071,4,1,50,1,3,7328,2,South,2022,5,331000
6257,2335,4,2,32,1,1,11162,2,North,2023,4,431000
6258,1940,3,1,2,0,2,4546,1,South,2023,3,337000
6259,2539,5,3,1,1,2,11507,1,South,2022,9,567000
6260,989,1,1,31,1,2,3684,1,Central,2021,7,206000
6261,975,1,1,12,1,1,5587,1,East,2022,1,294000
6262,2556,5,5,36,1,2,13397,1,South,2021,8,466000
6263,1082,2,1,45,1,2,4878,1,West,2022,9,157000
6264,4314,5,5,23,1,3,18688,3,North,2022,12,902000
6265,2758,5,3,3,1,2,10709,1,South,2023,4,565000
6266,2172,4,1,35,0,1,4408,1,West,2023,6,261000
6267,3573,6,1,47,0,1,16874,1,East,2021,12,812000
6268,1488,2,1,21,1,2,4083,1,West,2023,6,262000
6269,2442,3,2,28,0,2,7206,1,South,2022,2,360000
6270,1834,4,2,5,1,2,9165,2,South,2021,6,363000
6271,1865,4,3,8,0,2,7023,1,Central,2023,3,483000
6272,3918,5,3,32,0,3,19259,2,Central,2021,4,832000
6273,1297,2,1,45,1,1,3709,1,South,2023,1,205000
6274,2062,4,2,25,0,2,6180,2,West,2021,11,287000
6275,2246,3,3,36,1,3,4898,1,South,2021,10,342000
6276,2015,4,3,3,1,3,5785,2,South,2021,6,381000
6277,1343,3,2,3,1,1,3090,1,West,2022,12,262000
6278,1924,3,2,18,1,1,11507,2,East,2023,4,484000
6279,2518,5,3,3,1,1,6977,2,Central,2022,3,704000
6280,1298,2,1,25,0,3,2985,1,West,2021,5,140000
6281,3190,4,2,4,1,2,10775,1,West,2023,5,526000
6282,1722,2,1,36,1,2,8086,2,North,2022,2,344000
6283,3048,5,2,37,1,0,14822,1,West,2022,4,380000
6284,2507,4,1,13,1,0,13084,2,Central,2023,5,596000
6285,1556,2,1,3,0,2,7777,1,East,2021,3,296000
6286,2338,3,2,26,1,2,6012,1,North,2022,6,418000
6287,3134,4,3,50,1,2,7826,1,Central,2022,7,583000
6288,1665,2,1,24,1,1,4053,2,South,2022,9,284000
6289,4275,6,4,1,0,1,25629,1,East,2023,4,965000
6290,2364,4,3,1,1,3,9089,1,North,2022,10,508000
6291,1499,3,2,5,1,1,8545,1,North,2021,6,303000
6292,1647,2,1,3,0,3,4417,2,South,2022,2,383000
6293,4218,6,4,38,1,1,15947,2,East,2023,1,972000
6294,2469,3,1,40,1,1,7459,2,East,2022,5,461000
6295,2575,4,1,4,1,2,10698,2,West,2021,3,481000
6296,2867,4,2,5,1,3,15892,2,East,2021,4,724000
6297,2115,4,4,3,1,1,10575,2,East,2021,8,526000
6298,1008,1,1,44,0,2,4971,1,Central,2022,3,183000
6299,2797,4,3,16,1,2,9085,1,Central,2021,3,566000
6300,2406,4,2,27,1,1,7512,1,South,2022,8,356000
6301,3203,4,3,10,1,1,18758,1,North,2021,4,576000
6302,1909,3,2,25,1,3,10932,2,East,2022,2,502000
6303,2222,4,3,8,0,1,11496,1,North,2022,2,398000
6304,2589,4,1,5,0,2,9502,1,Central,2022,3,588000
6305,1889,4,3,25,0,3,6084,1,South,2021,8,342000
6306,2384,3,2,22,0,1,13376,2,East,2021,7,435000
6307,2049,3,2,4,0,1,12210,2,North,2023,3,440000
6308,1991,4,2,2,1,1,4493,1,East,2021,5,489000
6309,2005,3,1,7,0,1,4793,2,North,2021,5,383000
6310,3342,4,4,10,1,1,11983,3,West,2022,12,546000
6311,2277,3,1,25,0,2,9415,2,Central,2023,1,411000
6312,1632,3,2,45,1,2,7131,2,South,2022,10,316000
6313,2086,4,2,1,1,2,7547,1,South,2022,4,394000
6314,1060,1,1,3,0,3,3101,1,East,2022,10,285000
6315,1446,3,2,3,1,1,6576,1,West,2023,2,324000
6316,3726,5,1,16,1,1,7732,3,North,2022,4,834000
6317,2640,4,1,11,1,1,11039,2,Central,2021,12,596000
6318,2365,3,2,32,1,1,10851,2,North,2022,8,402000
6319,2001,4,1,3,1,1,11109,2,North,2021,10,426000
6320,1458,2,1,22,1,2,4482,1,East,2023,4,311000
6321,1903,3,1,42,0,3,7983,1,North,2021,3,341000
6322,2250,4,2,44,1,3,4908,1,West,2021,11,292000
6323,1748,3,2,48,1,1,5581,1,North,2021,9,312000
6324,1906,4,1,35,0,3,8904,2,Central,2022,5,386000
6325,1593,3,2,44,1,3,6205,2,East,2022,5,352000
6326,1563,2,1,3,1,1,7726,2,East,2023,1,389000
6327,3883,5,2,3,1,1,21590,2,North,2021,7,838000
6328,1612,3,1,1,1,3,5832,1,North,2021,1,407000
6329,2167,3,2,30,0,2,12152,1,West,2023,2,314000
6330,1468,3,1,46,0,3,2993,1,South,2021,10,179000
6331,1044,1,1,3,1,2,4299,1,South,2021,12,220000
6332,2627,4,3,25,1,1,5750,1,East,2021,8,622000
6333,1643,3,2,33,0,1,7740,1,South,2021,8,218000
6334,1606,2,2,45,0,3,9276,1,West,2022,3,199000
6335,1486,3,1,26,1,1,8304,1,Central,2023,1,313000
6336,3111,4,2,48,1,0,12546,2,East,2023,3,589000
6337,1303,3,2,5,1,2,5841,1,Central,2022,2,310000
6338,1450,2,2,5,0,1,7256,1,Central,2022,8,330000
6339,2161,4,3,19,1,1,10122,2,North,2023,3,499000
6340,987,1,1,8,1,2,3084,1,North,2022,4,248000
6341,1212,2,2,1,1,1,7019,1,East,2022,9,350000
6342,1816,4,3,32,1,2,9489,2,East,2021,4,468000
6343,2367,4,1,33,1,0,6481,1,South,2022,12,331000
6344,3260,4,1,33,0,2,13390,3,South,2022,3,500000
6345,2344,4,1,5,0,1,6286,2,East,2021,5,478000
6346,1252,3,2,17,0,1,2832,1,West,2022,4,227000
6347,1116,1,1,6,0,2,3148,1,North,2022,2,256000
6348,3923,6,4,1,1,1,18712,3,West,2021,6,693000
6349,2262,3,2,20,1,1,4831,2,Central,2023,3,512000
6350,3372,5,1,2,0,2,19413,3,West,2023,4,612000
6351,1424,3,2,2,1,1,5952,1,North,2021,10,270000
6352,1746,3,1,34,1,1,5011,2,North,2021,9,350000
6353,1064,2,1,1,1,2,5568,1,East,2022,8,365000
6354,1789,3,2,48,1,2,9549,1,Central,2022,2,379000
6355,3727,5,2,17,1,2,8619,2,Central,2022,11,917000
6356,4132,6,4,49,0,2,17585,3,East,2021,2,894000
6357,2455,3,1,2,0,2,11681,2,North,2023,2,484000
6358,1859,4,1,22,0,2,7557,1,West,2022,2,295000
6359,3699,5,2,5,1,1,10209,2,Central,2021,8,900000
6360,1718,3,1,40,1,1,9695,1,Central,2021,2,305000
6361,1085,2,1,6,1,2,5481,1,West,2021,2,199000
6362,2288,4,3,4,1,2,9970,1,East,2022,4,522000
6363,1480,3,2,41,1,2,4152,1,West,2022,8,216000
6364,2473,4,2,7,1,1,12309,1,Central,2022,6,476000
6365,1656,3,3,1,1,1,3357,2,West,2021,6,336000
6366,2472,3,2,8,1,3,8299,2,South,2021,8,418000
6367,2370,3,1,27,1,2,10901,2,West,2022,12,335000
6368,1462,2,1,4,0,2,2943,1,Central,2021,8,281000
6369,2073,3,1,11,1,1,11593,1,East,2022,10,420000
6370,3161,5,1,2,1,1,12955,3,East,2023,3,779000
6371,2163,3,1,22,0,0,10714,1,West,2023,4,287000
6372,1675,3,2,34,1,2,5207,1,West,2023,1,275000
6373,3798,5,4,10,1,3,9296,2,North,2022,7,916000
6374,4188,5,4,10,0,3,9731,3,West,2022,8,707000
6375,968,1,1,2,0,2,3044,1,East,2023,6,314000
6376,1156,2,1,3,1,3,4219,1,Central,2021,3,313000
6377,2601,5,4,3,1,2,11242,2,Central,2022,5,719000
6378,2703,4,4,15,1,1,13248,1,East,2022,5,668000
6379,4244,6,2,18,1,1,11842,2,Central,2022,5,932000
6380,3095,4,2,47,0,2,14737,1,South,2023,2,465000
6381,2099,4,2,2,0,1,7616,1,West,2021,7,356000
6382,1939,3,1,23,1,2,10159,1,North,2022,11,404000
6383,1265,3,2,18,1,3,3559,1,North,2022,10,324000
6384,1031,1,1,17,1,1,3026,1,Central,2022,1,218000
6385,2288,3,1,42,0,1,11239,1,Central,2023,6,315000
6386,2272,3,1,3,0,1,10441,2,East,2022,3,468000
6387,1841,4,2,1,1,2,10221,1,South,2021,8,362000
6388,2603,4,2,28,0,1,6886,1,East,2022,9,570000
6389,1191,1,1,5,1,2,4703,1,Central,2021,7,274000
6390,2235,4,1,1,0,1,10688,2,South,2021,3,381000
6391,971,1,1,4,1,2,4110,1,South,2021,4,204000
6392,1799,2,2,5,1,1,7615,1,West,2022,5,333000
6393,2826,5,2,24,1,3,9764,2,Central,2022,4,663000
6394,2098,3,1,3,1,2,11732,1,North,2022,7,432000
6395,3962,5,2,10,1,2,18370,2,Central,2023,2,980000
6396,1236,2,1,15,0,2,3388,1,West,2021,4,187000
6397,2232,4,2,13,1,2,10609,1,South,2023,1,413000
6398,2276,3,1,49,1,1,9421,2,West,2022,1,295000
6399,1914,3,2,1,1,2,4089,1,West,2021,5,376000
6400,3211,5,1,47,1,2,8668,3,North,2022,1,595000
6401,2199,3,3,22,1,2,6158,2,East,2022,10,503000
6402,2657,4,2,36,1,0,10486,1,West,2023,6,403000
6403,1479,3,2,11,1,0,5372,1,North,2022,8,297000
6404,3081,4,1,13,1,1,14193,3,East,2022,6,698000
6405,1273,3,1,42,1,1,3790,1,North,2022,5,216000
6406,3328,4,4,43,1,3,10794,1,South,2022,3,544000
6407,1924,4,4,3,1,1,10881,1,South,2021,8,370000
6408,2039,4,1,3,1,1,7940,2,East,2021,12,452000
6409,1773,2,2,16,1,2,7241,2,North,2023,1,430000
6410,3505,5,3,44,1,3,12669,3,South,2022,11,722000
6411,1220,2,1,5,1,2,3194,1,South,2021,4,272000
6412,1853,3,2,26,0,1,7360,2,West,2021,2,243000
6413,3305,5,2,30,1,1,14513,3,West,2021,12,512000
6414,1827,4,2,35,0,2,3759,1,North,2023,5,408000
6415,1556,3,3,20,1,1,4106,2,Central,2022,12,338000
6416,2047,3,2,9,0,1,11572,1,West,2023,3,323000
6417,1884,4,4,48,0,1,8935,2,West,2023,4,275000
6418,4361,6,1,24,1,3,17980,2,East,2022,10,1032000
6419,2869,4,3,32,1,0,6552,1,North,2022,10,504000
6420,1738,3,1,5,1,2,5829,1,Central,2022,4,424000
6421,4196,6,2,28,0,3,8900,1,North,2021,8,809000
6422,2351,4,2,4,0,2,10228,2,West,2021,11,355000
6423,1239,3,2,3,0,1,4546,1,East,2021,11,273000
6424,1391,2,1,31,1,1,5770,1,Central,2023,3,277000
6425,2074,4,2,17,1,3,5588,2,South,2022,2,465000
6426,1356,3,1,29,1,0,5482,1,East,2022,6,269000
6427,3868,5,3,4,1,2,11501,2,West,2021,12,676000
6428,3294,5,3,23,1,3,14619,1,North,2023,4,631000
6429,1212,2,1,12,0,0,3497,1,North,2021,1,210000
6430,2099,4,1,23,1,2,9639,2,South,2021,2,379000
6431,3065,4,4,4,1,3,10162,3,North,2022,9,693000
6432,3612,5,3,31,0,2,16386,2,North,2021,10,774000
6433,2680,4,1,37,0,2,7753,1,West,2022,4,362000
6434,2262,3,2,4,0,3,11371,1,West,2022,9,320000
6435,3122,4,3,5,1,2,6966,2,Central,2022,11,705000
6436,1684,2,1,27,1,2,7114,2,East,2021,9,442000
6437,2462,4,2,29,1,2,6453,1,South,2022,4,350000
6438,1187,1,1,30,1,0,6932,1,Central,2023,2,239000
6439,1043,1,1,29,1,1,2852,1,Central,2022,11,248000
6440,2152,4,3,8,1,0,8160,2,West,2023,2,397000
6441,1101,1,1,9,1,1,6407,1,South,2023,6,212000
6442,1169,2,1,4,0,0,2788,1,Central,2022,8,252000
6443,3252,5,4,3,1,2,12041,1,North,2021,6,676000
6444,1541,3,1,29,1,1,5229,2,North,2022,8,287000
6445,1679,3,1,2,1,3,7344,1,West,2021,8,334000
6446,2345,4,2,46,1,2,6988,2,East,2023,5,458000
6447,3578,6,1,39,1,2,18233,1,South,2022,10,643000
6448,1620,2,1,41,0,2,7063,1,West,2022,2,216000
6449,1419,2,1,44,0,1,6976,1,West,2023,3,166000
6450,2247,4,1,10,1,2,6677,2,Central,2023,5,502000
6451,2532,4,3,40,1,2,14852,2,South,2022,10,485000
6452,4333,5,4,3,0,2,11687,3,North,2021,4,904000
6453,2196,4,1,1,1,0,8245,2,East,2022,2,515000
6454,2193,3,2,36,0,2,9932,1,Central,2023,5,390000
6455,3915,5,2,2,1,2,20580,2,South,2022,2,744000
6456,1504,2,1,50,1,2,5500,1,East,2023,6,317000
6457,1818,4,2,28,0,1,9888,2,South,2021,6,303000
6458,1638,3,2,33,1,2,3836,2,North,2023,1,395000
6459,1464,2,2,3,0,2,5456,1,Central,2022,12,284000
6460,1867,3,2,28,1,2,10375,1,North,2022,9,360000
6461,1456,2,1,1,1,2,7754,1,West,2021,2,244000
6462,2153,3,1,39,0,1,11033,2,South,2022,7,301000
6463,3984,6,5,3,1,1,10506,2,South,2022,4,781000
6464,1569,2,1,30,1,0,9372,1,Central,2022,8,258000
6465,3294,4,1,3,0,1,17360,1,West,2023,6,450000
6466,1052,1,1,2,0,1,3740,1,West,2023,6,234000
6467,1975,3,1,15,0,1,8315,1,West,2021,5,246000
6468,1301,3,2,3,1,1,2937,1,South,2022,8,292000
6469,3729,6,1,32,0,2,16049,3,East,2022,2,916000
6470,3413,5,1,3,1,3,12091,3,South,2022,7,623000
6471,2391,3,1,5,1,1,5139,1,Central,2023,6,458000
6472,3104,5,1,21,1,1,7259,1,East,2022,1,664000
6473,2351,3,3,4,1,3,11320,1,South,2021,8,389000
6474,4378,5,2,7,1,2,10112,2,Central,2022,10,956000
6475,2798,4,4,38,1,1,7279,2,East,2023,4,666000
6476,3638,6,3,3,0,2,20189,2,East,2023,6,1008000
6477,2076,3,2,2,1,1,4159,1,North,2022,3,441000
6478,1413,2,2,5,1,2,4492,1,Central,2023,1,350000
6479,2123,3,2,11,1,3,5139,2,Central,2023,2,519000
6480,992,2,1,19,1,1,5890,1,East,2022,5,259000
6481,2007,4,2,7,1,3,10949,1,East,2022,4,534000
6482,1973,3,2,36,1,1,4239,1,South,2023,4,316000
6483,2115,4,2,1,0,2,8983,2,South,2022,3,402000
6484,910,2,1,11,0,2,4576,1,East,2021,8,234000
6485,1578,2,1,8,1,2,3964,1,North,2022,10,302000
6486,1845,3,1,26,0,0,7737,1,Central,2022,1,377000
6487,4369,6,3,48,1,2,14113,1,North,2022,1,817000
6488,2426,4,3,17,1,2,8051,2,West,2021,8,388000
6489,2229,3,2,50,1,2,6114,1,South,2023,6,315000
6490,3201,5,2,5,1,1,16853,3,South,2022,1,617000
6491,1770,2,1,1,1,1,7395,2,East,2021,5,431000
6492,1426,2,1,3,1,2,8414,1,West,2022,5,273000
6493,1744,2,1,9,0,3,6457,1,West,2021,9,319000
6494,1356,2,1,5,1,2,3092,1,South,2022,2,258000
6495,3664,6,2,2,1,2,20909,2,South,2021,1,749000
6496,1083,2,1,11,1,1,5644,1,Central,2021,1,261000
6497,2180,3,2,5,1,2,5493,1,West,2023,3,397000
6498,1479,3,1,2,0,1,5632,1,West,2023,4,261000
6499,1575,2,1,4,1,2,9253,2,South,2022,4,308000
6500,3394,4,2,43,1,3,7131,3,West,2022,1,508000
6501,1049,2,1,5,1,3,3843,1,South,2022,1,261000
6502,1395,2,2,31,1,1,7020,1,East,2021,1,216000
6503,1968,3,3,24,1,2,8747,1,South,2021,9,315000
6504,941,2,1,11,1,0,4329,1,North,2021,1,209000
6505,1124,1,1,3,1,1,3739,1,East,2022,10,273000
6506,3280,4,2,7,0,1,7429,1,North,2022,7,583000
6507,3000,4,4,22,1,1,8882,2,East,2021,10,655000
6508,3738,6,2,6,0,2,15809,2,West,2021,4,643000
6509,2565,4,1,3,1,2,13951,1,Central,2022,12,670000
6510,1871,3,1,2,1,3,4110,1,North,2021,7,440000
6511,1278,3,1,42,0,1,4394,1,South,2022,6,179000
6512,2740,5,5,12,1,1,10680,1,East,2021,8,714000
6513,2544,4,4,25,0,1,5845,2,North,2023,3,570000
6514,3185,4,4,15,1,1,11630,1,North,2022,5,607000
6515,1812,3,1,42,0,3,7601,1,East,2022,8,351000
6516,1430,2,1,19,1,1,6546,1,East,2021,2,305000
6517,3430,4,3,15,1,3,20004,3,Central,2021,4,750000
6518,3311,5,4,45,1,1,12121,2,Central,2021,3,633000
6519,3870,5,5,31,1,1,22159,1,West,2022,4,654000
6520,1297,2,1,2,0,1,3858,1,South,2021,11,159000
6521,1380,3,2,3,0,3,4121,1,West,2021,6,305000
6522,1365,2,1,36,1,0,6777,1,East,2023,3,264000
6523,3403,4,1,39,1,3,18141,1,East,2022,7,699000
6524,947,1,1,19,0,2,3471,1,Central,2022,10,254000
6525,940,1,1,20,0,1,2201,1,West,2021,5,138000
6526,4165,5,1,25,1,2,22668,2,West,2021,1,626000
6527,1231,3,2,12,1,1,3803,1,North,2023,4,317000
6528,2606,5,1,28,1,0,7520,2,Central,2022,10,551000
6529,2321,4,3,2,0,3,9115,1,West,2022,4,409000
6530,3492,5,5,48,1,2,13711,3,South,2022,9,517000
6531,2134,4,1,33,0,2,8501,2,South,2021,1,307000
6532,4149,5,3,25,1,1,17003,1,North,2022,5,843000
6533,4350,6,4,5,1,0,18493,2,North,2022,5,911000
6534,1180,2,1,3,1,1,5607,1,West,2023,5,228000
6535,1169,2,2,10,1,2,3631,1,North,2022,10,267000
6536,1492,3,3,27,0,2,5008,1,Central,2022,8,281000
6537,2158,4,1,25,1,2,6333,1,Central,2022,11,432000
6538,3084,4,4,8,1,2,7077,2,South,2022,5,595000
6539,1779,3,3,24,0,1,10481,2,South,2023,1,353000
6540,1986,4,2,38,1,0,11350,2,South,2023,1,324000
6541,1569,2,2,1,1,1,6357,2,North,2022,7,363000
6542,2888,4,1,12,1,2,13837,1,North,2022,11,599000
6543,3875,6,4,34,1,2,14567,2,East,2022,2,975000
6544,1501,2,1,19,1,1,4875,1,Central,2021,5,319000
6545,2270,4,2,26,1,0,12495,2,Central,2022,6,454000
6546,979,2,2,17,1,2,5497,1,Central,2021,6,280000
6547,2130,3,1,50,1,3,5879,1,West,2022,1,316000
6548,1858,4,3,2,1,2,8319,2,Central,2022,3,522000
6549,1285,2,1,15,1,1,7655,1,East,2022,12,286000
6550,1829,4,2,2,0,2,3932,1,North,2021,3,418000
6551,2129,4,3,3,1,2,5369,1,West,2022,3,385000
6552,2016,3,1,8,1,1,6184,1,Central,2022,3,407000
6553,1962,3,2,3,0,2,3958,2,North,2021,9,391000
6554,1253,3,1,48,0,1,4267,1,South,2021,2,158000
6555,2999,5,5,47,1,1,16161,1,South,2023,6,513000
6556,3312,4,1,5,1,3,13202,1,North,2021,6,636000
6557,2094,4,1,26,1,3,4709,1,South,2022,7,377000
6558,1518,2,2,18,1,2,3767,1,South,2022,10,276000
6559,2507,5,1,38,0,1,9821,1,Central,2021,1,510000
6560,4014,5,1,25,1,2,16329,1,Central,2021,5,852000
6561,1042,2,1,1,0,1,4659,1,Central,2022,7,251000
6562,2051,4,3,34,1,1,10578,1,North,2021,1,341000
6563,1069,2,1,33,1,1,4651,1,North,2021,5,186000
6564,1836,4,2,17,1,2,7685,2,North,2021,6,429000
6565,978,2,1,44,1,0,2236,1,Central,2021,7,154000
6566,2127,4,1,44,1,2,7639,2,North,2022,11,433000
6567,2259,4,4,18,1,0,5497,2,East,2021,11,489000
6568,1888,4,3,23,1,3,3801,2,South,2021,10,387000
6569,1817,4,2,50,1,3,5335,2,North,2023,5,394000
6570,1754,3,2,4,1,2,8564,2,North,2022,2,463000
6571,1792,3,3,5,0,2,5077,1,West,2022,3,301000
6572,1061,2,1,3,1,1,2808,1,North,2021,3,261000
6573,1270,2,1,43,1,2,4022,1,South,2022,12,186000
6574,3117,4,1,33,0,3,9011,1,South,2022,2,462000
6575,1021,1,1,2,1,1,5277,1,West,2021,11,204000
6576,3177,4,3,49,0,2,18970,1,East,2021,4,552000
6577,3736,5,2,32,1,1,18324,1,Central,2022,4,794000
6578,1324,2,2,40,1,1,2811,1,East,2022,12,241000
6579,2431,4,4,1,1,2,6941,1,North,2023,4,536000
6580,1939,4,1,16,1,3,5859,2,East,2022,1,509000
6581,3238,5,2,30,1,1,14572,1,East,2022,7,648000
6582,3617,6,3,19,0,2,13557,3,West,2022,3,707000
6583,2994,5,3,27,0,3,16669,2,Central,2022,2,671000
6584,1591,2,1,38,0,2,6675,1,Central,2022,2,264000
6585,2091,4,4,7,1,3,4262,2,South,2021,7,423000
6586,2091,3,2,40,0,0,10297,2,South,2023,5,322000
6587,1816,4,2,3,1,3,5947,1,Central,2022,2,487000
6588,1504,2,1,4,1,1,8173,1,South,2021,12,240000
6589,1065,2,2,1,1,3,2194,1,West,2022,5,272000
6590,3163,5,5,6,0,1,11553,2,Central,2023,4,685000
6591,2454,4,2,8,1,2,13283,2,East,2021,2,507000
6592,2021,3,1,37,0,1,9011,1,East,2021,11,321000
6593,1623,2,1,26,1,2,7099,1,West,2021,8,268000
6594,2750,4,3,12,1,1,15597,2,North,2022,7,607000
6595,2545,5,4,26,0,3,5121,2,East,2023,4,676000
6596,1030,1,1,2,0,1,4103,1,South,2022,6,210000
6597,1487,3,1,3,1,2,7288,1,North,2021,7,315000
6598,1506,3,1,25,1,1,6038,1,West,2021,7,234000
6599,3665,5,4,26,1,3,16487,1,East,2023,2,968000
6600,1738,3,2,35,1,2,4912,1,West,2022,8,253000
6601,2245,3,3,9,1,3,5209,1,Central,2021,6,457000
6602,2125,3,2,31,1,2,5337,2,South,2021,7,318000
6603,1641,3,2,29,1,1,5277,1,West,2022,11,285000
6604,3413,4,1,48,1,1,9098,1,South,2023,1,486000
6605,2187,4,1,3,1,2,8493,1,West,2022,6,345000
6606,1050,1,1,19,0,2,3641,1,Central,2021,9,205000
6607,957,2,1,23,1,2,3027,1,South,2021,1,216000
6608,1771,2,1,50,0,0,6084,2,West,2022,9,163000
6609,3765,5,1,3,0,2,8174,2,East,2022,8,938000
6610,1785,3,1,17,1,3,9905,2,West,2022,12,351000
6611,3030,5,1,5,1,1,10950,1,West,2021,5,487000
6612,3482,5,1,18,0,0,13208,3,West,2021,7,478000
6613,1315,2,1,3,1,2,4549,1,South,2023,3,313000
6614,1513,2,1,1,1,1,5899,2,West,2022,2,303000
6615,1477,3,1,21,0,2,6034,1,West,2022,9,216000
6616,3153,5,2,5,1,2,8982,2,East,2021,3,755000
6617,919,1,1,3,1,3,2383,1,South,2022,4,236000
6618,2500,4,2,5,0,3,5712,2,South,2022,2,379000
6619,2337,3,3,1,1,2,4774,1,North,2023,2,452000
6620,3246,4,3,47,1,1,18263,1,North,2021,9,515000
6621,1577,2,2,22,1,1,6279,2,North,2022,8,302000
6622,2442,3,1,38,0,3,12192,2,Central,2022,7,405000
6623,1891,3,1,11,1,2,3806,2,Central,2022,1,457000
6624,1688,3,2,44,0,2,5677,1,Central,2022,4,355000
6625,2722,4,3,15,1,2,6089,2,Central,2022,4,665000
6626,1359,3,1,21,0,1,7551,1,South,2023,6,248000
6627,3122,5,3,15,1,1,18616,1,East,2021,10,649000
6628,2083,3,2,32,1,1,8155,2,Central,2021,6,387000
6629,2489,3,3,20,0,2,10188,2,West,2022,3,373000
6630,2094,3,1,4,0,2,9427,1,North,2021,8,381000
6631,1775,3,1,2,0,0,10341,1,East,2023,5,435000
6632,1124,1,1,23,0,2,3524,1,North,2021,11,202000
6633,2451,4,3,15,1,3,5399,1,South,2022,8,430000
6634,2021,4,2,2,1,2,7313,1,East,2022,7,535000
6635,2216,4,2,9,1,2,11335,1,Central,2021,9,445000
6636,1747,3,2,17,1,1,8709,2,West,2021,2,292000
6637,4314,6,5,39,1,3,24643,3,South,2022,11,752000
6638,2197,3,2,2,0,2,11670,1,East,2022,11,484000
6639,1086,2,2,5,1,3,3944,1,Central,2022,11,316000
6640,2239,4,3,38,1,2,13199,2,South,2023,6,424000
6641,3176,4,1,26,1,3,14915,3,West,2023,6,541000
6642,3024,4,3,4,1,3,6856,3,South,2022,4,606000
6643,1871,3,1,40,1,2,6308,2,East,2021,1,378000
6644,2672,4,1,15,1,0,15854,1,North,2023,1,575000
6645,1250,3,2,16,0,1,4702,1,Central,2023,4,291000
6646,2065,3,2,49,0,0,7482,2,North,2021,11,298000
6647,3111,5,2,47,1,1,16233,3,South,2021,11,498000
6648,3105,4,4,6,1,0,8253,3,South,2022,4,583000
6649,1671,3,2,2,0,2,5292,1,West,2021,6,277000
6650,2736,5,4,5,1,0,9570,2,West,2021,2,502000
6651,1287,2,1,1,1,2,5667,1,North,2023,2,347000
6652,2895,4,2,1,1,3,13923,2,North,2022,9,664000
6653,1736,2,1,9,0,2,4106,2,West,2021,5,297000
6654,1011,2,1,46,1,3,2364,1,West,2022,3,185000
6655,916,1,1,42,1,1,2612,1,Central,2021,10,159000
6656,1808,3,1,17,0,2,9106,2,West,2023,5,318000
6657,1435,2,1,20,1,1,8013,1,West,2023,6,287000
6658,2481,4,4,1,1,2,13068,2,South,2022,2,503000
6659,1416,3,3,3,1,2,7741,1,East,2022,12,379000
6660,1600,3,2,1,0,0,9440,2,Central,2021,12,331000
6661,2030,4,4,34,1,1,6724,1,North,2023,4,397000
6662,2447,3,1,2,0,2,8147,1,East,2021,5,441000
6663,1754,2,2,41,1,2,9065,2,West,2022,8,256000
6664,3121,5,2,26,1,2,9523,1,East,2022,2,679000
6665,2599,5,1,3,1,1,13362,1,West,2022,4,474000
6666,2682,4,3,3,1,2,9488,2,South,2023,1,599000
6667,2088,4,2,25,1,0,5767,1,North,2022,9,377000
6668,3424,4,3,44,1,3,17459,3,North,2023,4,674000
6669,1529,3,2,31,1,3,4162,2,Central,2021,9,340000
6670,1514,3,2,5,0,0,3157,2,Central,2022,4,373000
6671,1640,3,1,22,0,1,4554,1,South,2021,4,286000
6672,3399,4,2,5,0,2,18641,2,North,2022,5,659000
6673,1444,3,1,50,1,1,6044,1,North,2022,9,240000
6674,1415,2,1,33,1,3,7430,1,South,2023,5,242000
6675,1020,1,1,24,1,2,3306,1,South,2021,3,186000
6676,2596,4,4,11,0,1,12506,2,South,2022,12,547000
6677,2094,4,3,24,1,0,12166,1,West,2022,3,329000
6678,1575,3,1,5,0,2,6856,1,West,2022,2,246000
6679,1734,2,1,1,1,2,6084,1,North,2022,7,407000
6680,2218,3,2,9,1,2,4881,1,West,2021,2,321000
6681,2153,3,1,46,0,1,10370,2,East,2022,5,361000
6682,901,2,2,25,1,1,4883,1,North,2021,8,218000
6683,3419,5,2,2,0,2,16765,2,West,2023,6,566000
6684,2394,3,1,43,1,2,11352,1,North,2023,1,372000
6685,2295,4,4,4,1,1,9307,1,North,2021,4,439000
6686,1564,3,3,3,1,1,7868,2,North,2023,1,362000
6687,2042,3,1,4,1,2,8311,2,Central,2021,2,453000
6688,2135,4,3,21,1,2,4579,2,West,2021,1,323000
6689,2031,3,2,19,1,1,4939,1,East,2021,3,414000
6690,1279,3,2,15,1,2,5829,1,Central,2022,4,323000
6691,3396,5,4,31,1,1,9413,1,South,2022,8,487000
6692,944,1,1,5,0,1,5592,1,Central,2022,4,212000
6693,2315,4,2,35,1,2,13312,2,West,2022,4,353000
6694,3043,4,2,3,0,2,12493,2,East,2022,2,692000
6695,2040,4,4,35,0,1,6202,1,West,2022,1,286000
6696,2735,5,5,27,0,1,6621,1,West,2022,11,443000
6697,2422,3,1,29,0,0,12613,2,Central,2021,2,334000
6698,2094,3,2,15,0,3,7457,1,Central,2021,2,421000
6699,3309,4,3,27,0,0,18633,1,North,2021,7,510000
6700,1290,3,2,2,1,1,7119,1,South,2021,6,256000
6701,1959,4,3,40,0,1,10708,2,North,2021,1,307000
6702,3104,5,4,2,0,2,13812,3,South,2021,1,575000
6703,2424,4,3,2,1,2,13244,1,South,2022,10,447000
6704,2360,4,2,21,0,1,6213,1,North,2021,9,373000
6705,2380,3,1,32,0,2,11827,2,South,2022,12,337000
6706,3358,5,2,2,1,0,14873,3,West,2022,12,547000
6707,4214,6,3,45,1,2,23247,1,Central,2022,3,864000
6708,2190,3,1,49,1,1,9641,2,North,2021,11,312000
6709,1701,3,3,23,1,1,8082,1,North,2023,3,394000
6710,3936,5,4,15,1,1,12505,1,North,2021,5,801000
6711,1037,1,1,33,1,2,5988,1,Central,2021,8,186000
6712,1160,1,1,5,1,2,2645,1,East,2022,6,323000
6713,2989,4,1,15,1,2,7930,2,Central,2021,6,597000
6714,3285,5,5,45,1,1,16964,1,Central,2021,5,609000
6715,2739,5,4,47,0,1,8487,2,Central,2021,9,564000
6716,2480,3,2,45,1,2,13390,2,North,2021,12,373000
6717,985,2,1,4,0,3,3244,1,East,2021,11,298000
6718,1891,4,1,3,1,3,10070,1,Central,2021,7,444000
6719,1512,3,3,4,1,2,6693,2,North,2021,5,348000
6720,1456,2,2,12,1,1,6386,1,East,2021,1,281000
6721,2919,5,2,5,1,2,16576,2,South,2022,9,570000
6722,1163,2,1,7,1,1,4537,1,South,2021,11,205000
6723,2694,5,2,24,0,2,9080,1,Central,2021,4,550000
6724,1606,3,2,34,0,1,5700,2,East,2021,6,360000
6725,2327,4,2,32,1,1,12583,1,West,2021,9,300000
6726,907,2,2,38,1,0,4555,1,West,2021,12,149000
6727,2192,4,3,1,1,2,8637,1,East,2022,11,544000
6728,1435,2,1,1,1,2,8257,1,West,2022,12,287000
6729,3621,6,5,36,1,2,8073,1,Central,2022,2,871000
6730,3033,5,2,18,1,3,13838,2,Central,2021,7,657000
6731,1608,2,1,21,1,3,9269,2,West,2022,10,317000
6732,1284,3,2,2,1,0,4357,1,East,2022,10,322000
6733,4171,6,6,4,1,2,22748,3,North,2021,4,931000
6734,1811,4,2,25,1,2,10686,2,North,2021,6,400000
6735,1223,2,2,41,1,3,4608,1,South,2023,1,223000
6736,2019,4,3,45,1,1,4633,2,South,2023,6,341000
6737,3871,5,3,16,1,0,18286,1,North,2021,1,800000
6738,1009,2,1,19,1,1,2458,1,South,2021,6,162000
6739,1058,1,1,39,1,3,5448,1,North,2022,1,197000
6740,3937,5,5,18,1,3,12359,2,East,2021,9,1016000
6741,1567,2,1,17,1,1,4614,2,North,2023,4,320000
6742,1499,2,1,44,0,3,5910,1,West,2022,10,207000
6743,1860,3,2,36,1,0,7315,2,South,2023,4,304000
6744,2768,4,3,44,1,1,9739,2,West,2021,1,406000
6745,2476,3,1,3,1,2,9771,2,Central,2022,8,518000
6746,4049,6,6,18,1,1,13949,2,North,2021,9,853000
6747,2034,3,2,40,1,1,8786,2,Central,2021,4,412000
6748,1478,2,1,2,1,3,7054,1,West,2021,3,264000
6749,3875,5,3,36,0,2,10876,2,North,2023,6,816000
6750,2227,3,1,3,0,3,5599,2,South,2021,7,365000
6751,1182,1,1,37,1,1,6865,1,Central,2022,8,245000
6752,2297,3,1,24,1,1,7086,1,East,2023,3,461000
6753,2007,3,1,3,1,1,8842,2,South,2022,2,428000
6754,1108,2,1,14,0,3,4340,1,Central,2021,12,275000
6755,1323,2,1,28,1,1,5122,1,West,2021,9,195000
6756,2166,3,2,25,1,1,9438,2,West,2021,12,297000
6757,3303,5,3,11,1,1,12837,3,Central,2021,6,699000
6758,2171,4,3,44,1,2,7194,1,West,2021,12,287000
6759,3995,5,2,17,1,1,15205,1,South,2022,12,691000
6760,1083,1,1,16,1,0,6419,1,East,2021,11,234000
6761,1279,2,1,2,1,2,6697,1,Central,2021,4,285000
6762,1472,2,1,45,1,1,3121,1,North,2022,4,217000
6763,1468,2,1,3,1,1,6487,1,North,2023,3,322000
6764,1395,2,2,18,1,1,4656,1,North,2022,2,259000
6765,2760,4,1,37,1,3,12916,1,North,2021,11,539000
6766,3815,5,4,3,0,0,21708,3,North,2022,3,859000
6767,4092,5,3,18,0,0,16991,1,Central,2023,1,874000
6768,1252,2,1,3,1,1,5631,1,Central,2022,9,313000
6769,3293,5,4,34,1,3,15645,1,North,2022,7,587000
6770,2323,3,3,20,1,0,13028,1,West,2021,8,288000
6771,1307,2,1,41,1,3,3677,1,West,2022,3,235000
6772,3254,4,3,43,1,3,18557,1,South,2021,11,492000
6773,1742,2,2,26,1,1,7165,2,South,2023,5,308000
6774,1575,3,2,31,1,1,5525,1,South,2022,9,260000
6775,1722,3,2,19,0,2,7494,1,West,2021,11,247000
6776,1135,1,1,8,1,2,4102,1,South,2021,1,178000
6777,2958,5,2,26,1,2,9215,2,South,2023,4,584000
6778,2402,3,3,44,1,3,5967,1,North,2022,9,403000
6779,4217,6,3,10,1,1,19821,1,Central,2022,11,925000
6780,1065,1,1,5,1,2,3778,1,West,2023,6,221000
6781,1703,3,2,8,1,1,5242,2,East,2021,6,426000
6782,1820,4,1,11,1,2,7614,2,Central,2022,2,433000
6783,2121,3,1,2,1,2,7859,1,South,2021,6,393000
6784,2011,4,3,16,0,1,8093,2,West,2022,6,307000
6785,3305,4,3,15,1,0,19700,1,South,2022,9,542000
6786,2847,4,1,22,0,1,10144,2,South,2023,4,463000
6787,4321,5,3,6,1,2,23706,3,Central,2022,5,959000
6788,3064,4,4,24,1,3,12493,2,West,2022,1,519000
6789,3129,4,1,42,0,2,12252,3,South,2022,11,463000
6790,2314,4,1,47,1,2,8551,1,North,2022,5,372000
6791,3201,4,1,22,1,1,13634,3,South,2021,6,498000
6792,2324,3,3,1,1,1,5379,2,West,2021,3,376000
6793,1654,2,1,48,0,1,9620,1,North,2023,1,261000
6794,1765,2,1,30,1,1,4392,2,West,2022,11,296000
6795,1999,3,1,5,0,2,9536,2,Central,2023,1,472000
6796,1551,2,1,2,0,3,5109,2,North,2021,7,322000
6797,3506,6,2,2,1,2,7547,2,Central,2022,12,952000
6798,2424,3,1,3,0,2,11875,1,North,2021,4,405000
6799,993,1,1,1,1,0,4461,1,West,2021,10,183000
6800,2444,4,3,44,0,0,10850,2,West,2022,12,291000
6801,1048,2,1,19,1,0,4975,1,East,2021,7,223000
6802,1382,3,1,30,1,2,7130,1,South,2023,5,250000
6803,1514,3,1,39,1,2,4605,1,Central,2021,1,263000
6804,2046,3,2,36,1,1,6374,1,North,2022,2,378000
6805,1691,3,1,42,1,2,6480,2,East,2021,4,397000
6806,2566,5,4,48,1,2,9778,2,South,2021,11,478000
6807,2770,5,1,12,0,0,9554,1,East,2021,8,572000
6808,1828,3,3,47,1,2,5649,2,East,2023,4,454000
6809,1980,3,2,31,0,2,9712,1,East,2021,7,371000
6810,1682,3,3,2,1,1,6596,2,South,2022,6,394000
6811,3124,5,1,28,1,2,11395,3,West,2022,5,521000
6812,938,1,1,29,0,1,2104,1,North,2022,1,146000
6813,1293,2,1,44,1,2,4313,1,North,2022,6,228000
6814,3454,4,2,7,0,3,13264,1,East,2022,8,703000
6815,2011,3,2,22,1,2,9244,1,East,2022,9,468000
6816,1528,3,2,1,0,1,6415,2,South,2021,10,272000
6817,1571,3,2,5,1,1,4884,2,East,2022,4,386000
6818,4034,5,1,2,0,1,8952,3,East,2021,2,956000
6819,2794,5,3,17,0,0,9137,2,South,2022,9,480000
6820,3229,4,4,38,1,2,7625,1,West,2022,11,449000
6821,2212,4,1,3,0,0,9853,2,Central,2022,8,431000
6822,1659,2,1,18,1,1,7372,1,East,2023,4,414000
6823,4469,5,3,3,1,2,25590,1,West,2021,1,722000
6824,4293,6,1,2,0,2,15142,3,South,2022,3,773000
6825,1079,2,2,17,1,0,2189,1,West,2022,9,208000
6826,3156,4,3,2,0,2,11978,2,West,2022,8,514000
6827,1406,3,3,22,0,3,3758,1,West,2023,1,265000
6828,1349,3,1,1,0,0,5713,1,Central,2023,1,304000
6829,1611,3,2,2,1,2,8906,2,South,2022,7,406000
6830,1807,4,1,19,0,2,5264,1,South,2021,4,297000
6831,4371,6,3,22,1,2,15978,3,North,2022,7,906000
6832,1572,3,1,1,1,1,9115,2,West,2022,8,306000
6833,2424,4,1,21,1,1,10755,1,Central,2021,5,398000
6834,4031,6,3,39,1,2,9918,3,East,2021,8,979000
6835,3793,6,3,31,1,3,21302,1,South,2023,3,718000
6836,1099,2,1,2,1,2,4659,1,West,2023,5,299000
6837,1635,2,1,22,0,3,7499,1,North,2022,4,342000
6838,2403,3,1,28,1,2,9947,2,South,2021,3,381000
6839,1513,2,2,1,1,3,5932,2,South,2021,3,322000
6840,4023,5,3,40,1,2,8052,3,East,2021,9,926000
6841,4029,6,2,44,0,3,19654,3,East,2021,11,944000
6842,1137,2,1,40,0,1,3903,1,South,2022,8,135000
6843,1529,3,1,38,1,3,3708,1,East,2021,3,319000
6844,1073,2,2,33,0,1,4616,1,Central,2022,5,222000
6845,4191,6,2,25,1,0,19653,3,North,2021,4,863000
6846,936,2,1,28,0,2,2678,1,West,2022,11,137000
6847,1969,4,2,37,1,1,10259,2,West,2021,4,315000
6848,1845,4,2,27,1,0,8324,1,Central,2021,8,354000
6849,2271,4,4,5,0,3,13490,2,West,2022,11,369000
6850,900,1,1,7,0,2,3217,1,West,2022,3,198000
6851,1061,1,1,43,1,3,6147,1,West,2021,9,145000
6852,3589,6,2,1,0,3,19201,3,South,2022,3,786000
6853,3783,6,5,30,1,1,21643,1,East,2022,7,940000
6854,3299,4,3,47,1,1,19791,1,East,2022,9,621000
6855,1309,2,2,30,0,1,5121,1,East,2021,2,259000
6856,1962,4,3,50,1,2,9979,1,North,2023,6,387000
6857,2286,4,3,29,1,2,11642,1,South,2022,1,365000
6858,1304,2,1,1,1,2,6832,1,South,2022,12,280000
6859,3916,6,4,39,1,1,20589,2,West,2022,6,645000
6860,2201,4,1,4,1,1,5211,2,Central,2022,6,428000
6861,1105,1,1,12,1,2,6552,1,South,2022,4,240000
6862,4031,6,3,5,1,0,20601,3,North,2022,6,923000
6863,3516,5,4,4,0,3,7974,3,Central,2021,11,921000
6864,970,1,1,11,0,0,3504,1,West,2022,7,139000
6865,1693,2,1,7,1,1,6137,1,Central,2021,1,383000
6866,2163,3,2,25,1,1,10651,1,North,2021,7,401000
6867,1892,3,2,38,1,2,9345,1,Central,2022,9,394000
6868,1472,2,1,4,0,1,7953,1,Central,2021,4,272000
6869,2197,4,2,3,1,1,8007,1,North,2021,5,419000
6870,3857,6,5,27,1,2,13943,1,North,2022,10,822000
6871,1956,3,1,28,1,3,5730,2,South,2023,4,384000
6872,1183,2,1,44,0,3,3437,1,South,2022,4,173000
6873,1832,4,1,1,1,1,7780,1,Central,2023,3,427000
6874,2221,3,2,40,1,2,6286,1,South,2023,5,329000
6875,3487,4,3,17,0,0,14424,3,West,2022,5,518000
6876,1800,4,1,24,1,1,5340,1,Central,2022,9,392000
6877,1365,3,1,2,1,2,7853,1,South,2023,3,270000
6878,1313,2,1,11,1,1,3373,1,West,2021,2,244000
6879,3089,5,2,3,1,2,16055,1,North,2021,12,600000
6880,904,2,1,4,1,3,2277,1,South,2021,7,232000
6881,2768,4,1,16,0,0,13118,2,Central,2022,11,597000
6882,1079,1,1,38,0,1,4812,1,North,2022,7,146000
6883,2017,4,2,33,1,2,7433,2,South,2023,1,347000
6884,2119,4,1,22,0,2,4468,1,West,2022,5,309000
6885,3610,6,4,19,1,3,10871,3,West,2021,12,718000
6886,4073,6,3,11,1,3,14605,3,West,2021,3,722000
6887,974,1,1,49,0,2,5100,1,Central,2023,1,179000
6888,2116,4,1,20,1,1,6574,1,North,2022,12,375000
6889,1201,2,1,4,1,2,4739,1,West,2022,6,233000
6890,1949,4,2,3,0,1,4134,1,Central,2022,12,421000
6891,1720,2,2,24,1,3,5592,1,North,2023,5,411000
6892,4323,5,2,17,1,0,15461,2,East,2022,10,959000
6893,4026,6,4,1,1,2,12384,1,South,2021,12,774000
6894,1864,4,2,39,1,0,10851,1,North,2021,8,354000
6895,2498,4,3,30,0,2,7478,1,East,2023,1,492000
6896,3051,4,2,27,0,2,9234,1,West,2023,2,411000
6897,3333,4,3,2,0,2,14173,1,Central,2021,9,631000
6898,1488,3,2,6,1,2,4978,1,West,2021,7,292000
6899,1857,3,1,46,1,2,4480,1,Central,2023,5,374000
6900,2311,4,1,41,0,1,5629,2,North,2022,8,330000
6901,1353,3,3,4,1,3,5222,1,South,2022,4,318000
6902,1286,2,1,3,0,3,3448,1,Central,2022,10,261000
6903,1476,3,2,12,0,1,8295,1,Central,2021,2,271000
6904,2096,3,1,6,1,3,9659,1,South,2021,8,356000
6905,1149,2,1,29,1,3,6194,1,West,2022,8,207000
6906,1247,3,1,48,1,2,5988,1,South,2023,2,242000
6907,1369,3,2,6,1,1,7469,1,East,2022,4,319000
6908,3198,4,3,2,1,2,14272,1,Central,2023,1,686000
6909,2972,4,2,43,1,1,16604,1,West,2023,2,399000
6910,2201,4,4,1,1,2,12483,2,South,2023,3,502000
6911,2483,4,3,47,1,2,6590,1,South,2022,5,372000
6912,3529,6,4,27,1,3,7187,1,South,2021,7,699000
6913,1393,2,1,46,1,2,2917,1,West,2021,8,169000
6914,1019,2,1,3,1,1,4785,1,East,2022,6,278000
6915,1164,2,1,1,1,2,3086,1,Central,2021,1,300000
6916,969,1,1,15,1,1,2010,1,Central,2023,6,242000
6917,1992,3,1,12,1,1,5944,1,South,2021,2,323000
6918,4149,6,4,5,0,1,14692,1,West,2021,9,640000
6919,2408,4,1,48,1,0,5065,2,East,2021,4,386000
6920,1826,4,1,38,1,3,8275,2,South,2021,9,332000
6921,4194,5,4,27,1,2,15088,1,South,2022,11,729000
6922,1135,1,1,3,0,2,4205,1,Central,2023,4,321000
6923,1223,3,2,32,0,1,4494,1,East,2021,7,245000
6924,2023,3,1,32,0,2,4365,2,West,2021,6,315000
6925,1962,4,4,11,1,2,11202,1,East,2022,10,507000
6926,1428,3,1,45,0,2,6289,1,South,2023,3,243000
6927,2149,4,2,3,1,3,11832,2,West,2022,12,433000
6928,1610,3,1,4,0,2,4431,2,Central,2022,3,427000
6929,2318,4,3,2,0,2,11920,2,North,2023,1,492000
6930,2453,3,2,36,1,0,8007,2,South,2022,12,346000
6931,1870,3,2,24,1,1,9769,1,East,2022,10,430000
6932,1154,2,1,5,0,3,2375,1,South,2022,9,219000
6933,1895,3,1,3,1,2,5854,1,West,2023,6,379000
6934,995,1,1,1,0,2,5782,1,North,2021,11,195000
6935,3909,5,4,3,0,3,22325,2,West,2022,10,713000
6936,2290,4,3,13,1,2,10417,1,West,2021,11,374000
6937,2367,4,1,3,1,2,7830,2,South,2021,5,445000
6938,3341,4,1,4,1,1,15896,1,South,2023,3,531000
6939,1951,4,3,42,1,2,9327,1,North,2021,1,340000
6940,1678,2,2,17,1,1,4331,2,South,2023,4,377000
6941,3068,5,2,32,0,1,11328,2,West,2021,9,397000
6942,3454,4,2,1,0,3,12672,2,South,2023,2,572000
6943,1783,3,1,7,0,1,9596,1,West,2021,5,270000
6944,1387,2,2,14,1,1,6389,1,East,2021,7,295000
6945,1922,4,3,3,0,0,5185,2,North,2023,4,444000
6946,2863,5,3,2,0,1,10868,2,East,2021,5,689000
6947,1123,2,1,42,1,1,6365,1,West,2021,1,147000
6948,1487,2,1,46,0,0,8653,1,South,2021,2,123000
6949,2776,5,3,2,0,2,11888,2,West,2022,12,510000
6950,1087,2,2,5,0,2,5869,1,North,2023,6,287000
6951,3470,4,2,48,0,2,18104,3,North,2022,12,573000
6952,2365,4,3,2,1,3,6869,2,South,2022,7,445000
6953,2300,3,3,26,1,2,12226,2,South,2022,2,407000
6954,1094,2,1,49,0,1,4095,1,West,2022,1,131000
6955,3011,4,2,49,0,0,16156,2,East,2022,7,585000
6956,2355,4,1,14,1,2,7636,2,North,2022,1,475000
6957,1805,3,3,3,1,2,4726,1,West,2021,6,320000
6958,1841,3,3,3,1,1,4371,1,East,2022,12,444000
6959,3254,4,1,43,1,1,9993,2,South,2022,12,488000
6960,3748,6,3,44,0,2,19437,1,Central,2021,7,794000
6961,2494,4,2,23,1,2,9454,1,North,2021,8,422000
6962,1872,4,2,34,1,2,10956,2,Central,2021,9,416000
6963,3712,5,5,32,0,1,8670,3,South,2022,7,701000
6964,1835,4,1,27,1,2,10047,1,East,2022,5,446000
6965,1107,2,1,39,1,2,5390,1,Central,2022,6,234000
6966,1155,2,1,29,0,3,6674,1,West,2021,3,127000
6967,3357,5,1,18,1,2,18587,2,North,2022,9,650000
6968,2234,3,1,3,1,2,11985,2,East,2021,8,505000
6969,1965,3,2,33,0,2,11113,1,South,2021,11,248000
6970,1760,2,1,14,1,2,8950,2,East,2023,5,447000
6971,1009,2,1,4,1,1,2232,1,West,2021,6,222000
6972,1723,2,1,37,0,3,6302,1,East,2021,4,365000
6973,980,1,1,30,1,2,2216,1,North,2021,3,142000
6974,2293,4,1,46,1,2,6547,1,East,2021,10,410000
6975,2280,3,1,3,1,3,9435,1,North,2022,3,452000
6976,2105,4,1,26,1,3,4740,1,South,2022,10,367000
6977,3129,5,1,3,1,2,14400,1,East,2021,10,693000
6978,2507,4,1,44,1,0,13820,1,West,2022,2,337000
6979,3283,5,4,2,1,1,12959,1,East,2022,4,748000
6980,1454,3,2,27,1,3,4337,1,North,2021,11,276000
6981,943,1,1,36,0,1,2567,1,Central,2023,5,206000
6982,2469,3,2,6,0,3,8966,1,West,2022,5,385000
6983,3994,6,1,47,0,0,21190,3,South,2021,8,603000
6984,2881,4,2,40,1,2,8204,2,Central,2021,6,567000
6985,3136,4,1,4,0,2,14231,1,Central,2022,12,626000
6986,1923,4,1,1,1,1,7138,1,North,2021,11,435000
6987,2105,3,2,4,1,3,10113,1,West,2021,3,348000
6988,2189,4,3,4,0,2,12236,2,East,2022,12,506000
6989,1181,2,1,43,1,1,3691,1,North,2022,10,210000
6990,1402,2,2,48,1,1,6997,1,South,2021,9,182000
6991,3688,6,6,2,1,2,9256,1,East,2021,4,1005000
6992,1423,3,1,14,0,1,6597,1,South,2021,12,215000
6993,1186,1,1,19,1,3,2664,1,Central,2023,6,296000
6994,1307,3,1,2,1,1,6591,1,North,2022,3,316000
6995,3728,6,3,7,1,1,15532,3,Central,2021,3,868000
6996,2369,3,1,5,1,1,11725,1,Central,2022,4,490000
6997,2191,4,4,18,1,1,7987,1,West,2021,7,338000
6998,3632,6,1,27,1,1,17076,3,South,2023,6,731000
6999,1656,3,2,30,0,3,6197,2,West,2021,3,320000
7000,2139,3,2,2,0,0,6868,2,East,2021,7,426000
7001,1333,3,2,38,1,1,2942,1,West,2021,10,231000
7002,1389,3,2,28,0,1,7626,1,South,2021,8,208000
7003,3463,4,2,43,1,2,19994,1,Central,2021,6,591000
7004,3054,4,4,12,1,2,15314,1,North,2021,4,616000
7005,1634,3,2,43,1,2,7304,1,West,2023,1,264000
7006,2115,3,1,41,0,0,10197,2,Central,2022,8,313000
7007,1956,3,2,12,1,2,7903,1,West,2022,4,317000
7008,1303,2,2,8,1,2,5741,1,North,2022,8,329000
7009,1078,2,1,46,1,2,6004,1,South,2021,6,137000
7010,1368,3,2,31,1,1,6455,1,East,2021,9,243000
7011,1023,2,1,46,0,2,5431,1,South,2022,5,140000
7012,3216,4,3,36,1,1,19065,2,North,2023,4,615000
7013,1430,3,2,23,1,1,4802,1,North,2022,12,287000
7014,1371,3,1,2,1,1,7213,1,West,2022,12,281000
7015,1924,3,1,4,1,2,5865,2,North,2022,2,468000
7016,3206,5,1,48,1,1,8722,3,Central,2021,4,610000
7017,908,2,2,5,1,2,4102,1,East,2022,4,312000
7018,912,2,1,2,1,3,5340,1,West,2021,10,220000
7019,2291,3,1,30,0,2,8520,2,North,2021,2,378000
7020,2716,5,5,32,1,2,14442,1,Central,2021,8,617000
7021,1989,3,2,4,1,2,8218,2,North,2021,12,421000
7022,3095,5,2,4,1,2,16880,2,North,2022,10,687000
7023,3604,6,6,14,0,1,18828,1,North,2022,12,827000
7024,2834,4,3,1,1,2,12996,1,North,2021,7,617000
7025,1971,3,2,36,0,2,7856,2,East,2022,12,405000
7026,2228,3,3,5,1,1,13276,1,West,2021,2,367000
7027,1165,2,1,40,1,1,2724,1,South,2021,2,127000
7028,3692,5,4,37,0,1,18587,3,West,2023,2,669000
7029,2162,3,3,27,1,3,11088,1,West,2021,12,288000
7030,1169,1,1,5,1,0,7009,1,Central,2022,1,236000
7031,1843,3,3,17,1,1,5777,1,North,2022,6,399000
7032,1175,1,1,12,0,2,5694,1,North,2021,10,205000
7033,2083,3,1,5,1,3,10790,1,North,2021,5,415000
7034,2228,3,1,40,1,1,12002,2,South,2023,5,334000
7035,1952,3,2,15,0,2,5815,2,East,2022,4,438000
7036,2875,5,1,39,1,2,14544,1,East,2021,6,612000
7037,1088,2,2,2,1,2,5547,1,South,2022,5,273000
7038,2111,4,3,2,0,3,8133,2,West,2021,8,402000
7039,2035,3,1,49,1,0,6293,1,South,2021,10,237000
7040,1816,4,2,22,1,3,4272,2,South,2021,2,364000
7041,2930,5,1,17,0,3,16049,1,North,2022,2,592000
7042,2318,3,1,17,0,3,7577,2,East,2022,8,439000
7043,2371,4,3,3,1,2,8291,1,West,2023,5,375000
7044,1281,3,2,31,1,3,7055,1,West,2022,5,213000
7045,3874,5,3,2,1,1,21457,2,Central,2023,4,942000
7046,2475,4,3,21,1,1,6321,1,West,2021,12,349000
7047,2911,5,3,21,0,1,8854,2,South,2021,9,430000
7048,1186,1,1,45,1,1,5968,1,South,2021,4,135000
7049,1361,2,1,18,1,2,6378,1,Central,2021,8,269000
7050,1785,2,1,2,1,1,5821,1,West,2023,3,333000
7051,3086,5,3,21,1,0,9497,3,West,2021,7,454000
7052,1735,2,1,2,0,2,8414,2,West,2022,1,370000
7053,4090,5,3,3,1,3,9457,1,South,2021,7,744000
7054,2303,4,1,1,0,2,5153,1,Central,2023,1,452000
7055,1835,3,1,17,1,3,8197,1,North,2022,12,406000
7056,1002,1,1,2,0,2,4656,1,South,2021,1,223000
7057,3239,4,1,14,0,3,14830,3,South,2023,5,548000
7058,1176,1,1,46,1,2,2863,1,East,2023,5,217000
7059,3324,4,3,31,1,3,14947,1,East,2022,11,681000
7060,3742,5,3,2,1,1,19192,1,East,2021,4,937000
7061,4069,6,2,3,1,3,13814,2,East,2023,4,1066000
7062,2043,3,1,28,1,2,8922,1,East,2023,3,478000
7063,2477,3,1,43,1,2,7119,2,South,2023,5,383000
7064,2891,4,2,1,1,2,10865,2,West,2021,11,474000
7065,1100,1,1,38,1,3,3644,1,West,2021,2,136000
7066,1750,2,1,20,1,3,9034,2,East,2022,7,437000
7067,1053,1,1,19,1,1,3083,1,West,2022,10,198000
7068,2085,4,4,48,1,1,6802,1,East,2023,2,453000
7069,909,2,2,33,1,0,2810,1,North,2022,8,224000
7070,1080,2,1,40,1,1,3496,1,East,2021,5,224000
7071,2032,4,3,6,1,1,11915,1,North,2021,5,409000
7072,2112,3,2,20,1,2,9258,1,West,2022,9,329000
7073,1738,3,1,24,1,2,5215,2,East,2022,6,415000
7074,1545,3,1,5,1,2,8602,2,North,2021,7,353000
7075,2130,3,2,21,0,2,10721,1,East,2021,2,394000
7076,1446,3,1,3,1,2,6056,1,Central,2022,8,372000
7077,2338,3,1,2,1,1,11109,1,South,2021,6,373000
7078,1924,3,2,7,0,2,5804,2,Central,2021,5,462000
7079,2405,3,1,32,1,2,4972,2,Central,2021,3,429000
7080,2999,4,2,45,1,1,13009,2,West,2023,2,452000
7081,1908,3,1,13,1,1,5074,1,Central,2021,8,387000
7082,2757,4,3,26,1,1,15560,2,East,2021,7,633000
7083,2176,4,2,2,0,3,10916,1,East,2023,6,512000
7084,2480,3,1,44,1,2,6026,2,Central,2022,4,440000
7085,2182,4,1,21,0,2,7461,1,South,2021,2,288000
7086,948,1,1,35,0,1,5403,1,North,2021,9,139000
7087,2008,4,2,36,1,1,11693,2,North,2022,11,362000
7088,1702,2,1,4,0,0,7217,1,West,2021,11,245000
7089,2308,4,1,18,0,0,6858,2,South,2023,3,354000
7090,1067,1,1,48,1,1,5892,1,North,2022,12,181000
7091,961,1,1,2,1,1,3237,1,Central,2021,2,235000
7092,3721,5,1,29,1,2,10254,1,East,2021,8,872000
7093,2434,4,1,48,1,1,5130,2,East,2022,10,447000
7094,1160,2,2,5,1,2,2496,1,North,2022,6,306000
7095,2088,4,1,41,0,2,10515,2,North,2022,2,395000
7096,2460,4,1,46,1,2,11158,1,North,2021,1,351000
7097,3145,4,3,33,1,2,15895,1,East,2022,5,644000
7098,998,1,1,3,1,1,2831,1,West,2021,6,215000
7099,1360,3,2,5,1,3,3732,1,West,2022,9,295000
7100,3263,5,1,1,1,3,14654,2,South,2021,11,572000
7101,1242,2,1,39,0,1,6855,1,Central,2021,7,189000
7102,1166,2,1,40,0,0,2995,1,North,2021,2,140000
7103,3870,6,2,25,0,3,21573,2,North,2022,2,822000
7104,1969,4,2,6,1,3,9304,2,Central,2021,5,474000
7105,1473,2,2,2,1,0,7476,1,South,2022,5,299000
7106,1470,3,1,33,1,0,5102,1,West,2022,4,196000
7107,1163,2,1,32,1,3,3936,1,North,2021,7,223000
7108,1252,2,1,44,1,1,7153,1,North,2023,3,221000
7109,2521,5,1,32,1,3,15052,2,West,2021,10,449000
7110,2022,4,4,39,1,1,10667,2,North,2021,12,419000
7111,2625,4,2,33,1,3,14575,2,North,2021,5,556000
7112,3860,5,2,25,1,0,12375,2,East,2021,5,880000
7113,2489,3,2,11,1,1,9934,1,South,2022,8,420000
7114,1595,2,1,44,1,3,5643,1,Central,2022,1,279000
7115,2221,4,1,26,1,1,7507,1,Central,2023,4,435000
7116,3704,5,2,9,1,1,21099,3,West,2021,4,663000
7117,3091,4,2,2,1,3,12937,3,South,2022,9,585000
7118,1489,2,2,4,1,1,4286,1,East,2022,3,343000
7119,2266,4,2,19,1,0,13452,1,West,2022,11,344000
7120,2265,3,1,4,1,1,6608,1,North,2022,12,448000
7121,4052,6,3,3,1,2,12041,1,South,2021,5,734000
7122,1078,2,1,18,0,2,4658,1,Central,2022,7,250000
7123,2400,4,2,3,1,3,7577,1,East,2023,1,583000
7124,2792,4,4,37,1,2,6384,1,West,2021,12,421000
7125,1964,3,2,15,0,1,8471,2,North,2021,12,384000
7126,1933,4,1,21,1,1,6580,2,West,2022,7,344000
7127,1589,2,1,2,1,3,9350,1,North,2022,1,331000
7128,1422,2,2,5,1,2,5714,1,Central,2022,5,318000
7129,2100,4,1,10,1,3,7169,1,North,2022,10,468000
7130,4294,5,1,37,1,3,16229,3,Central,2023,1,882000
7131,1357,2,2,35,1,1,5101,1,South,2021,9,179000
7132,1681,2,2,3,1,2,9555,2,West,2021,5,305000
7133,1991,4,3,24,1,2,10235,1,Central,2022,1,464000
7134,1528,2,1,3,0,1,6291,1,North,2023,6,326000
7135,1894,4,4,50,0,0,10268,1,South,2021,2,226000
7136,2975,5,5,47,1,3,14028,1,Central,2022,10,685000
7137,3147,5,3,20,1,2,13417,2,South,2021,6,569000
7138,1749,3,1,30,1,2,6872,2,West,2022,4,312000
7139,2490,4,2,37,1,2,12211,1,North,2022,6,440000
7140,1071,1,1,31,1,2,5699,1,West,2022,3,162000
7141,4156,6,2,30,1,1,12339,1,North,2021,7,782000
7142,1245,3,2,48,0,2,4709,1,West,2023,1,192000
7143,2932,5,4,23,1,2,8192,1,South,2023,1,536000
7144,1546,2,1,25,1,3,7310,2,East,2021,10,305000
7145,4128,5,4,40,1,2,9431,1,North,2022,7,787000
7146,3086,4,2,28,1,3,13609,2,West,2022,3,489000
7147,2915,4,4,32,1,1,10869,2,South,2023,4,536000
7148,973,1,1,3,1,3,3352,1,South,2022,3,247000
7149,1682,2,1,7,1,3,7693,1,West,2023,3,312000
7150,1766,2,1,2,1,2,9587,1,North,2023,6,429000
7151,2852,5,4,16,1,1,13466,1,Central,2022,1,671000
7152,1133,1,1,13,0,1,3591,1,West,2023,1,177000
7153,3822,6,5,50,0,2,19199,2,East,2022,2,944000
7154,2825,5,1,24,1,2,12825,1,North,2023,2,610000
7155,1568,3,1,36,1,2,7722,1,West,2021,4,189000
7156,2799,4,2,5,1,2,14919,1,North,2021,5,571000
7157,2328,3,1,39,1,2,11674,1,Central,2022,6,391000
7158,1874,3,1,24,1,0,6307,2,South,2023,5,338000
7159,2220,4,1,30,1,0,8165,2,North,2021,2,325000
7160,2261,3,1,4,0,0,10575,1,North,2022,2,363000
7161,2905,4,2,19,1,1,13698,1,Central,2022,9,596000
7162,1878,4,4,25,1,2,6589,2,West,2023,5,428000
7163,2056,4,2,22,1,3,7958,2,South,2021,12,390000
7164,2400,3,2,45,0,1,13401,2,Central,2021,11,343000
7165,3384,5,2,43,1,0,19115,2,North,2023,3,579000
7166,1271,3,1,48,1,2,4817,1,West,2023,3,214000
7167,3266,4,4,27,1,3,18802,1,West,2021,6,471000
7168,2202,4,1,49,1,1,11514,1,Central,2023,6,378000
7169,1433,2,1,39,1,3,5775,1,South,2021,5,199000
7170,1361,2,1,4,1,1,4663,1,East,2021,4,314000
7171,2024,4,3,11,1,1,7707,2,West,2021,2,333000
7172,2672,4,1,3,1,2,8851,1,South,2022,12,490000
7173,1789,3,2,1,0,2,9264,2,North,2023,4,424000
7174,3375,5,4,3,1,2,14204,3,West,2022,9,580000
7175,923,1,1,1,1,3,1963,1,West,2023,2,243000
7176,1729,2,1,31,1,1,4372,1,East,2021,12,373000
7177,4246,5,2,11,1,2,16740,2,South,2021,8,756000
7178,2741,5,1,5,0,2,15196,2,South,2021,3,507000
7179,1577,2,2,34,0,3,7336,2,West,2022,2,244000
7180,1858,3,2,39,1,2,4658,2,West,2023,5,312000
7181,981,1,1,49,1,0,2951,1,Central,2021,4,101000
7182,1816,3,1,26,1,2,9393,1,West,2021,12,277000
7183,2671,4,2,13,0,3,11596,1,West,2022,1,453000
7184,2907,5,2,5,1,0,6360,1,South,2023,4,521000
7185,1005,2,1,3,0,1,3870,1,North,2022,2,219000
7186,3598,6,5,3,1,1,11334,3,West,2022,4,708000
7187,1666,2,1,10,0,2,7203,1,North,2023,1,371000
7188,2500,5,5,50,1,1,11327,2,Central,2022,7,466000
7189,2085,3,2,1,1,1,11057,2,Central,2022,12,503000
7190,2162,3,1,3,1,2,12276,2,East,2021,12,474000
7191,1656,2,1,3,0,0,4977,1,South,2022,9,276000
7192,1627,2,2,31,1,1,9733,2,East,2022,3,404000
7193,2390,4,1,6,1,2,6597,1,West,2023,2,390000
7194,1306,3,1,13,0,1,3488,1,West,2021,4,209000
7195,3037,4,4,2,1,1,7884,1,North,2021,8,632000
7196,2384,3,1,9,1,1,10767,2,Central,2021,10,428000
7197,985,2,1,2,1,1,2976,1,West,2021,3,197000
7198,2607,5,3,18,0,2,14558,2,North,2021,4,595000
7199,3769,6,2,2,1,2,11592,1,South,2023,4,765000
7200,4133,6,1,36,1,2,19541,1,East,2021,5,901000
7201,1760,2,1,20,1,1,5178,1,North,2022,9,355000
7202,986,1,1,31,0,0,2371,1,North,2021,5,147000
7203,2271,3,3,10,1,3,8936,1,North,2022,10,470000
7204,1299,2,1,8,1,1,7320,1,Central,2022,7,301000
7205,3817,6,3,2,0,1,17599,3,North,2022,12,877000
7206,1134,2,1,18,1,3,5665,1,South,2023,5,297000
7207,1153,2,2,17,1,2,2307,1,South,2022,6,243000
7208,2356,3,1,14,0,2,5348,1,West,2021,3,299000
7209,1891,4,2,33,1,2,4220,1,West,2021,1,321000
7210,2954,4,4,39,1,1,8222,1,Central,2021,10,576000
7211,2242,4,3,33,0,3,8049,1,West,2021,6,303000
7212,1029,1,1,2,0,3,5802,1,East,2023,5,322000
7213,1034,1,1,24,1,1,4592,1,East,2021,8,231000
7214,2140,4,4,2,1,3,12586,1,West,2022,7,406000
7215,1074,1,1,29,0,2,2457,1,North,2022,10,199000
7216,1630,2,1,8,1,2,5833,2,West,2022,11,314000
7217,1636,3,1,2,1,1,8542,1,North,2021,11,409000
7218,3180,5,3,41,1,2,9574,2,Central,2022,10,646000
7219,3866,5,2,24,1,1,9670,3,East,2021,7,921000
7220,4382,5,2,6,1,2,16363,1,East,2021,9,959000
7221,4438,6,3,1,0,1,26251,3,East,2022,4,1045000
7222,1233,3,2,18,1,2,6296,1,West,2022,9,230000
7223,1387,2,1,45,1,2,4950,1,East,2022,2,314000
7224,2079,4,1,23,0,3,9665,2,East,2021,11,416000
7225,3499,5,3,49,0,1,10841,3,South,2022,12,520000
7226,4392,6,3,2,0,3,9948,1,North,2023,5,895000
7227,3054,4,2,21,1,1,6464,1,North,2022,1,554000
7228,1178,2,1,37,0,3,5627,1,North,2021,10,206000
7229,4062,6,5,18,1,2,11696,2,Central,2021,12,927000
7230,2056,3,1,2,1,3,5616,2,West,2021,2,408000
7231,1038,2,1,22,0,2,3494,1,South,2023,4,182000
7232,2315,4,1,24,1,2,8025,2,North,2022,5,452000
7233,1452,3,1,32,0,1,8646,1,East,2021,11,234000
7234,1782,2,2,34,0,3,8605,2,East,2021,11,392000
7235,2206,4,2,35,1,3,9209,2,West,2021,9,353000
7236,2212,4,1,27,1,1,5365,2,East,2022,7,430000
7237,2068,4,2,3,1,1,9799,1,Central,2022,6,469000
7238,3147,5,1,9,1,2,17560,2,North,2023,6,686000
7239,2367,4,2,35,1,3,11845,2,South,2021,12,386000
7240,2252,3,2,47,0,1,4607,1,Central,2022,9,334000
7241,3399,5,4,2,0,3,6868,2,North,2022,6,657000
7242,4078,6,2,18,1,1,20169,3,South,2023,5,788000
7243,1345,3,2,5,0,3,3120,1,South,2023,4,344000
7244,2137,4,2,3,1,2,11674,1,East,2022,10,522000
7245,1555,2,2,16,0,1,4485,1,South,2023,3,277000
7246,1554,3,1,23,1,1,3671,1,Central,2022,12,319000
7247,2147,3,3,1,1,2,5653,2,Central,2023,5,520000
7248,2818,5,1,35,0,2,12046,2,Central,2021,2,567000
7249,1255,3,1,38,1,3,2744,1,South,2022,2,251000
7250,2994,5,2,48,1,2,16037,1,Central,2022,8,552000
7251,3053,5,2,3,0,2,12117,1,West,2021,2,479000
7252,3733,5,4,22,1,3,8503,2,South,2021,11,747000
7253,991,1,1,11,0,2,4908,1,North,2021,9,203000
7254,3953,6,3,5,0,3,21761,2,West,2022,8,718000
7255,1916,3,2,20,0,3,9283,1,West,2023,3,316000
7256,1975,4,4,35,1,3,6065,1,North,2022,7,421000
7257,1322,2,1,1,0,0,7664,1,East,2022,5,277000
7258,1166,1,1,48,0,2,4896,1,Central,2022,6,187000
7259,2660,4,3,37,1,2,5577,2,South,2022,6,486000
7260,1911,4,3,33,1,2,6090,1,South,2022,7,312000
7261,910,1,1,34,1,2,3844,1,Central,2022,9,203000
7262,900,2,2,8,0,3,4188,1,North,2022,8,302000
7263,2136,3,2,33,1,1,5095,2,Central,2022,8,430000
7264,1039,1,1,8,1,2,4117,1,West,2021,10,156000
7265,2853,4,3,43,1,1,8128,1,South,2022,9,470000
7266,1193,1,1,3,0,1,6448,1,North,2022,10,216000
7267,1380,3,2,4,1,2,4419,1,North,2023,5,374000
7268,2148,3,3,19,1,1,11485,1,South,2022,7,383000
7269,1609,2,1,5,1,1,4840,1,West,2023,6,317000
7270,2305,4,1,11,0,2,7198,1,East,2021,11,422000
7271,2104,4,1,15,0,0,5181,1,West,2023,2,293000
7272,4470,5,2,41,1,1,15748,1,West,2021,10,599000
7273,2374,4,1,17,1,3,12256,2,East,2023,5,521000
7274,1388,3,2,6,0,3,3116,1,Central,2021,1,301000
7275,1907,4,2,3,1,1,7278,2,West,2022,2,391000
7276,2510,5,4,10,0,1,11484,2,Central,2021,2,602000
7277,2385,3,1,17,1,3,9458,1,South,2021,5,393000
7278,1340,3,1,33,1,0,5108,1,West,2023,3,189000
7279,3318,5,3,2,1,2,13691,2,East,2022,2,701000
7280,1900,3,2,3,0,2,8501,1,Central,2022,8,410000
7281,2212,3,3,8,1,2,5064,2,East,2023,2,549000
7282,1136,2,2,6,1,3,2827,1,South,2021,2,282000
7283,907,1,1,8,1,1,2241,1,South,2022,8,201000
7284,2162,3,3,36,1,2,4842,1,South,2022,10,333000
7285,1282,2,1,5,0,2,3389,1,South,2022,1,241000
7286,1794,2,2,16,1,3,7951,2,East,2022,9,508000
7287,2022,4,2,24,0,3,8118,2,Central,2021,11,432000
7288,1474,2,2,3,1,2,4464,1,North,2021,2,300000
7289,3948,5,2,31,1,3,17697,3,South,2021,12,761000
7290,2905,5,3,19,0,0,16779,2,Central,2022,11,612000
7291,2756,4,2,12,1,1,11388,2,South,2022,10,477000
7292,1067,2,2,37,1,0,2332,1,Central,2021,5,170000
7293,1561,3,2,3,1,1,3775,2,South,2021,4,322000
7294,2000,3,1,42,1,2,4760,1,East,2022,8,362000
7295,1287,2,1,20,0,3,2887,1,North,2022,6,267000
7296,3726,5,5,23,1,2,12591,3,Central,2022,8,924000
7297,1169,1,1,42,1,2,4164,1,Central,2022,9,243000
7298,1682,2,1,38,1,1,6492,1,Central,2021,1,316000
7299,2033,3,2,23,1,2,11139,2,North,2021,7,370000
7300,2241,4,3,33,0,2,8323,1,Central,2021,1,407000
7301,1145,1,1,11,0,2,3806,1,Central,2023,3,297000
7302,2130,3,2,19,1,1,9625,2,East,2023,3,465000
7303,1527,2,1,2,1,2,5830,1,West,2022,5,264000
7304,3327,4,2,2,1,2,11506,3,Central,2022,4,737000
7305,1178,1,1,39,1,2,5148,1,East,2022,5,255000
7306,3792,6,4,2,1,1,21028,1,North,2021,7,892000
7307,3165,5,2,3,1,1,16528,3,Central,2021,2,715000
7308,1444,2,1,36,1,1,4187,1,East,2022,6,314000
7309,3329,5,2,1,1,2,15026,2,Central,2022,5,719000
7310,1175,2,2,4,1,2,6442,1,East,2023,6,364000
7311,3923,6,4,22,1,3,12870,3,North,2021,4,880000
7312,1793,2,1,22,0,2,7810,2,East,2021,12,376000
7313,2474,4,4,35,0,1,12151,1,West,2021,8,296000
7314,1671,3,2,16,0,2,5210,1,North,2021,1,330000
7315,1086,2,1,17,0,2,4297,1,East,2021,6,193000
7316,3640,6,4,31,0,1,16062,2,North,2022,8,781000
7317,1196,1,1,16,1,2,2789,1,West,2021,8,215000
7318,1714,3,2,23,1,1,10097,2,Central,2021,7,396000
7319,2253,4,4,43,1,1,11880,2,West,2021,7,321000
7320,3967,6,5,9,1,2,20008,1,West,2022,2,690000
7321,1532,2,1,8,1,2,7452,2,South,2023,3,335000
7322,2064,4,1,1,0,2,8949,2,East,2022,4,526000
7323,1879,3,1,24,1,1,8461,2,East,2022,4,465000
7324,3218,5,2,1,1,3,15990,1,West,2021,3,531000
7325,1537,3,3,16,1,2,8862,2,Central,2021,12,336000
7326,1403,3,2,37,0,3,5776,1,West,2021,5,227000
7327,1092,1,1,19,1,2,4542,1,Central,2022,8,281000
7328,2829,5,2,4,1,2,15311,2,Central,2022,5,658000
7329,919,2,1,36,0,1,2994,1,North,2022,8,134000
7330,1756,3,2,4,1,2,5037,2,East,2021,5,447000
7331,950,1,1,32,0,2,2063,1,Central,2021,12,164000
7332,3493,5,1,24,1,1,7048,1,Central,2021,8,629000
7333,4048,6,1,3,1,2,13209,1,South,2022,7,758000
7334,1623,3,2,44,1,2,4635,1,West,2021,11,245000
7335,1791,2,1,3,0,2,5477,2,East,2021,4,421000
7336,1004,2,1,50,0,1,2859,1,North,2022,12,194000
7337,1188,1,1,1,1,1,3629,1,Central,2023,3,309000
7338,1175,2,2,4,0,1,6193,1,Central,2021,5,254000
7339,1729,2,1,3,1,2,4662,1,East,2023,5,455000
7340,2333,4,2,1,1,1,12015,2,North,2022,12,527000
7341,3949,6,1,32,1,0,21303,1,Central,2022,4,842000
7342,2345,3,1,29,0,3,4710,1,East,2022,8,407000
7343,1609,2,2,36,1,1,4208,1,North,2022,10,295000
7344,1839,3,2,4,1,2,10687,2,North,2021,4,396000
7345,1693,2,1,12,1,3,6559,1,North,2023,3,409000
7346,1054,2,1,27,1,2,3531,1,West,2021,8,147000
7347,1616,3,3,12,1,2,6119,2,South,2021,5,338000
7348,2106,4,4,30,0,3,5916,2,North,2022,1,454000
7349,2723,4,2,25,0,3,13167,1,Central,2021,8,583000
7350,3851,6,1,2,1,2,17191,2,Central,2021,9,948000
7351,2031,3,1,35,0,1,10601,1,North,2021,5,269000
7352,1219,3,3,31,1,2,6289,1,South,2022,12,230000
7353,2405,4,3,27,1,3,5669,1,East,2022,1,488000
7354,2419,4,2,3,1,3,8944,1,North,2022,6,522000
7355,1410,2,1,4,0,3,5803,1,North,2023,2,319000
7356,2881,5,1,8,1,2,9697,1,South,2022,7,564000
7357,3975,5,1,4,1,2,9605,1,Central,2022,6,913000
7358,4214,5,2,3,0,1,22819,2,Central,2023,3,922000
7359,932,1,1,37,0,0,2389,1,Central,2021,9,144000
7360,2839,4,1,25,1,2,16877,1,West,2023,3,422000
7361,2583,5,4,20,1,1,7256,2,West,2022,10,448000
7362,2464,3,1,3,0,1,6824,2,East,2023,3,507000
7363,2369,3,3,45,0,3,12405,2,East,2022,12,443000
7364,3475,5,3,3,0,0,13996,1,West,2021,1,506000
7365,1750,3,1,36,1,3,4128,2,West,2021,11,263000
7366,1658,3,3,48,1,0,8631,1,North,2023,2,334000
7367,1873,3,2,32,1,3,5059,1,South,2021,3,330000
7368,2395,4,1,50,1,2,8509,2,Central,2022,3,426000
7369,1301,2,1,26,1,1,3773,1,South,2021,6,218000
7370,3574,6,2,3,1,2,10696,3,South,2022,5,765000
7371,2157,3,2,3,0,3,4565,1,East,2021,10,476000
7372,2082,4,1,5,1,2,10548,2,South,2021,7,407000
7373,1085,2,2,1,0,2,2399,1,North,2021,5,279000
7374,1797,2,2,28,1,3,10393,2,South,2021,4,319000
7375,1156,1,1,4,0,1,6556,1,West,2021,5,146000
7376,1290,3,1,38,0,3,5435,1,South,2022,11,194000
7377,2449,4,3,6,0,1,14433,1,West,2023,4,358000
7378,1613,3,1,14,1,2,8475,2,North,2021,4,376000
7379,1725,2,1,48,1,1,10274,2,North,2021,4,289000
7380,1154,1,1,3,1,2,2368,1,Central,2023,2,298000
7381,1995,3,3,31,1,0,11084,1,West,2023,5,305000
7382,1353,2,1,34,1,1,5496,1,West,2023,2,185000
7383,3754,6,5,3,1,2,13953,2,North,2023,5,930000
7384,2356,4,3,16,0,2,11258,2,South,2021,11,370000
7385,1635,2,1,6,1,2,3971,1,Central,2021,11,387000
7386,1804,3,1,35,0,2,9177,1,North,2022,10,329000
7387,1371,3,3,24,1,1,5495,1,Central,2021,10,277000
7388,4253,5,2,14,1,3,13653,2,East,2021,11,969000
7389,996,2,1,35,1,1,4789,1,West,2022,10,148000
7390,2134,3,1,3,0,1,6245,2,West,2022,6,359000
7391,2282,4,3,33,1,2,8195,2,East,2023,2,537000
7392,1113,1,1,41,1,2,3644,1,South,2021,12,142000
7393,2985,4,2,42,1,0,15867,2,West,2021,1,392000
7394,1999,4,2,36,1,1,7711,2,Central,2021,5,366000
7395,1597,3,1,10,1,3,6283,2,North,2022,11,366000
7396,1219,2,2,49,1,2,2890,1,South,2021,11,140000
7397,1230,3,1,8,0,2,3117,1,South,2023,2,257000
7398,2663,4,1,25,1,3,6465,1,East,2022,2,664000
7399,2245,3,1,3,1,0,8123,2,North,2022,12,404000
7400,943,1,1,49,1,2,2284,1,Central,2021,3,152000
7401,1462,2,1,30,1,1,6226,1,East,2021,1,242000
7402,2134,3,2,33,1,0,11950,2,Central,2022,11,370000
7403,1726,2,1,2,1,1,10111,2,Central,2022,12,450000
7404,1860,4,1,34,0,2,10051,2,North,2021,3,351000
7405,2093,4,2,35,1,0,11487,2,North,2022,2,423000
7406,1553,3,2,28,1,2,9313,2,Central,2023,5,340000
7407,1906,4,1,4,1,3,10675,1,East,2022,7,463000
7408,3704,5,2,15,0,2,21841,2,North,2021,4,808000
7409,1269,3,1,2,0,1,7171,1,Central,2023,6,305000
7410,1654,2,1,14,1,1,4159,2,East,2021,1,400000
7411,2485,4,4,3,1,2,8288,1,South,2022,5,477000
7412,2283,4,1,5,0,1,13078,1,East,2021,4,441000
7413,1123,1,1,3,1,3,4420,1,Central,2021,9,308000
7414,3497,5,1,3,1,3,18577,1,North,2022,5,651000
7415,1716,3,1,2,1,2,6531,1,South,2022,5,347000
7416,1842,4,4,45,0,1,4219,1,South,2022,11,276000
7417,2249,3,3,18,1,3,8564,2,Central,2022,8,508000
7418,1344,2,1,9,1,2,2723,1,West,2023,5,274000
7419,1232,2,1,18,1,2,4410,1,East,2023,2,332000
7420,2516,5,5,25,1,1,9162,1,West,2022,5,408000
7421,1071,2,1,45,0,2,4904,1,South,2021,8,100000
7422,2414,4,2,3,1,3,7474,1,East,2021,1,476000
7423,1883,4,2,4,1,1,11238,1,Central,2022,9,445000
7424,2199,3,1,49,1,3,11711,2,East,2022,10,407000
7425,1723,2,2,7,1,0,4141,1,Central,2022,10,426000
7426,2006,3,1,1,0,3,7804,2,West,2021,12,345000
7427,1148,1,1,2,1,2,3376,1,North,2021,4,268000
7428,1610,2,1,1,1,1,8854,2,West,2022,12,306000
7429,1644,2,1,50,1,0,8811,2,North,2021,11,249000
7430,2196,3,1,4,0,2,8149,1,East,2022,10,486000
7431,1386,2,1,45,0,1,5928,1,West,2023,3,195000
7432,2305,4,2,50,1,2,6374,2,Central,2022,2,432000
7433,1510,3,2,23,0,1,5838,1,South,2021,1,171000
7434,1058,2,1,1,1,0,6250,1,Central,2022,4,270000
7435,1280,3,1,2,0,2,4315,1,Central,2021,7,294000
7436,3290,4,2,15,1,2,10758,2,North,2023,6,649000
7437,991,1,1,9,1,2,3743,1,Central,2022,5,231000
7438,1154,2,2,23,1,2,4061,1,South,2021,6,254000
7439,1061,1,1,12,1,2,4596,1,North,2021,2,220000
7440,1411,2,2,46,1,2,6037,1,Central,2021,11,207000
7441,1694,2,1,18,1,1,8095,2,South,2021,2,303000
7442,1533,2,1,29,1,1,7465,1,West,2021,9,215000
7443,1246,2,1,43,1,1,6535,1,East,2022,10,248000
7444,2378,4,1,2,1,2,6859,2,South,2021,7,392000
7445,2241,3,2,3,1,2,11918,2,West,2022,11,369000
7446,2562,5,3,2,1,2,8956,2,North,2023,3,625000
7447,1662,2,1,2,1,2,5903,1,South,2021,11,318000
7448,1264,3,1,17,0,1,7080,1,Central,2021,1,232000
7449,2261,3,1,5,0,2,4829,2,Central,2021,10,446000
7450,1057,1,1,11,0,0,5179,1,East,2021,11,195000
7451,2319,3,1,49,0,2,13674,1,North,2021,1,321000
7452,2150,4,2,3,1,2,9896,1,East,2021,4,502000
7453,1009,1,1,19,1,3,4667,1,Central,2021,6,235000
7454,1729,3,1,2,1,3,8573,1,North,2021,3,415000
7455,3000,4,3,5,0,2,6361,2,North,2022,4,646000
7456,3739,6,4,18,1,3,11441,3,Central,2022,7,951000
7457,1925,3,1,47,1,1,9428,2,East,2021,12,369000
7458,2172,4,1,8,1,1,12005,1,North,2022,3,421000
7459,1560,2,1,2,1,3,5322,2,North,2022,12,360000
7460,1255,2,2,8,1,3,5755,1,Central,2022,10,350000
7461,2425,4,2,2,1,2,5449,1,East,2023,6,564000
7462,2050,4,2,3,0,1,7707,2,North,2023,6,462000
7463,4251,6,3,24,1,3,19488,3,Central,2021,7,961000
7464,1798,2,2,2,1,1,4147,1,Central,2022,11,410000
7465,1622,2,1,13,1,1,7423,1,North,2023,2,381000
7466,2306,3,1,23,0,2,11692,2,East,2021,11,402000
7467,2887,5,2,10,0,0,12945,1,South,2021,7,503000
7468,1967,3,1,1,1,1,11376,2,East,2022,2,515000
7469,2342,3,2,49,1,3,11507,1,South,2021,3,327000
7470,1738,2,1,7,1,1,7863,1,South,2021,10,311000
7471,2757,4,1,35,1,3,7967,2,West,2021,12,440000
7472,940,1,1,5,1,3,2720,1,East,2022,1,274000
7473,2997,5,3,14,0,3,13792,2,South,2023,4,546000
7474,2324,3,1,8,1,3,9181,1,North,2021,2,406000
7475,2049,3,1,5,0,2,8124,1,Central,2021,3,401000
7476,2173,3,2,1,1,2,7273,1,North,2021,6,424000
7477,1902,4,1,6,1,3,8300,1,West,2022,9,385000
7478,1455,3,2,43,0,2,3348,1,North,2021,1,194000
7479,3214,4,4,29,1,2,7603,1,West,2021,9,478000
7480,2102,4,1,2,1,2,9573,1,North,2021,9,412000
7481,1795,3,2,22,0,2,8202,1,South,2021,3,278000
7482,1480,2,2,43,0,2,8741,1,West,2021,6,173000
7483,1792,3,2,30,1,2,6053,1,South,2022,6,330000
7484,2157,3,1,2,1,2,10221,1,East,2022,3,461000
7485,1957,4,4,41,1,2,10634,1,North,2022,7,414000
7486,1932,4,2,5,1,2,5642,2,South,2023,6,440000
7487,2350,3,2,13,1,1,12011,1,West,2022,3,302000
7488,3980,5,3,18,1,2,20275,1,North,2022,3,816000
7489,1882,4,2,40,1,0,4453,1,North,2022,4,332000
7490,3389,5,3,46,1,3,8482,2,South,2022,3,514000
7491,1513,3,1,46,1,3,7605,2,North,2021,12,298000
7492,2482,3,1,1,1,2,11748,2,North,2022,1,474000
7493,2168,3,2,45,0,3,9362,2,South,2021,10,310000
7494,1765,3,2,2,0,2,10394,1,North,2022,2,399000
7495,2571,5,2,4,0,0,14413,1,Central,2022,9,604000
7496,1443,2,1,17,1,2,2985,1,North,2023,4,343000
7497,1058,1,1,14,1,1,2899,1,Central,2023,4,286000
7498,2961,5,1,23,1,1,14628,2,Central,2022,5,666000
7499,1202,3,2,14,1,2,4850,1,North,2023,3,337000
7500,2440,3,1,46,1,2,8012,1,North,2022,11,367000
7501,1870,4,1,3,1,2,8943,2,North,2021,7,445000
7502,3055,4,3,4,0,2,11103,2,East,2022,1,652000
7503,1275,3,2,45,1,1,2823,1,West,2021,9,157000
7504,1364,2,1,2,1,2,7247,1,West,2021,7,246000
7505,1601,2,1,23,0,1,9020,2,East,2023,2,407000
7506,4295,5,2,28,1,1,9048,3,North,2021,6,833000
7507,2254,3,1,16,1,2,12893,1,Central,2021,2,425000
7508,2119,4,3,29,0,1,8773,1,South,2022,8,294000
7509,1989,4,2,3,1,0,6773,2,Central,2021,10,418000
7510,4252,6,3,40,1,1,9930,2,South,2022,6,683000
7511,2690,5,3,2,1,2,10996,2,South,2023,2,626000
7512,4405,6,2,9,1,3,13445,1,Central,2021,4,906000
7513,919,2,1,2,1,3,2573,1,East,2022,2,311000
7514,1534,3,1,19,1,2,8072,1,West,2022,6,264000
7515,2478,4,2,28,0,2,6986,2,East,2023,5,460000
7516,2873,5,3,46,1,1,8615,1,Central,2021,12,539000
7517,1535,3,3,32,0,1,5741,1,Central,2021,7,264000
7518,1144,2,2,19,1,2,2568,1,East,2021,3,275000
7519,2829,5,3,46,0,2,16931,2,South,2023,6,518000
7520,964,1,1,14,1,2,3941,1,West,2022,8,167000
7521,2275,4,3,20,1,1,8580,1,Central,2022,8,445000
7522,2152,4,4,23,1,1,9718,2,West,2022,11,365000
7523,2439,3,1,10,0,1,12265,2,Central,2022,9,441000
7524,2897,5,1,39,1,2,16467,1,South,2021,1,422000
7525,1795,3,1,3,0,1,5631,2,Central,2022,12,408000
7526,2137,3,2,20,1,2,5513,1,North,2022,6,425000
7527,2300,4,2,31,1,0,12899,1,South,2022,4,326000
7528,2110,4,2,44,1,2,6419,1,East,2023,4,423000
7529,2385,4,3,42,1,0,11484,2,West,2021,2,346000
7530,1464,3,3,16,1,1,5643,1,South,2021,3,264000
7531,1057,1,1,26,0,1,2723,1,Central,2023,2,231000
7532,1527,3,3,9,1,1,7944,2,Central,2021,11,367000
7533,1189,2,1,14,1,1,4712,1,West,2022,1,216000
7534,1931,3,1,44,1,3,6103,1,North,2021,4,319000
7535,2920,4,2,46,1,1,6080,2,North,2022,6,542000
7536,3157,5,4,43,0,0,11454,1,East,2022,4,587000
7537,2830,5,3,2,1,2,11317,2,West,2023,6,569000
7538,1714,2,1,40,1,2,4322,2,North,2021,2,322000
7539,1699,3,2,47,1,1,7749,1,West,2023,3,282000
7540,2136,4,1,6,1,2,5468,2,East,2022,10,494000
7541,1574,3,1,17,1,2,6473,1,West,2022,12,283000
7542,968,2,1,35,1,1,4760,1,East,2021,6,227000
7543,1645,3,3,20,1,2,6727,2,West,2022,5,337000
7544,4356,5,2,50,1,1,9133,2,North,2022,12,802000
7545,1032,1,1,13,0,0,5032,1,South,2023,4,191000
7546,1082,2,1,31,1,3,4926,1,Central,2021,8,259000
7547,3395,4,3,36,1,1,14716,3,South,2022,9,549000
7548,932,2,2,15,1,1,3115,1,Central,2021,5,248000
7549,2707,5,1,41,1,3,9968,2,North,2021,9,541000
7550,2610,4,3,19,1,2,6982,1,East,2023,3,665000
7551,3998,6,5,10,1,2,19343,2,South,2022,2,785000
7552,1797,2,2,2,0,2,3885,2,Central,2022,4,448000
7553,1702,2,1,9,1,2,5529,2,Central,2022,7,445000
7554,1633,3,2,32,0,2,4995,1,South,2023,3,317000
7555,2185,3,1,45,1,0,11271,2,South,2021,8,299000
7556,2258,3,3,4,0,2,7926,2,West,2021,4,354000
7557,1297,3,1,6,1,1,4866,1,Central,2021,11,335000
7558,2274,3,2,3,1,0,12786,1,West,2022,12,344000
7559,2102,4,2,29,1,2,6081,2,Central,2023,3,464000
7560,3039,5,4,48,1,2,16551,3,North,2022,2,622000
7561,3139,4,2,26,0,1,8629,1,West,2021,10,404000
7562,2319,4,2,24,0,1,9472,2,West,2021,6,297000
7563,1504,3,2,20,1,2,3793,2,North,2021,12,314000
7564,2763,5,4,2,1,2,14019,2,West,2023,3,560000
7565,1651,3,3,32,1,3,8858,1,Central,2021,1,391000
7566,2876,5,1,23,0,2,16238,2,Central,2022,6,628000
7567,3727,5,3,27,1,3,13318,1,South,2023,4,711000
7568,1520,3,1,43,1,2,5486,1,South,2022,6,239000
7569,3236,4,4,36,1,2,9914,2,East,2023,1,682000
7570,972,2,1,35,1,3,2939,1,North,2021,6,232000
7571,1614,2,2,45,1,3,3901,2,Central,2021,9,351000
7572,1814,4,4,50,0,2,6837,1,North,2021,5,307000
7573,1571,3,1,22,0,2,8591,2,West,2023,3,281000
7574,3004,4,4,2,1,1,9039,2,South,2021,9,560000
7575,981,1,1,13,1,3,5572,1,East,2022,10,292000
7576,1379,2,1,36,0,2,5337,1,North,2021,7,179000
7577,2421,4,1,1,1,3,8144,1,South,2022,10,424000
7578,3155,5,1,2,1,1,8608,2,East,2022,2,725000
7579,3563,6,1,2,1,1,18088,1,West,2023,5,673000
7580,2870,5,3,32,0,2,9222,2,West,2022,8,438000
7581,2172,4,1,16,1,3,11683,2,North,2022,3,451000
7582,2362,3,2,7,1,3,8513,2,North,2023,5,513000
7583,1325,3,2,2,0,1,6880,1,West,2022,10,244000
7584,1277,2,1,32,1,2,7355,1,Central,2023,1,285000
7585,2414,4,2,5,1,0,5936,1,South,2021,11,317000
7586,2326,4,4,4,1,2,10166,2,South,2023,1,476000
7587,1660,2,1,26,1,2,3761,2,North,2022,11,388000
7588,3344,5,2,20,1,2,11646,1,North,2022,4,604000
7589,2232,4,2,6,1,3,8583,2,North,2022,11,507000
7590,1172,2,1,26,1,1,3504,1,East,2023,4,263000
7591,1441,3,3,4,1,2,6845,1,Central,2022,5,334000
7592,2542,4,3,36,0,2,6543,2,North,2021,8,523000
7593,3252,4,1,3,1,1,13702,3,West,2021,6,515000
7594,2573,4,1,3,1,3,8518,1,East,2021,9,655000
7595,1211,2,1,35,1,3,5533,1,Central,2022,5,284000
7596,3580,6,2,30,1,1,7577,3,West,2021,6,622000
7597,1121,1,1,3,0,2,5049,1,Central,2021,9,232000
7598,1431,2,1,2,1,1,4734,1,West,2023,6,264000
7599,3600,5,4,39,1,2,16208,3,Central,2023,6,892000
7600,1003,2,1,35,1,2,3428,1,South,2022,8,201000
7601,2343,3,2,5,0,0,12976,2,South,2023,1,380000
7602,1136,2,1,27,0,3,3452,1,Central,2023,1,290000
7603,2145,3,2,2,0,2,7143,2,West,2021,6,287000
7604,3895,5,4,16,1,3,15993,3,North,2022,9,926000
7605,1795,3,1,1,1,0,3902,2,Central,2021,6,425000
7606,1798,2,1,8,0,3,6587,1,South,2022,10,323000
7607,1438,2,1,2,1,2,4672,1,South,2021,3,243000
7608,2273,3,2,14,1,1,8724,1,West,2021,9,286000
7609,1855,3,1,10,0,1,5922,1,East,2021,8,404000
7610,1483,2,1,12,1,3,4305,1,East,2021,5,332000
7611,2241,4,2,1,1,2,10456,1,South,2021,11,403000
7612,1083,2,1,6,1,2,2681,1,Central,2021,1,279000
7613,4072,6,3,34,1,3,15573,3,Central,2022,2,962000
7614,2368,4,4,7,1,0,5176,1,North,2021,3,421000
7615,1471,2,2,31,1,2,6094,1,South,2022,6,237000
7616,2026,3,1,7,0,2,5955,2,North,2022,2,411000
7617,2365,3,2,11,0,2,8042,1,Central,2022,12,431000
7618,2609,5,4,20,1,1,8204,2,Central,2022,9,677000
7619,4285,6,3,47,0,2,11594,2,East,2022,10,895000
7620,2254,3,2,2,0,2,12778,1,Central,2021,10,388000
7621,3091,4,2,1,1,2,15842,2,West,2022,2,503000
7622,1967,3,2,23,1,2,11173,1,East,2021,1,438000
7623,1590,3,1,47,0,1,5484,1,South,2022,1,178000
7624,2070,3,2,50,0,3,6515,1,South,2022,2,249000
7625,2320,3,2,15,1,2,13488,1,South,2022,8,381000
7626,2282,4,1,14,1,3,11473,2,East,2023,4,538000
7627,2938,4,4,26,1,0,12183,2,North,2021,6,576000
7628,1707,2,1,20,1,1,6055,1,North,2022,4,361000
7629,3671,5,5,25,0,1,7569,3,North,2021,9,858000
7630,3312,4,1,42,0,2,9127,3,West,2022,1,422000
7631,1785,3,3,33,0,1,6173,1,Central,2021,1,296000
7632,2164,4,1,16,0,2,6477,1,Central,2022,1,431000
7633,2012,3,3,13,1,3,4892,2,West,2023,1,431000
7634,4017,5,2,26,1,1,14845,1,West,2022,12,588000
7635,1946,3,2,13,1,1,10350,2,East,2022,2,447000
7636,1573,3,1,13,1,3,5105,2,South,2022,9,338000
7637,1762,2,1,1,0,1,4275,1,South,2022,1,341000
7638,2147,3,3,3,0,2,6544,2,North,2022,11,431000
7639,1514,3,1,15,1,1,3652,2,West,2022,6,280000
7640,1353,2,2,38,1,2,6849,1,North,2021,6,193000
7641,1961,3,2,4,1,1,9065,2,West,2022,1,363000
7642,1923,3,3,17,1,2,4096,1,North,2021,3,391000
7643,2164,4,4,5,1,2,5192,2,South,2023,5,500000
7644,1232,2,1,2,0,2,5783,1,Central,2023,6,295000
7645,1280,2,2,48,0,1,4927,1,North,2022,3,194000
7646,2023,3,1,40,0,2,5845,2,East,2023,1,403000
7647,2383,4,2,2,1,1,10874,1,North,2022,8,461000
7648,1548,3,2,31,0,3,7309,1,North,2021,4,300000
7649,2041,4,1,5,1,2,4731,2,West,2021,7,405000
7650,2446,4,3,50,1,1,6549,1,West,2021,10,321000
7651,1231,2,1,5,1,1,5303,1,North,2021,8,271000
7652,1523,2,2,3,0,0,8037,2,Central,2022,10,309000
7653,1146,1,1,21,1,0,3370,1,West,2023,2,196000
7654,3077,4,2,39,1,2,16062,1,South,2022,6,480000
7655,3059,5,2,3,0,1,12477,1,South,2022,11,519000
7656,2720,5,1,30,0,3,8505,1,West,2023,2,426000
7657,2885,5,2,2,1,1,17116,1,West,2021,3,460000
7658,2385,3,1,45,0,2,11543,1,North,2021,6,301000
7659,2164,4,3,2,1,1,10163,2,South,2023,2,473000
7660,2363,4,3,45,1,1,5998,2,South,2021,12,360000
7661,1160,1,1,15,0,3,4523,1,South,2022,7,277000
7662,1969,4,3,12,1,3,5004,2,South,2021,2,419000
7663,3485,4,1,49,1,2,13137,2,Central,2021,7,570000
7664,2064,4,3,50,0,2,8172,2,West,2021,11,261000
7665,2059,4,3,26,0,3,4983,2,West,2023,6,370000
7666,1306,3,2,2,1,2,4292,1,South,2022,2,335000
7667,1601,3,2,16,0,1,7346,1,North,2021,6,337000
7668,2344,3,1,18,0,0,14022,1,North,2021,3,308000
7669,2536,5,4,17,0,2,7046,1,East,2022,9,651000
7670,1892,4,1,21,0,2,10094,1,South,2022,3,289000
7671,3111,5,4,1,1,2,6277,3,North,2021,10,705000
7672,1617,2,2,31,1,1,7054,2,North,2022,5,339000
7673,3031,5,4,31,1,3,14320,2,Central,2022,3,667000
7674,1739,2,2,2,1,2,5438,2,West,2021,2,301000
7675,1910,3,2,21,1,2,7544,2,North,2021,11,415000
7676,1607,3,2,21,0,0,9063,1,West,2023,1,287000
7677,2808,4,2,29,0,3,8451,2,West,2021,11,413000
7678,3728,6,5,2,1,2,21057,2,South,2021,3,769000
7679,1119,1,1,25,1,2,2246,1,North,2021,11,206000
7680,1222,2,1,4,1,3,3383,1,Central,2021,5,305000
7681,3523,6,3,16,0,3,18225,3,South,2021,9,707000
7682,2391,4,4,35,0,1,14066,1,Central,2021,4,366000
7683,2442,4,3,30,1,3,12275,1,North,2021,10,454000
7684,2307,4,3,2,1,2,10105,2,East,2021,5,482000
7685,1182,1,1,22,1,0,3120,1,North,2022,12,226000
7686,3442,5,2,48,0,1,14679,3,West,2022,11,456000
7687,3067,4,2,3,1,2,6682,1,Central,2022,3,695000
7688,2124,4,2,40,0,2,7666,1,East,2021,11,379000
7689,2170,4,1,30,0,2,11528,2,North,2022,1,384000
7690,3085,4,2,35,1,1,13635,2,South,2021,6,453000
7691,1485,2,2,4,1,3,7507,1,Central,2022,3,365000
7692,2659,4,1,4,1,3,8783,2,West,2021,3,475000
7693,996,2,1,44,1,2,4975,1,South,2023,6,171000
7694,1639,2,1,6,1,3,3493,2,Central,2022,2,435000
7695,3972,6,3,2,1,3,18978,1,West,2021,2,675000
7696,1965,4,3,23,0,1,5856,2,North,2021,9,359000
7697,1760,3,2,2,1,2,6482,1,East,2022,2,476000
7698,1742,3,1,36,1,3,5727,2,East,2021,11,411000
7699,1872,3,2,26,0,1,9894,1,Central,2021,9,354000
7700,1275,3,2,42,1,3,5813,1,South,2021,1,220000
7701,4411,6,1,36,1,0,18616,1,Central,2023,6,839000
7702,3097,5,1,2,1,2,18162,1,Central,2023,1,648000
7703,1856,4,1,8,1,2,7607,1,West,2021,1,307000
7704,1839,3,1,35,0,2,10510,2,South,2022,3,313000
7705,1162,2,1,10,1,2,3430,1,Central,2021,6,293000
7706,1207,3,1,49,1,2,6655,1,East,2021,11,253000
7707,1695,3,1,32,0,2,5561,2,Central,2022,4,387000
7708,3085,4,2,1,1,2,8371,3,South,2022,2,618000
7709,2010,4,1,42,1,2,7348,1,Central,2022,2,396000
7710,3083,5,4,2,0,2,18344,2,Central,2022,12,731000
7711,1122,2,1,2,1,3,4732,1,Central,2021,1,312000
7712,2352,4,4,32,1,1,8138,2,South,2022,1,432000
7713,979,1,1,41,0,2,4087,1,East,2023,3,201000
7714,2341,3,3,18,1,0,10947,2,North,2023,1,437000
7715,1232,2,1,4,1,2,3055,1,North,2021,8,276000
7716,4312,5,2,6,0,1,17690,1,South,2021,3,677000
7717,1394,2,2,5,1,2,5864,1,Central,2023,5,348000
7718,3678,6,4,5,0,1,7554,1,West,2021,8,634000
7719,2100,4,1,3,0,0,10071,1,South,2022,9,334000
7720,4346,5,1,23,0,2,8692,3,Central,2022,12,889000
7721,2307,3,2,44,1,2,7679,1,West,2022,5,288000
7722,4220,5,2,5,1,2,11733,1,Central,2023,2,965000
7723,1490,2,1,3,1,1,6186,1,Central,2022,6,327000
7724,3340,4,1,39,0,3,13976,3,West,2021,8,415000
7725,4430,5,3,33,1,0,15900,1,South,2022,4,705000
7726,997,2,1,46,0,3,4083,1,Central,2021,10,188000
7727,1509,2,2,3,0,2,5909,2,South,2022,5,310000
7728,2258,4,1,2,0,1,5963,2,West,2022,1,381000
7729,3808,6,1,19,0,2,18652,3,Central,2022,1,916000
7730,1639,2,1,24,1,3,8831,2,North,2023,3,390000
7731,2349,4,4,15,0,2,6150,2,West,2023,1,385000
7732,1490,2,1,23,0,1,8393,1,South,2022,9,254000
7733,1290,3,3,3,1,2,7732,1,South,2023,3,317000
7734,2581,5,1,14,0,2,5266,1,North,2021,8,538000
7735,957,1,1,27,1,3,2183,1,Central,2022,5,282000
7736,2390,3,2,11,1,3,14197,1,North,2022,4,448000
7737,3843,6,1,28,1,0,16023,1,Central,2023,1,843000
7738,1256,3,2,13,1,1,7031,1,West,2022,5,267000
7739,2437,3,2,5,1,1,9008,2,West,2023,3,415000
7740,1344,2,1,5,0,3,6655,1,Central,2021,7,296000
7741,2027,3,1,10,1,2,11671,2,East,2021,11,467000
7742,1023,1,1,1,1,3,2885,1,South,2023,3,271000
7743,3391,4,2,28,1,2,16379,2,North,2023,2,626000
7744,2389,3,1,40,1,2,9244,1,East,2021,6,427000
7745,1833,4,4,6,0,1,10592,2,East,2021,9,459000
7746,2366,4,2,1,0,3,8437,2,South,2021,6,424000
7747,1568,3,2,50,0,2,3843,2,West,2022,5,188000
7748,3370,4,3,4,1,3,10367,3,East,2022,6,831000
7749,2217,3,2,2,1,1,7523,1,Central,2021,11,446000
7750,1612,2,1,7,1,2,9529,1,East,2023,3,458000
7751,1549,2,1,32,0,2,3517,2,Central,2022,12,295000
7752,2397,3,2,4,0,0,10340,2,East,2021,3,441000
7753,1547,2,1,21,1,2,6567,1,Central,2021,6,308000
7754,1992,3,1,10,1,2,7532,2,East,2023,5,476000
7755,955,2,1,2,0,1,5112,1,East,2022,7,257000
7756,2813,4,3,5,0,1,13265,2,South,2022,11,499000
7757,1436,2,1,31,1,2,3600,1,East,2022,5,253000
7758,2543,5,1,24,0,1,12550,2,Central,2022,10,568000
7759,2827,5,3,2,1,2,12661,1,South,2022,2,556000
7760,1452,2,2,3,1,2,3871,1,North,2023,2,326000
7761,2179,3,2,26,1,1,11517,1,Central,2023,3,405000
7762,1053,1,1,38,1,1,4609,1,East,2021,4,200000
7763,1935,3,3,5,1,3,10440,1,South,2021,5,381000
7764,3015,4,3,22,0,1,17271,1,East,2023,2,641000
7765,2315,4,2,3,1,2,10762,1,East,2023,1,513000
7766,1827,3,3,5,1,2,6642,2,East,2022,6,499000
7767,1056,2,1,1,1,3,3514,1,Central,2021,5,290000
7768,1652,2,1,34,1,0,8384,2,South,2022,3,276000
7769,1589,2,1,9,0,3,4688,1,West,2021,4,225000
7770,3250,5,1,38,0,2,14088,3,Central,2021,6,605000
7771,2003,3,1,30,1,0,9642,1,Central,2021,10,321000
7772,3495,4,1,39,1,1,12448,3,South,2023,5,508000
7773,1356,2,1,4,1,2,5746,1,South,2023,1,310000
7774,2371,4,2,3,1,1,12057,1,East,2022,8,522000
7775,2210,3,1,49,1,1,10049,2,Central,2022,9,373000
7776,1489,2,1,31,1,3,6197,1,West,2023,6,255000
7777,2117,3,2,39,0,1,9694,1,East,2023,5,386000
7778,2593,5,1,1,1,2,7979,2,Central,2022,7,694000
7779,2728,5,1,6,1,2,8989,1,East,2022,4,680000
7780,2043,4,1,33,0,2,9062,1,Central,2022,4,368000
7781,1897,3,1,2,1,0,4196,1,Central,2022,9,436000
7782,1303,3,2,21,1,2,3339,1,Central,2022,8,296000
7783,2652,4,3,11,1,2,13513,2,Central,2022,9,663000
7784,1035,1,1,1,1,1,3020,1,East,2023,5,291000
7785,3845,5,2,3,1,1,11377,3,North,2021,10,874000
7786,1685,2,1,4,1,0,5818,2,East,2022,11,452000
7787,2088,3,1,2,0,1,8556,1,Central,2023,5,407000
7788,4086,5,2,25,1,1,13866,3,Central,2023,5,900000
7789,950,2,1,3,1,1,5111,1,South,2022,6,243000
7790,2162,3,3,4,1,2,5608,2,North,2021,3,497000
7791,2009,3,2,43,1,2,8160,1,East,2022,8,424000
7792,1168,2,1,14,1,2,3368,1,East,2021,11,281000
7793,1688,3,2,8,0,2,6076,1,North,2022,12,361000
7794,2009,4,2,31,0,3,5750,1,West,2023,5,301000
7795,3014,5,3,44,1,3,12244,1,South,2021,2,492000
7796,1344,3,2,1,1,3,5961,1,West,2022,2,328000
7797,4293,6,2,12,1,1,23825,3,North,2022,12,888000
7798,1033,2,1,24,1,1,2403,1,Central,2022,7,241000
7799,1038,2,1,5,1,2,4566,1,West,2021,5,220000
7800,1392,3,2,35,1,1,4733,1,South,2021,7,246000
7801,1472,3,2,49,0,1,8596,1,West,2023,5,184000
7802,1102,1,1,47,1,1,4650,1,North,2022,4,155000
7803,4000,6,1,4,0,3,13850,2,Central,2021,12,883000
7804,2005,3,1,3,0,1,4158,1,West,2022,2,288000
7805,1567,2,1,48,1,2,7121,1,West,2021,4,196000
7806,1485,2,1,13,1,0,6456,1,North,2023,1,301000
7807,2701,4,4,3,1,2,6334,1,North,2021,1,597000
7808,3075,5,5,30,0,2,15000,3,East,2021,10,635000
7809,1530,3,1,4,0,1,6740,2,North,2021,2,279000
7810,1436,2,1,4,0,3,7225,1,West,2022,7,262000
7811,1152,2,1,42,1,2,6823,1,East,2022,3,256000
7812,1148,2,1,3,1,2,6315,1,South,2022,4,273000
7813,973,2,1,2,1,3,5286,1,North,2023,5,294000
7814,1873,4,1,4,1,2,10750,2,Central,2021,7,465000
7815,1340,3,1,23,1,2,4275,1,Central,2021,5,260000
7816,1932,3,2,2,1,1,7176,2,North,2021,11,424000
7817,1489,3,2,14,0,2,6350,1,South,2023,3,268000
7818,3592,6,3,25,0,0,16195,2,South,2022,6,680000
7819,3616,5,4,40,1,1,9500,2,South,2022,2,677000
7820,2288,3,2,3,1,2,4961,2,Central,2022,5,499000
7821,2024,3,2,38,1,0,7806,2,West,2021,9,295000
7822,2034,4,4,3,1,2,10420,2,Central,2022,6,515000
7823,1975,3,1,28,0,2,7963,2,Central,2021,3,346000
7824,2857,5,1,11,1,2,13510,2,West,2021,1,506000
7825,1796,2,1,2,1,1,8546,1,West,2022,1,316000
7826,2829,5,4,31,1,1,8768,1,Central,2023,5,628000
7827,3853,6,1,3,1,2,20818,2,West,2021,6,663000
7828,2209,3,1,3,0,2,12566,1,North,2021,10,398000
7829,2272,3,1,6,0,0,5279,2,West,2022,4,341000
7830,924,1,1,26,0,2,2110,1,East,2021,3,184000
7831,1212,2,1,3,0,2,7041,1,Central,2022,2,297000
7832,1774,3,3,3,0,0,10348,2,East,2021,12,433000
7833,1258,3,1,1,1,2,4897,1,North,2022,2,306000
7834,3132,5,4,14,1,1,8290,1,South,2022,9,543000
7835,1352,3,2,11,1,3,4215,1,Central,2021,7,319000
7836,2239,4,3,3,1,1,11492,2,Central,2022,10,534000
7837,1750,3,1,2,0,1,5605,1,West,2023,5,301000
7838,2052,4,2,11,1,3,10167,2,North,2023,2,528000
7839,1646,2,1,36,1,1,5072,2,North,2022,12,338000
7840,3447,5,1,31,0,2,10443,2,East,2023,3,650000
7841,2438,3,1,41,1,0,13083,2,Central,2023,3,371000
7842,1840,4,3,1,1,3,7921,2,Central,2022,7,517000
7843,1104,1,1,48,1,3,2977,1,Central,2023,1,265000
7844,2302,3,2,5,1,2,6296,2,West,2022,3,423000
7845,2883,4,1,50,0,0,16275,2,Central,2021,11,497000
7846,1760,2,1,4,1,0,7157,2,South,2021,3,306000
7847,3276,5,4,14,0,2,11765,3,North,2021,7,637000
7848,2346,4,4,6,0,1,11589,2,Central,2021,1,473000
7849,987,1,1,6,1,2,5291,1,South,2021,12,235000
7850,1015,2,1,40,1,2,6009,1,West,2021,9,159000
7851,2358,4,1,33,1,3,9368,2,West,2021,4,365000
7852,1656,3,2,50,1,1,4540,2,North,2021,12,325000
7853,2749,5,4,24,1,2,5733,2,North,2023,3,663000
7854,1535,2,2,13,1,2,3412,2,South,2021,5,244000
7855,1752,3,2,2,1,2,7973,1,West,2022,5,331000
7856,2490,4,3,50,1,3,5204,1,North,2021,1,367000
7857,2453,4,3,19,1,1,9388,2,East,2023,1,510000
7858,1194,1,1,30,1,2,2486,1,West,2022,5,186000
7859,914,2,1,9,1,3,3911,1,North,2022,5,254000
7860,1251,2,1,19,0,1,4992,1,North,2022,3,208000
7861,1013,2,2,47,0,1,5527,1,South,2023,6,152000
7862,1212,3,3,3,1,0,7099,1,South,2023,2,264000
7863,1360,2,1,4,1,2,6297,1,West,2021,11,235000
7864,2083,4,1,3,1,2,12450,1,Central,2022,4,483000
7865,1624,2,1,36,1,0,6147,2,North,2023,2,314000
7866,3840,5,3,2,0,2,18211,3,Central,2022,5,953000
7867,1114,1,1,2,1,3,5158,1,East,2021,1,290000
7868,2358,3,3,4,1,3,10534,1,West,2021,4,389000
7869,2151,4,3,17,1,2,7142,2,Central,2022,3,469000
7870,1116,1,1,9,1,2,6671,1,East,2022,8,306000
7871,2709,4,2,1,0,3,15220,2,North,2022,1,612000
7872,1459,2,2,48,1,1,7349,1,North,2021,5,213000
7873,4036,6,4,47,1,2,22169,3,West,2021,1,641000
7874,3269,4,3,4,1,2,12051,3,South,2023,6,641000
7875,1865,4,4,32,1,1,3912,1,East,2023,2,477000
7876,2162,4,1,21,1,0,10270,2,East,2021,6,441000
7877,2095,4,1,3,1,0,6440,1,South,2022,11,356000
7878,2238,4,1,4,1,2,11798,2,West,2021,9,377000
7879,2348,4,4,15,0,2,11542,2,West,2021,7,341000
7880,1044,2,1,10,1,3,2093,1,West,2022,1,249000
7881,1584,3,1,4,0,2,5318,1,South,2021,5,273000
7882,1619,3,1,37,1,1,7468,1,South,2022,5,303000
7883,1986,3,2,15,1,2,4855,2,East,2021,2,492000
7884,3097,4,2,27,1,1,15861,1,Central,2022,2,581000
7885,1579,3,1,3,0,0,5559,2,East,2022,1,341000
7886,3040,5,4,18,0,1,7932,1,Central,2023,2,638000
7887,944,2,2,5,0,1,4545,1,North,2021,9,247000
7888,1862,3,1,18,0,0,5909,1,Central,2022,11,339000
7889,1775,2,2,35,0,1,8133,2,West,2022,7,267000
7890,1662,2,1,35,1,2,7868,2,Central,2021,3,338000
7891,1190,2,1,6,1,1,6115,1,South,2021,8,226000
7892,1806,4,3,29,1,1,8512,2,East,2023,4,460000
7893,3309,5,1,46,0,3,6679,1,West,2022,4,379000
7894,2314,4,1,25,1,2,13634,2,West,2022,7,346000
7895,2233,3,2,2,0,0,7547,1,South,2022,8,335000
7896,2778,4,2,28,0,0,11913,2,South,2021,12,451000
7897,2555,4,2,2,1,2,5516,2,West,2022,2,481000
7898,2077,3,3,42,0,2,11600,2,Central,2022,12,380000
7899,1570,3,1,17,1,0,5956,2,East,2021,5,290000
7900,3468,5,3,8,1,1,8863,2,South,2021,7,590000
7901,1609,3,3,2,1,3,7687,2,Central,2021,12,462000
7902,968,1,1,8,1,2,4960,1,West,2021,10,187000
7903,1297,2,2,44,0,2,2856,1,South,2023,6,188000
7904,3177,4,3,1,1,1,18283,2,North,2021,8,592000
7905,1177,2,1,14,0,1,6161,1,West,2022,1,157000
7906,4179,5,5,46,0,2,16265,2,South,2022,10,662000
7907,1575,2,1,9,0,3,6202,1,North,2021,3,292000
7908,2869,4,3,11,1,0,7566,2,West,2021,6,411000
7909,2486,4,1,21,1,3,7828,1,South,2022,8,408000
7910,1711,2,2,13,1,1,6701,1,South,2021,1,306000
7911,2520,5,3,3,1,2,7951,1,East,2021,11,643000
7912,1900,3,3,1,1,0,6736,1,West,2022,1,333000
7913,2489,4,3,23,1,2,14462,2,South,2022,7,446000
7914,1564,3,3,45,1,2,9115,1,North,2023,3,276000
7915,1295,2,2,2,1,2,7479,1,East,2022,8,338000
7916,1136,1,1,3,1,2,4686,1,North,2023,4,356000
7917,1990,3,2,7,1,1,6633,2,West,2022,3,369000
7918,1420,2,1,37,1,2,3589,1,Central,2021,8,237000
7919,1001,1,1,4,1,0,4150,1,West,2022,12,184000
7920,1924,4,1,42,0,2,4075,2,South,2022,7,311000
7921,2097,4,2,2,0,1,9377,2,North,2021,12,432000
7922,3388,4,3,46,1,2,18412,1,South,2023,5,459000
7923,1511,2,1,20,1,2,7097,2,South,2022,9,238000
7924,1444,3,2,27,1,1,3101,1,South,2022,1,229000
7925,3591,5,2,7,1,3,17104,3,North,2021,5,867000
7926,1090,2,1,35,0,3,4000,1,Central,2021,10,210000
7927,2704,4,3,3,1,2,8296,2,Central,2023,4,665000
7928,3013,4,2,1,1,0,11572,2,West,2023,5,514000
7929,3490,5,4,9,1,2,15740,3,North,2021,2,695000
7930,1368,3,1,40,0,3,6428,1,Central,2021,12,216000
7931,3075,5,1,34,1,1,12360,3,North,2023,5,610000
7932,3449,5,3,17,0,3,18210,2,North,2021,2,613000
7933,2330,4,3,21,1,3,12948,1,South,2021,2,397000
7934,1623,3,3,2,1,2,4119,1,East,2021,10,457000
7935,940,2,2,39,1,2,4429,1,South,2023,4,187000
7936,1153,1,1,36,1,2,3029,1,North,2021,11,215000
7937,2143,4,1,27,1,2,4418,2,North,2023,3,418000
7938,1913,3,2,14,0,1,9802,1,Central,2021,3,335000
7939,1942,3,2,48,1,1,8262,2,South,2023,2,318000
7940,2102,3,2,42,0,2,11566,2,South,2023,3,323000
7941,2003,4,2,26,0,0,7664,2,East,2021,1,401000
7942,2363,4,3,7,1,2,6756,2,North,2023,1,494000
7943,3661,6,5,24,1,3,18702,1,West,2022,2,692000
7944,918,2,1,21,1,1,3424,1,South,2022,10,233000
7945,1956,4,2,9,0,1,8256,1,East,2022,1,441000
7946,1600,3,2,5,1,2,7375,1,West,2023,2,331000
7947,1961,4,2,9,1,1,5390,2,Central,2022,2,429000
7948,2864,4,2,21,0,3,11470,1,South,2021,1,452000
7949,4141,6,4,11,1,1,16235,2,East,2022,1,996000
7950,1209,3,2,4,0,2,4082,1,Central,2022,7,291000
7951,3742,5,3,34,1,1,14209,2,West,2022,6,605000
7952,1413,2,1,18,1,0,6938,1,Central,2021,2,239000
7953,1883,3,1,2,1,1,6379,2,Central,2022,8,427000
7954,963,1,1,7,0,0,3204,1,West,2021,11,125000
7955,3141,4,3,43,1,2,11478,1,South,2022,8,455000
7956,1864,4,4,34,0,2,6142,2,West,2021,6,317000
7957,2500,4,3,5,1,0,8841,2,West,2022,10,411000
7958,2897,4,1,46,0,0,12058,1,East,2021,9,524000
7959,930,2,1,2,1,2,1951,1,West,2021,8,237000
7960,1468,3,2,48,0,2,8552,1,West,2022,8,163000
7961,3472,5,3,3,1,2,17529,2,East,2022,10,777000
7962,1887,4,3,1,1,1,5792,1,East,2022,10,515000
7963,1130,2,1,11,0,3,6634,1,North,2022,5,246000
7964,1756,3,1,6,0,3,6862,1,Central,2021,3,356000
7965,1950,3,2,19,1,1,5208,1,Central,2021,12,377000
7966,1302,2,1,36,0,2,4691,1,East,2022,6,260000
7967,1572,2,1,40,1,2,8644,1,South,2022,10,203000
7968,1040,2,1,9,1,3,4202,1,North,2022,6,282000
7969,1690,2,2,11,1,2,4134,2,North,2021,9,377000
7970,3248,5,2,2,1,3,7080,1,North,2021,6,639000
7971,3892,5,1,1,1,1,8620,3,South,2021,6,716000
7972,2134,4,4,26,1,1,7199,1,North,2022,1,387000
7973,1594,3,2,2,1,2,4853,1,South,2023,4,336000
7974,4128,6,5,32,1,2,18841,3,West,2022,5,711000
7975,2494,3,2,19,0,2,8385,2,Central,2021,2,453000
7976,1540,3,1,3,1,3,4615,1,South,2021,6,306000
7977,4203,6,2,19,1,2,13209,3,East,2021,4,973000
7978,2733,4,1,3,1,2,12262,2,Central,2021,4,625000
7979,2928,5,4,12,1,2,9944,2,Central,2022,2,711000
7980,2747,5,2,37,1,2,11921,2,South,2022,7,489000
7981,1486,2,2,13,1,2,6749,1,South,2023,2,278000
7982,1056,2,1,2,1,2,6233,1,South,2022,2,263000
7983,2037,3,2,31,1,2,6405,1,North,2022,2,366000
7984,1219,3,2,3,1,1,4657,1,East,2022,11,351000
7985,2220,4,1,32,0,1,6985,2,South,2023,4,352000
7986,2838,5,3,14,1,3,7018,2,West,2021,2,490000
7987,2960,4,2,13,1,0,14197,2,South,2021,6,527000
7988,2156,4,3,40,1,1,7519,1,West,2023,4,323000
7989,2635,5,3,30,1,2,8737,1,South,2022,7,438000
7990,2712,4,2,1,1,1,13507,2,East,2022,9,706000
7991,2269,4,1,4,1,2,6462,1,West,2022,11,327000
7992,1041,1,1,42,1,1,2897,1,West,2022,12,156000
7993,1494,2,1,1,0,1,3229,1,North,2021,7,261000
7994,2155,4,3,19,1,3,9510,2,South,2022,6,424000
7995,1600,2,1,32,1,2,5343,1,South,2023,6,259000
7996,1107,2,1,24,0,1,2682,1,East,2023,5,266000
7997,1041,2,1,34,1,2,2355,1,North,2021,4,195000
7998,1917,3,1,32,0,2,4634,2,East,2021,9,386000
7999,4206,5,5,29,0,2,15038,2,North,2022,9,837000
8000,1436,2,1,38,0,2,3564,1,South,2022,6,127000
8001,3432,4,1,26,1,1,14205,1,West,2022,9,459000
8002,1739,2,2,9,0,2,6544,1,East,2022,2,428000
8003,1340,2,2,14,1,1,7368,1,South,2021,12,240000
8004,4431,6,4,31,1,1,20470,3,West,2023,6,735000
8005,2389,4,1,42,1,2,8105,2,West,2022,3,365000
8006,1749,2,2,4,1,2,7442,2,South,2023,5,397000
8007,3172,4,2,5,1,2,8418,3,South,2022,11,591000
8008,1478,2,1,46,1,1,6354,1,West,2022,8,159000
8009,1762,2,1,21,1,3,10143,1,Central,2022,11,361000
8010,1225,3,3,3,0,3,5709,1,South,2023,5,319000
8011,2570,4,1,27,1,2,7670,1,West,2021,4,386000
8012,2171,3,1,50,1,1,12427,2,Central,2023,4,356000
8013,2146,3,1,38,1,2,5594,2,East,2023,1,456000
8014,1021,2,1,33,1,0,2354,1,South,2022,5,163000
8015,1789,3,3,3,1,2,8356,1,West,2022,7,353000
8016,2826,5,1,42,0,2,10854,1,North,2021,4,488000
8017,2460,3,2,18,1,1,14383,2,South,2023,2,378000
8018,1750,2,1,43,1,1,6734,2,South,2022,1,295000
8019,2345,3,1,5,1,0,5507,2,South,2021,9,373000
8020,2531,5,3,2,1,2,10324,2,North,2022,11,670000
8021,2384,4,1,14,1,1,12976,1,West,2023,2,357000
8022,2827,4,2,4,1,2,13725,2,Central,2022,7,680000
8023,3402,4,4,31,1,1,11940,3,South,2022,12,519000
8024,2024,3,2,48,1,1,9692,2,North,2021,7,319000
8025,1321,2,1,29,1,2,5076,1,West,2022,1,182000
8026,1911,3,3,43,1,2,11013,2,East,2023,4,459000
8027,2954,4,4,13,0,2,8196,1,West,2021,3,422000
8028,1552,2,1,35,1,1,3424,2,West,2023,1,236000
8029,2357,4,3,40,1,1,7203,1,Central,2023,3,435000
8030,2781,5,4,30,1,3,12500,2,North,2021,3,599000
8031,1756,2,2,16,1,2,3529,1,North,2021,11,333000
8032,2398,4,2,25,1,2,10485,1,South,2021,9,390000
8033,1092,2,1,30,1,1,3633,1,East,2022,7,254000
8034,1009,1,1,4,0,1,2644,1,Central,2021,8,251000
8035,2635,5,5,37,1,2,6317,1,Central,2021,8,575000
8036,1089,1,1,47,1,3,3303,1,Central,2022,1,210000
8037,926,1,1,13,1,3,4387,1,South,2022,2,230000
8038,3281,5,2,30,1,3,14087,1,West,2023,2,537000
8039,2227,4,2,32,1,0,6870,1,South,2022,10,357000
8040,4132,5,4,27,1,3,12443,2,Central,2023,5,942000
8041,3774,5,2,19,0,3,16672,3,South,2023,3,729000
8042,1520,3,2,42,1,0,8933,1,North,2021,11,218000
8043,1480,2,1,12,1,2,4770,1,Central,2021,10,319000
8044,3128,5,4,2,1,2,12261,1,West,2022,8,543000
8045,1837,3,3,40,1,1,8797,1,Central,2021,7,357000
8046,1510,3,2,28,0,2,6141,1,North,2021,10,269000
8047,2738,5,4,40,0,3,11853,1,Central,2022,4,610000
8048,1136,1,1,2,0,3,5522,1,West,2022,12,242000
8049,3204,5,1,1,0,3,11763,1,West,2021,10,495000
8050,926,2,1,46,1,2,3300,1,East,2021,8,231000
8051,1267,3,2,2,0,2,6270,1,West,2021,2,212000
8052,981,2,2,37,1,2,4711,1,East,2021,8,281000
8053,4205,6,5,38,0,2,17264,1,North,2021,10,810000
8054,2399,4,3,30,1,0,9409,1,East,2022,10,446000
8055,2989,5,3,2,1,2,11470,2,West,2021,5,552000
8056,1738,2,1,27,1,1,5611,1,North,2022,3,326000
8057,2115,4,3,43,1,0,10381,1,South,2022,4,317000
8058,1519,3,1,11,1,0,6218,2,West,2022,7,284000
8059,2081,3,2,10,0,3,4626,2,South,2023,2,423000
8060,2330,3,2,12,1,1,7389,2,North,2023,3,457000
8061,2266,4,3,2,1,2,5268,2,Central,2021,10,525000
8062,1282,2,1,43,0,3,5734,1,North,2023,4,222000
8063,3689,5,1,41,1,2,16740,2,South,2021,12,652000
8064,1296,2,2,50,0,0,3434,1,East,2023,4,212000
8065,4004,5,5,22,1,2,9086,2,East,2022,2,954000
8066,1385,2,1,33,0,0,6616,1,South,2022,3,148000
8067,1741,2,1,3,0,0,9312,2,Central,2023,1,423000
8068,1768,2,1,27,1,3,8741,1,West,2023,6,304000
8069,1798,2,1,26,1,1,8200,2,South,2021,3,318000
8070,1832,4,2,44,1,2,3866,1,South,2021,4,265000
8071,1634,2,1,39,0,2,5367,1,East,2023,2,372000
8072,2019,3,2,46,1,1,9394,1,North,2021,12,315000
8073,3283,4,1,41,1,2,8327,1,Central,2021,12,562000
8074,1616,3,1,41,1,0,5946,1,South,2022,2,225000
8075,3448,5,4,2,1,1,12006,1,West,2022,7,547000
8076,1176,2,1,40,1,2,5630,1,West,2022,10,159000
8077,2023,3,2,23,0,1,8011,1,Central,2021,3,344000
8078,1828,4,4,8,1,2,4110,1,North,2022,2,448000
8079,2361,4,2,2,0,0,13284,1,East,2021,1,435000
8080,2288,4,2,28,1,2,13682,2,North,2022,9,462000
8081,1808,3,2,5,0,2,7459,2,Central,2022,1,389000
8082,1109,2,1,14,1,2,6341,1,East,2021,11,278000
8083,967,1,1,28,0,3,5517,1,North,2022,11,196000
8084,1081,2,1,44,1,2,4847,1,West,2021,2,144000
8085,2050,3,2,38,0,3,8509,2,South,2022,1,318000
8086,2488,4,3,12,1,1,14614,1,North,2022,3,475000
8087,4132,5,3,8,0,3,15566,2,East,2022,6,985000
8088,3002,5,4,3,1,2,12887,3,South,2022,5,626000
8089,1232,2,1,7,1,2,4308,1,Central,2023,5,347000
8090,3388,5,3,2,1,3,18579,3,South,2022,3,651000
8091,2969,4,2,48,0,2,7055,1,East,2022,3,552000
8092,1853,3,2,21,0,3,4970,2,Central,2021,1,398000
8093,2038,3,2,2,1,2,8281,2,South,2023,2,432000
8094,3915,6,5,6,0,2,11387,3,South,2023,3,775000
8095,2395,4,1,19,0,2,9541,2,North,2023,1,431000
8096,3543,5,2,18,1,1,10512,1,Central,2021,3,824000
8097,1522,3,2,1,0,2,8321,1,Central,2022,4,377000
8098,1289,3,2,47,0,3,3141,1,South,2022,7,206000
8099,2338,4,1,4,1,2,9541,2,South,2021,6,416000
8100,1921,4,2,1,1,2,9142,2,Central,2022,11,534000
8101,2904,5,2,2,0,2,9856,2,East,2022,9,717000
8102,4127,5,3,21,1,1,23420,2,East,2022,1,978000
8103,2361,4,1,2,1,1,5752,2,West,2023,5,410000
8104,1485,3,2,1,1,1,7345,1,West,2021,4,244000
8105,3109,5,1,8,0,0,15730,1,Central,2023,6,624000
8106,2150,3,2,24,1,2,12805,2,Central,2023,5,508000
8107,1437,2,1,2,1,3,4758,1,Central,2021,10,359000
8108,2257,3,2,5,1,1,10985,1,Central,2023,2,489000
8109,3397,5,1,10,0,0,9536,3,North,2022,10,606000
8110,3222,5,3,3,0,1,16894,1,North,2022,4,579000
8111,2406,3,3,16,1,1,11481,2,Central,2021,8,441000
8112,1640,3,3,2,1,2,3646,1,North,2021,1,412000
8113,4034,6,1,1,1,1,20156,3,West,2022,4,710000
8114,1712,2,1,17,1,1,5402,1,Central,2021,10,377000
8115,2063,3,1,3,1,3,6760,2,East,2022,7,489000
8116,1367,2,1,2,1,1,5467,1,South,2023,1,286000
8117,3347,4,3,11,0,2,18971,2,North,2021,1,590000
8118,943,2,1,45,1,2,4774,1,North,2021,6,197000
8119,1151,2,2,31,1,1,6877,1,West,2022,4,201000
8120,2132,3,1,38,1,3,11179,2,North,2022,9,386000
8121,1450,2,2,42,1,2,5598,1,Central,2022,5,282000
8122,2006,4,2,49,1,0,10202,2,South,2023,1,292000
8123,940,1,1,34,1,0,3131,1,West,2022,12,100000
8124,2172,3,1,23,0,2,12253,2,North,2022,12,373000
8125,1296,3,1,7,1,2,4059,1,East,2021,5,284000
8126,1428,3,1,3,1,2,3573,1,South,2022,5,299000
8127,1545,3,1,29,0,1,8167,1,North,2021,7,221000
8128,4486,6,1,50,1,1,12581,3,West,2021,1,616000
8129,2551,4,4,14,0,2,10161,1,Central,2021,4,595000
8130,1094,1,1,31,1,3,2427,1,North,2023,4,242000
8131,2799,5,2,16,1,2,7899,2,South,2022,8,516000
8132,2051,3,3,11,1,1,7914,2,West,2022,9,352000
8133,3908,5,5,10,1,3,17725,1,Central,2022,3,915000
8134,1912,3,2,16,1,2,11141,2,North,2022,10,418000
8135,2393,4,3,7,1,2,6027,2,North,2023,3,531000
8136,1192,2,1,33,0,0,5929,1,North,2023,6,164000
8137,2073,4,3,42,1,2,4514,1,South,2022,8,330000
8138,3671,5,3,42,0,3,12926,1,North,2021,11,753000
8139,2033,4,4,3,0,1,10418,2,South,2022,2,424000
8140,1201,2,1,43,0,2,6500,1,East,2023,5,226000
8141,1527,3,2,5,0,2,5423,1,East,2022,1,389000
8142,3442,5,1,5,1,1,18317,2,North,2023,3,651000
8143,1656,3,1,32,1,2,5125,2,East,2023,3,439000
8144,2307,3,1,5,0,1,6529,2,North,2023,4,415000
8145,4030,6,3,2,1,2,19017,3,South,2021,6,801000
8146,1045,2,2,7,0,3,2098,1,South,2021,4,282000
8147,2075,3,2,31,1,3,9541,2,North,2022,5,461000
8148,4350,6,2,5,1,3,25515,3,Central,2021,10,1004000
8149,2262,3,2,25,0,2,11285,2,South,2023,6,359000
8150,1362,3,1,27,1,2,8011,1,West,2022,1,230000
8151,1693,3,1,32,1,2,4794,1,East,2022,10,423000
8152,3240,5,4,43,1,0,15870,2,East,2022,2,675000
8153,1412,2,1,11,0,1,5072,1,West,2021,11,191000
8154,3616,6,2,3,1,2,8299,2,North,2022,7,877000
8155,2685,4,1,5,1,0,9703,2,North,2022,8,605000
8156,1499,3,2,11,0,3,4072,1,South,2022,12,311000
8157,3461,5,2,31,0,2,18062,2,East,2022,7,646000
8158,2313,4,3,1,1,1,10769,1,East,2022,7,522000
8159,2160,3,1,5,0,1,8599,1,West,2021,9,302000
8160,2639,4,4,35,0,3,13844,1,North,2021,7,511000
8161,3903,6,2,28,1,3,12970,3,Central,2023,4,984000
8162,1323,3,1,32,1,1,3146,1,North,2022,7,245000
8163,1932,4,2,37,0,2,9436,2,South,2022,3,350000
8164,2062,3,2,35,0,2,11348,1,Central,2022,7,363000
8165,1626,2,1,28,1,2,5001,1,North,2021,10,325000
8166,1784,2,1,12,0,2,8133,1,Central,2023,4,400000
8167,1364,2,2,49,1,1,6697,1,North,2021,11,228000
8168,2205,4,4,21,1,2,12763,2,North,2023,5,506000
8169,2330,3,2,3,1,1,12623,2,South,2021,8,385000
8170,1106,2,2,4,0,0,2633,1,East,2022,12,266000
8171,3404,4,3,29,1,1,8587,3,East,2022,7,706000
8172,2966,5,3,45,0,1,8280,1,North,2021,1,493000
8173,1693,2,1,3,1,2,5968,1,North,2022,11,375000
8174,1156,1,1,2,1,1,4657,1,North,2022,2,267000
8175,1932,4,1,42,0,2,4200,1,South,2023,6,326000
8176,1564,3,3,45,1,2,7696,1,Central,2022,6,318000
8177,1067,1,1,4,1,3,5524,1,South,2021,10,207000
8178,3236,5,1,7,0,2,10510,1,West,2021,4,423000
8179,1026,1,1,27,0,3,3544,1,North,2023,4,218000
8180,993,2,1,5,0,0,3528,1,North,2021,11,166000
8181,1016,1,1,42,1,2,4606,1,East,2022,1,199000
8182,1360,3,2,2,1,0,6806,1,Central,2022,4,330000
8183,1549,2,1,1,1,2,8190,1,Central,2022,8,343000
8184,3872,5,1,3,0,1,23103,1,East,2021,12,858000
8185,987,2,1,4,0,2,3291,1,South,2021,12,226000
8186,1436,3,1,2,1,1,6635,1,North,2023,1,330000
8187,1293,2,1,2,1,1,3381,1,West,2023,4,258000
8188,4245,5,4,34,1,2,11350,1,South,2023,6,744000
8189,2411,3,1,3,1,3,5164,1,Central,2023,1,517000
8190,2124,4,2,45,1,1,6962,2,West,2023,3,328000
8191,3127,4,1,7,0,3,15313,3,Central,2023,3,692000
8192,1764,3,3,28,1,1,6069,1,East,2022,4,429000
8193,1988,3,1,3,1,2,10443,1,West,2021,7,321000
8194,1463,3,2,3,0,3,4313,1,South,2022,7,294000
8195,1990,3,2,21,1,1,10060,2,East,2023,6,456000
8196,1645,2,2,20,0,2,9178,1,North,2021,3,340000
8197,2387,3,2,34,1,1,13951,1,West,2021,12,316000
8198,1074,2,2,34,1,1,6415,1,East,2022,10,258000
8199,1944,3,1,28,1,2,8653,2,West,2022,3,313000
8200,1479,3,1,12,1,2,2983,1,West,2023,1,311000
8201,1575,3,1,43,1,3,5453,2,West,2022,4,268000
8202,2484,4,3,24,1,1,10242,1,North,2022,8,422000
8203,3654,5,4,50,0,2,16140,2,Central,2022,9,840000
8204,1767,3,2,38,1,2,6879,2,North,2022,4,369000
8205,2490,3,2,1,0,3,13402,1,Central,2022,10,451000
8206,1048,1,1,5,1,0,2788,1,East,2021,5,249000
8207,1083,2,1,21,0,3,3326,1,Central,2022,6,277000
8208,952,1,1,31,0,2,3833,1,East,2021,3,193000
8209,2030,4,3,19,0,2,4350,2,West,2021,12,307000
8210,1215,3,1,36,1,1,4247,1,South,2022,3,197000
8211,1216,2,1,4,1,3,5167,1,West,2021,3,273000
8212,3248,4,2,3,0,2,18222,3,South,2021,7,556000
8213,1356,2,2,2,0,2,8096,1,West,2022,10,248000
8214,1896,3,2,21,1,2,5501,2,North,2021,1,396000
8215,2242,3,1,29,0,1,7483,1,West,2021,5,269000
8216,1786,2,1,5,1,0,10358,1,South,2023,3,355000
8217,1721,2,1,24,0,3,6208,2,South,2022,10,285000
8218,1735,3,2,2,1,1,7003,1,Central,2021,8,432000
8219,1107,1,1,2,0,3,4826,1,Central,2023,5,311000
8220,2504,4,4,30,1,2,5642,1,West,2021,6,452000
8221,3138,5,1,7,1,1,15942,3,Central,2023,3,716000
8222,1159,2,1,28,0,2,4898,1,North,2022,5,240000
8223,912,1,1,39,1,2,5045,1,South,2023,6,192000
8224,2970,5,4,40,1,2,13216,2,South,2022,2,501000
8225,2110,3,1,3,0,3,10785,2,South,2021,8,392000
8226,2476,4,1,15,1,1,7894,2,South,2022,9,419000
8227,2111,4,1,32,1,3,10894,2,West,2021,4,321000
8228,1456,2,1,35,1,2,6289,1,South,2022,2,230000
8229,2427,4,1,36,0,3,5265,1,South,2022,12,376000
8230,1606,2,2,3,0,1,8828,1,East,2022,10,394000
8231,1522,3,3,3,0,0,7406,1,North,2023,3,332000
8232,2106,3,1,22,1,2,8325,1,South,2022,9,322000
8233,2744,5,1,33,1,1,16014,1,North,2021,10,504000
8234,1823,3,2,5,1,3,9666,1,Central,2023,3,498000
8235,1502,3,1,2,1,1,8056,2,South,2022,9,324000
8236,2276,3,2,31,0,0,12813,1,Central,2022,5,356000
8237,2988,4,2,4,1,0,6015,2,East,2021,7,705000
8238,2965,4,3,3,0,1,13327,1,South,2023,3,503000
8239,2020,3,2,2,1,2,9973,2,North,2023,4,481000
8240,1352,2,1,5,1,2,3384,1,West,2022,8,272000
8241,2582,5,1,22,1,1,11667,2,Central,2022,4,597000
8242,2216,3,3,6,0,0,4440,2,North,2022,2,427000
8243,1514,2,1,1,1,1,7108,1,North,2022,6,333000
8244,1607,3,2,2,1,1,3278,1,South,2022,4,349000
8245,1851,4,2,4,1,2,5566,2,South,2022,11,402000
8246,2161,3,2,27,1,2,11967,2,Central,2022,12,440000
8247,1184,2,2,2,0,2,4121,1,East,2022,1,257000
8248,2235,4,3,20,1,3,5387,2,North,2022,1,500000
8249,4144,6,1,2,1,3,21669,3,Central,2022,8,998000
8250,3071,4,3,3,0,2,6332,2,South,2022,2,544000
8251,4340,6,1,3,0,2,15838,2,West,2021,10,637000
8252,4346,5,3,2,1,3,23273,2,West,2023,5,785000
8253,1112,1,1,28,1,2,3767,1,North,2022,5,220000
8254,1651,2,2,13,0,1,5436,1,North,2021,4,328000
8255,1790,3,2,39,0,2,7842,1,North,2022,7,322000
8256,2652,4,1,2,0,3,11795,1,Central,2023,3,606000
8257,956,1,1,2,1,3,5607,1,West,2023,5,285000
8258,4169,6,1,5,1,1,8986,1,North,2021,3,850000
8259,1958,4,2,34,1,3,7030,1,West,2022,11,342000
8260,2538,5,1,5,0,3,10506,1,West,2022,5,468000
8261,1048,2,1,10,1,1,3759,1,North,2021,12,216000
8262,933,2,1,5,0,3,4070,1,East,2021,8,289000
8263,3184,4,4,2,1,3,17389,1,West,2021,9,569000
8264,1491,2,1,46,0,0,7447,1,North,2021,2,157000
8265,3359,4,1,19,1,2,16292,3,Central,2022,8,687000
8266,1517,3,3,36,1,1,4027,2,West,2022,3,235000
8267,1906,3,1,27,1,2,5102,2,North,2021,4,336000
8268,1940,3,3,17,0,3,5289,1,Central,2022,10,417000
8269,1690,3,1,2,1,2,5083,2,North,2022,8,465000
8270,1651,2,1,26,1,2,3421,2,Central,2022,10,422000
8271,1712,3,2,3,0,3,6158,2,South,2022,9,378000
8272,1326,3,3,10,0,3,6312,1,West,2022,3,279000
8273,1082,2,2,25,1,0,4648,1,West,2023,3,178000
8274,1766,2,1,35,0,3,9659,1,South,2022,10,271000
8275,2289,4,1,29,1,0,12146,1,South,2023,5,334000
8276,2792,5,2,28,0,1,15105,2,East,2021,12,614000
8277,2226,3,2,2,1,2,8630,2,East,2021,4,500000
8278,2277,3,1,5,1,2,12257,1,South,2021,3,361000
8279,2309,3,2,1,0,2,11443,1,Central,2023,4,492000
8280,1509,2,1,31,1,0,4504,2,West,2022,5,255000
8281,2187,3,2,47,1,1,11011,2,South,2021,11,295000
8282,4307,6,1,4,0,3,14469,2,West,2022,3,730000
8283,3076,5,4,2,1,0,7118,3,East,2021,8,714000
8284,1782,3,3,14,1,0,8351,2,Central,2023,4,450000
8285,2067,3,1,41,0,3,10772,1,South,2023,3,282000
8286,3268,4,1,19,1,2,17583,1,North,2021,10,564000
8287,2193,4,2,1,1,1,13000,2,North,2023,4,510000
8288,1268,2,1,49,0,1,3281,1,Central,2021,10,185000
8289,936,2,1,39,1,3,2056,1,South,2021,3,159000
8290,1696,3,2,2,1,3,9065,1,South,2022,2,395000
8291,4287,6,6,45,1,0,17964,1,East,2021,2,933000
8292,1907,3,2,12,0,2,4644,1,South,2021,6,334000
8293,1230,2,1,7,1,1,6473,1,South,2021,5,234000
8294,1277,2,1,13,1,3,3658,1,West,2021,2,224000
8295,3420,5,3,39,1,1,14415,3,North,2022,8,614000
8296,2889,4,2,27,0,2,13628,1,East,2021,4,578000
8297,2440,4,2,2,0,2,13821,1,South,2023,6,417000
8298,1670,3,3,48,1,2,8418,2,East,2022,1,396000
8299,1337,2,1,2,0,3,4115,1,South,2023,4,300000
8300,3364,5,3,33,1,2,16359,2,East,2023,3,731000
8301,3064,5,1,25,1,3,7740,3,North,2023,6,671000
8302,966,2,1,3,1,1,3043,1,South,2021,7,181000
8303,2800,4,4,3,1,1,9294,1,South,2022,3,534000
8304,1382,3,2,42,0,2,3517,1,East,2022,9,251000
8305,1037,1,1,10,1,2,3157,1,South,2022,3,273000
8306,1024,2,2,27,1,2,4483,1,West,2022,9,179000
8307,1181,2,1,16,1,3,3168,1,West,2022,3,238000
8308,1938,4,4,32,0,2,5735,1,East,2022,5,437000
8309,2140,4,2,14,1,3,5552,1,North,2021,6,412000
8310,2024,3,2,4,1,2,9645,1,East,2023,3,544000
8311,2138,3,2,6,0,1,10895,2,Central,2023,3,501000
8312,1114,2,2,41,1,1,2476,1,North,2022,4,196000
8313,1114,2,1,14,1,3,2349,1,North,2023,3,295000
8314,2227,3,3,3,1,0,6152,1,South,2022,6,421000
8315,1660,2,2,46,1,1,6291,2,East,2022,12,404000
8316,1011,1,1,36,1,0,5816,1,South,2023,5,158000
8317,3086,4,2,2,1,2,8286,1,Central,2023,5,693000
8318,3248,5,2,50,1,2,15061,1,East,2021,9,584000
8319,3145,4,1,29,0,0,8316,2,South,2021,8,473000
8320,2142,3,1,3,1,2,9958,2,Central,2021,6,465000
8321,989,2,1,3,1,1,3294,1,North,2023,4,302000
8322,2096,4,3,29,1,2,9563,1,North,2023,4,415000
8323,1519,3,1,35,1,3,8118,2,South,2021,7,241000
8324,2408,3,2,3,0,2,10279,2,North,2022,1,462000
8325,1194,1,1,4,1,2,5798,1,West,2021,8,256000
8326,2938,4,3,5,1,1,8618,1,South,2022,5,516000
8327,1523,2,1,23,1,3,4448,2,West,2021,7,238000
8328,4369,5,2,3,0,1,11565,2,West,2021,3,658000
8329,2825,4,2,2,1,1,9296,1,South,2022,8,549000
8330,1866,4,2,28,0,3,6573,2,East,2022,2,440000
8331,3039,5,2,35,1,3,13811,2,East,2023,3,706000
8332,2189,3,2,16,1,3,8621,2,Central,2022,6,502000
8333,3139,5,2,6,1,3,11436,2,North,2021,6,673000
8334,1963,4,2,11,0,3,8545,2,South,2021,11,367000
8335,3450,4,2,8,0,2,19240,2,Central,2021,7,668000
8336,1733,3,2,48,1,1,8292,2,South,2022,3,301000
8337,4130,5,4,34,1,3,12799,1,North,2022,8,833000
8338,2177,4,1,3,1,3,10756,1,East,2022,5,534000
8339,2109,4,3,8,1,1,10965,1,South,2021,3,387000
8340,3033,4,2,19,1,2,9534,1,East,2023,2,667000
8341,3247,5,1,24,0,0,18178,2,Central,2021,5,609000
8342,2248,4,2,14,1,3,9327,2,East,2023,6,559000
8343,1409,2,2,37,1,2,8265,1,East,2021,2,294000
8344,2105,3,2,34,1,1,11454,2,South,2021,2,321000
8345,4328,5,1,16,1,1,23686,1,West,2022,3,644000
8346,2685,4,1,40,1,3,10292,1,West,2022,4,422000
8347,3405,4,2,33,0,2,19530,3,South,2022,7,530000
8348,1524,2,1,35,1,2,4361,1,South,2022,12,260000
8349,1839,4,4,47,0,2,4186,1,West,2022,9,278000
8350,2326,3,2,4,1,0,7211,2,South,2022,4,396000
8351,2798,5,1,4,1,0,11772,1,East,2021,6,662000
8352,1098,2,2,43,1,2,2197,1,South,2022,3,201000
8353,2502,5,3,35,1,2,9657,2,North,2022,4,639000
8354,1722,2,2,45,0,1,7558,2,South,2021,5,237000
8355,924,2,1,2,1,2,3297,1,Central,2022,1,322000
8356,2077,3,2,25,0,0,11598,2,East,2022,3,429000
8357,1540,2,2,2,0,3,4542,2,East,2022,8,335000
8358,2416,3,1,16,0,1,5361,1,North,2021,3,343000
8359,1020,2,1,3,0,0,4019,1,North,2022,10,218000
8360,1112,1,1,2,1,1,3058,1,North,2021,11,216000
8361,3319,4,3,1,1,0,8257,3,North,2023,1,681000
8362,1530,2,1,25,1,1,8994,2,East,2023,1,312000
8363,1324,2,1,6,1,2,4888,1,East,2022,4,311000
8364,2024,4,1,2,0,2,10844,2,South,2023,4,414000
8365,1647,2,1,5,0,1,4373,2,Central,2021,1,410000
8366,2842,4,1,3,1,2,6466,2,South,2021,3,498000
8367,1959,3,2,46,1,3,9762,1,West,2021,6,243000
8368,3074,4,1,5,1,1,17388,3,South,2022,9,553000
8369,2426,4,3,5,0,2,6771,1,South,2023,4,417000
8370,1552,2,1,39,1,1,4265,1,East,2022,7,237000
8371,1117,2,1,26,0,1,2884,1,North,2021,8,169000
8372,1612,2,1,30,0,2,5295,1,North,2022,11,289000
8373,2256,4,1,25,0,1,9910,1,North,2023,2,392000
8374,2707,4,1,47,1,3,11317,2,South,2022,8,474000
8375,2307,3,3,3,1,0,8957,2,East,2023,2,525000
8376,1889,4,4,50,1,2,7181,2,West,2023,2,333000
8377,1160,1,1,39,1,2,4430,1,South,2021,9,146000
8378,969,2,2,22,1,0,4046,1,South,2022,12,196000
8379,1916,3,1,27,1,2,9512,1,Central,2022,1,378000
8380,1908,4,3,26,1,2,9091,2,North,2021,10,446000
8381,2119,4,1,2,1,2,5884,1,West,2021,3,324000
8382,1463,2,1,3,1,3,5866,1,Central,2023,6,356000
8383,1932,4,1,48,1,1,4358,1,South,2023,3,319000
8384,3286,5,1,18,1,2,12252,3,North,2022,1,650000
8385,906,2,1,7,1,1,3964,1,Central,2021,10,264000
8386,1717,3,2,34,0,1,4572,2,South,2022,1,322000
8387,4203,5,2,18,1,0,25076,2,South,2021,1,705000
8388,1942,3,2,1,0,3,11233,1,East,2022,5,447000
8389,1950,4,1,32,1,2,10562,1,South,2022,12,307000
8390,1305,3,1,32,0,0,3637,1,Central,2021,4,196000
8391,2342,4,4,3,0,0,11435,2,North,2021,12,444000
8392,1482,2,1,47,0,1,3454,1,East,2021,2,221000
8393,4131,5,5,3,1,0,16525,3,East,2021,1,994000
8394,3484,5,3,13,0,1,19897,1,East,2022,3,673000
8395,2530,4,2,2,0,0,6847,1,East,2022,10,612000
8396,3353,5,5,23,0,0,8896,2,Central,2022,12,641000
8397,1780,2,1,7,1,2,5965,2,Central,2022,11,470000
8398,1799,2,1,6,1,3,10753,1,South,2022,2,356000
8399,2839,4,3,39,0,2,10047,1,East,2021,12,581000
8400,4354,5,1,1,0,3,17160,3,North,2021,6,898000
8401,1947,3,2,37,1,0,4107,1,East,2022,7,417000
8402,4445,5,3,21,1,2,19218,1,North,2021,12,829000
8403,2289,3,1,50,0,0,11036,1,West,2021,7,218000
8404,2091,3,2,22,1,3,11871,2,South,2021,2,409000
8405,2086,3,1,2,1,3,10999,1,West,2021,2,350000
8406,936,1,1,2,1,2,2030,1,South,2021,9,207000
8407,1561,3,2,42,1,3,7612,1,Central,2021,12,326000
8408,1039,1,1,40,0,2,2476,1,East,2022,1,222000
8409,2094,3,1,5,0,1,6515,2,Central,2022,4,432000
8410,1760,3,1,24,1,2,4043,1,West,2022,12,308000
8411,2243,3,1,15,1,2,7280,2,Central,2022,11,444000
8412,3972,5,3,48,0,0,22631,2,West,2022,6,579000
8413,2486,3,1,47,1,2,6816,2,West,2023,6,299000
8414,2150,3,3,49,1,2,12791,2,South,2022,2,358000
8415,1243,2,2,41,0,0,3737,1,East,2022,7,193000
8416,1373,3,2,44,1,2,4776,1,South,2023,6,212000
8417,3303,4,4,3,0,2,12455,1,North,2023,3,604000
8418,2434,4,3,39,0,1,5123,2,West,2021,12,288000
8419,2924,4,3,30,0,2,13629,2,South,2022,9,500000
8420,957,2,1,48,1,3,4383,1,South,2021,7,130000
8421,2456,3,3,21,1,3,7078,1,South,2021,6,355000
8422,1433,2,1,2,1,2,6914,1,North,2021,6,289000
8423,1206,2,1,23,1,1,6777,1,North,2023,6,282000
8424,1478,3,2,29,1,1,7078,1,South,2021,5,246000
8425,1594,3,1,3,1,0,5409,1,North,2023,6,336000
8426,1924,4,1,9,1,1,5999,2,East,2023,1,524000
8427,1468,3,2,23,1,3,8272,1,North,2021,2,313000
8428,4049,6,4,7,1,3,19340,3,Central,2021,1,980000
8429,1620,3,2,7,1,3,7216,2,Central,2023,2,510000
8430,1113,1,1,2,1,1,3068,1,South,2022,1,210000
8431,1491,2,1,46,0,1,6815,1,South,2023,3,189000
8432,2302,3,1,33,0,2,8831,1,North,2021,12,309000
8433,1239,3,1,1,1,2,3037,1,Central,2023,1,360000
8434,3319,5,1,34,1,2,18893,3,East,2022,11,732000
8435,4439,5,3,32,1,2,24131,3,West,2022,10,702000
8436,1262,2,1,1,1,2,5314,1,Central,2022,5,323000
8437,1668,3,1,7,0,2,8756,1,Central,2022,10,399000
8438,1052,2,1,23,1,2,5827,1,Central,2022,4,278000
8439,1888,4,3,13,1,2,10299,2,West,2021,11,407000
8440,2461,4,3,35,1,0,6961,2,Central,2022,10,455000
8441,931,1,1,11,1,2,3806,1,Central,2021,4,235000
8442,1247,3,1,3,1,1,5030,1,South,2021,11,249000
8443,1985,3,2,49,1,1,11459,1,Central,2021,10,315000
8444,2242,4,2,3,1,0,7759,1,West,2021,5,314000
8445,1447,3,1,31,1,1,6506,1,South,2022,10,183000
8446,2463,3,1,2,1,3,12131,2,East,2021,2,514000
8447,1770,2,1,5,1,2,9250,1,West,2021,3,271000
8448,3085,4,3,12,1,3,13690,1,South,2022,6,552000
8449,1520,3,2,3,1,1,5109,1,Central,2022,11,338000
8450,2899,5,3,12,1,1,14639,1,North,2021,1,564000
8451,1792,2,1,3,1,2,7736,1,Central,2021,8,362000
8452,1509,3,3,20,0,1,7512,2,South,2021,10,246000
8453,1720,2,1,27,1,2,5781,1,North,2021,5,292000
8454,2486,4,3,2,0,2,9767,1,Central,2021,1,479000
8455,4302,5,2,42,1,3,18419,1,South,2023,1,711000
8456,1215,3,3,3,1,2,2717,1,Central,2022,1,346000
8457,2323,4,1,3,0,2,11144,1,South,2023,1,428000
8458,2479,3,1,27,0,1,6794,1,Central,2022,7,385000
8459,3823,6,5,14,1,2,20011,1,South,2022,4,755000
8460,2327,3,2,16,1,2,9093,1,North,2023,5,462000
8461,3533,6,3,2,1,1,10245,1,Central,2021,6,872000
8462,3779,5,1,37,1,1,18759,2,North,2021,3,744000
8463,1323,3,3,24,0,2,6249,1,Central,2022,5,288000
8464,2589,5,4,2,0,3,5323,1,Central,2021,1,613000
8465,4009,6,5,7,1,1,15748,1,North,2021,10,892000
8466,1143,1,1,37,0,2,4844,1,East,2023,5,236000
8467,1981,4,4,21,1,2,10887,1,North,2023,1,450000
8468,2063,3,1,2,1,2,4703,1,South,2022,3,423000
8469,1209,3,1,7,1,3,4525,1,South,2022,3,271000
8470,1121,2,1,3,0,2,5889,1,East,2022,6,325000
8471,1437,3,2,17,1,3,5764,1,Central,2022,4,360000
8472,1209,3,1,40,1,2,3859,1,North,2022,10,264000
8473,1780,2,1,11,1,1,8410,1,South,2023,3,334000
8474,1014,2,1,11,1,2,3184,1,East,2021,1,282000
8475,2884,4,3,44,1,3,14063,2,North,2022,11,574000
8476,3304,5,4,21,0,3,16562,2,West,2023,4,563000
8477,938,1,1,20,1,1,2507,1,East,2023,1,275000
8478,2397,3,3,4,1,1,10736,1,Central,2022,11,465000
8479,1807,3,2,23,1,2,5557,1,West,2022,7,300000
8480,4436,6,5,21,0,2,13301,2,South,2021,5,739000
8481,994,2,1,9,0,1,3446,1,West,2023,3,197000
8482,1354,2,1,50,1,1,6208,1,Central,2022,5,246000
8483,4019,5,1,42,0,2,22015,2,Central,2022,9,838000
8484,3526,5,3,33,0,2,7635,2,South,2022,2,671000
8485,3319,5,1,18,1,3,15108,1,East,2021,5,689000
8486,2995,5,2,13,1,3,10554,2,East,2021,5,697000
8487,1412,3,3,3,0,1,3594,1,South,2021,3,269000
8488,1758,2,1,5,1,3,9411,1,South,2022,3,316000
8489,1094,2,1,35,1,2,4192,1,West,2022,5,187000
8490,1248,3,1,13,1,3,7182,1,North,2021,4,277000
8491,3446,5,2,42,1,1,19782,1,South,2021,5,445000
8492,1395,2,1,2,0,1,2793,1,North,2021,8,242000
8493,2351,3,2,16,1,2,6326,1,North,2021,2,408000
8494,4395,5,2,26,0,3,23183,2,South,2021,9,697000
8495,1436,2,1,17,1,3,6763,1,West,2022,2,275000
8496,3818,6,1,43,1,2,13271,2,Central,2022,12,851000
8497,4295,6,2,50,0,1,22364,3,East,2021,12,892000
8498,1936,3,2,2,1,2,9044,1,South,2022,6,356000
8499,1046,1,1,2,0,3,3197,1,Central,2021,8,231000
8500,2388,4,1,2,0,2,10754,2,North,2023,6,485000
8501,2493,3,1,28,1,2,12923,2,North,2022,2,441000
8502,1701,2,1,7,1,0,8477,2,South,2023,4,346000
8503,1428,2,1,32,0,2,3210,1,East,2022,1,277000
8504,4193,6,2,9,1,2,20972,3,West,2022,9,708000
8505,1035,2,2,25,0,3,3593,1,Central,2022,9,262000
8506,2711,5,1,35,0,2,13434,1,East,2022,7,578000
8507,937,1,1,19,0,2,2540,1,East,2021,1,196000
8508,2071,4,1,19,0,3,6654,1,South,2023,2,352000
8509,3897,5,2,2,0,0,8911,2,East,2023,1,954000
8510,1434,2,2,10,1,1,5293,1,Central,2022,11,321000
8511,1018,1,1,19,1,2,3698,1,South,2022,10,217000
8512,1605,3,2,13,1,1,5912,1,South,2023,1,343000
8513,2819,5,5,44,1,1,12909,1,South,2021,4,470000
8514,1646,3,2,44,1,3,3464,2,East,2022,2,458000
8515,2304,4,1,38,0,2,10574,2,East,2022,11,430000
8516,1508,2,2,7,0,1,6451,2,East,2022,3,336000
8517,4393,6,2,31,0,1,13447,1,West,2022,1,595000
8518,3590,6,1,9,1,0,7888,3,East,2022,7,958000
8519,1942,3,1,3,0,2,6315,2,West,2023,4,387000
8520,2979,5,1,5,1,1,10751,2,Central,2022,12,694000
8521,1648,3,1,2,1,3,6485,2,Central,2021,4,449000
8522,1706,2,2,5,1,2,5106,2,South,2023,5,405000
8523,1433,2,2,13,1,0,5298,1,West,2021,8,230000
8524,2385,4,1,47,0,1,7313,1,West,2022,3,245000
8525,2275,3,2,5,0,2,12206,1,North,2023,3,411000
8526,1219,3,2,44,1,1,6545,1,Central,2022,2,258000
8527,1624,3,2,3,0,2,5358,2,North,2022,12,428000
8528,3092,5,4,3,0,3,8640,1,West,2021,6,518000
8529,2377,3,3,17,1,1,11553,1,North,2021,6,396000
8530,1920,4,4,28,1,1,4020,2,West,2023,2,402000
8531,4155,6,2,1,1,3,13631,1,North,2021,6,881000
8532,1114,1,1,3,1,1,6017,1,South,2023,5,231000
8533,1929,4,1,13,1,0,9509,1,North,2023,5,375000
8534,2706,4,2,5,1,1,6929,2,South,2021,2,504000
8535,1798,2,1,31,0,3,6530,1,Central,2022,7,358000
8536,1894,3,2,17,1,3,4296,1,North,2022,1,411000
8537,1183,1,1,3,1,1,7043,1,East,2023,6,359000
8538,3046,4,3,43,1,2,9727,3,West,2021,3,469000
8539,1927,4,3,4,1,1,4306,2,North,2022,12,445000
8540,3292,4,2,32,1,2,15350,2,North,2021,1,535000
8541,2052,3,2,35,1,1,11447,1,North,2021,5,344000
8542,2288,4,1,48,0,0,11590,2,West,2021,4,256000
8543,2621,5,2,16,1,3,13968,1,Central,2021,9,661000
8544,1880,3,1,24,1,1,7357,1,Central,2023,5,403000
8545,1753,2,1,5,0,1,5926,2,Central,2021,1,412000
8546,1762,3,3,28,0,3,9794,1,East,2022,12,390000
8547,2781,4,3,13,1,2,13474,2,Central,2022,12,656000
8548,1718,2,2,12,1,2,4742,1,South,2022,1,317000
8549,1616,2,1,40,1,3,4006,2,East,2021,1,401000
8550,1537,2,1,2,1,2,6816,1,South,2023,6,290000
8551,4074,6,1,42,1,1,13609,3,North,2022,8,827000
8552,1426,2,1,40,1,0,7662,1,Central,2022,1,202000
8553,1705,2,1,16,0,1,6214,2,North,2023,5,403000
8554,1812,4,3,15,0,0,5417,2,West,2021,8,289000
8555,2156,3,2,6,1,2,12162,2,East,2022,9,521000
8556,1959,4,3,50,1,0,8769,2,North,2022,8,324000
8557,1462,2,1,2,1,2,8147,1,South,2021,9,241000
8558,1927,4,3,22,1,1,6668,2,South,2022,5,363000
8559,2778,5,2,28,1,1,13630,2,Central,2022,7,639000
8560,2645,4,2,46,0,2,15321,2,West,2021,7,383000
8561,1190,1,1,35,0,1,5937,1,East,2021,10,207000
8562,3088,5,1,26,1,1,8477,2,North,2022,6,562000
8563,1851,3,2,2,0,3,11042,2,South,2022,7,400000
8564,2676,4,2,7,1,2,7101,2,North,2021,3,588000
8565,1673,2,1,2,1,2,9100,2,West,2022,12,328000
8566,1919,4,3,42,1,2,6922,2,North,2021,9,372000
8567,4128,5,3,33,1,2,17939,3,East,2022,2,978000
8568,3414,4,2,34,1,0,10675,1,West,2021,1,420000
8569,1947,4,1,26,1,0,8169,2,South,2023,2,379000
8570,1453,3,1,16,0,2,3264,1,West,2022,11,242000
8571,2055,3,2,2,1,1,7712,1,West,2023,2,383000
8572,1652,2,2,5,1,0,7441,2,North,2022,7,429000
8573,1033,2,2,2,1,1,3641,1,West,2021,5,234000
8574,929,1,1,31,1,1,2905,1,West,2021,9,125000
8575,2983,5,5,3,0,3,12006,1,South,2022,12,579000
8576,1591,3,2,30,1,1,7173,1,North,2022,3,318000
8577,1652,2,1,29,0,1,9047,1,South,2021,11,207000
8578,1008,1,1,13,1,2,2165,1,Central,2021,1,238000
8579,1993,3,1,2,1,2,11819,1,South,2023,1,426000
8580,955,2,1,5,1,2,4725,1,North,2022,4,273000
8581,988,1,1,5,0,2,3794,1,North,2022,8,251000
8582,2937,5,3,30,0,2,6805,1,North,2022,12,582000
8583,2902,5,4,2,1,2,6265,1,North,2023,5,645000
8584,1083,2,2,39,1,1,2465,1,East,2021,11,216000
8585,2322,4,2,34,1,1,4984,2,South,2021,8,371000
8586,2211,3,2,3,1,3,5617,2,Central,2021,11,490000
8587,3413,4,4,31,1,1,20471,1,Central,2021,11,568000
8588,3107,4,3,28,1,1,18268,2,East,2021,10,644000
8589,2245,3,1,33,1,1,9192,2,Central,2023,3,450000
8590,2457,4,2,3,1,0,5005,2,East,2021,4,527000
8591,3207,4,1,3,1,1,11439,3,West,2022,11,535000
8592,1356,2,1,3,1,0,6184,1,North,2022,4,291000
8593,2232,3,1,7,1,1,12878,1,North,2023,4,428000
8594,3865,5,3,36,1,1,9349,1,North,2022,1,794000
8595,2820,4,3,32,1,0,13974,2,South,2022,1,505000
8596,1941,3,2,45,0,2,7627,1,West,2022,3,259000
8597,2438,3,1,2,0,2,11862,1,North,2023,5,440000
8598,1803,3,1,1,1,2,8314,1,North,2022,1,427000
8599,2331,3,2,30,1,3,4899,1,Central,2021,4,439000
8600,2377,3,1,4,1,2,7189,1,West,2023,5,390000
8601,2287,4,1,5,1,2,5210,2,East,2022,9,544000
8602,3329,5,1,19,0,1,7385,3,North,2022,2,620000
8603,3047,4,3,2,0,3,17903,3,Central,2021,7,716000
8604,980,2,1,26,1,3,4794,1,North,2021,3,247000
8605,2374,3,1,5,1,1,8919,1,West,2021,8,323000
8606,2383,3,1,25,1,2,11425,1,West,2021,6,336000
8607,2077,3,1,39,0,2,9867,2,East,2021,8,392000
8608,1481,2,1,3,1,1,7298,1,Central,2022,8,317000
8609,1735,2,1,46,1,2,9060,2,North,2021,7,288000
8610,2596,5,2,18,0,0,14719,1,Central,2022,9,568000
8611,2433,4,1,45,1,1,6549,1,East,2022,1,452000
8612,4322,6,6,3,1,0,9175,1,West,2021,1,640000
8613,4442,5,3,23,0,2,18984,3,Central,2021,4,852000
8614,1379,2,1,9,1,2,3905,1,East,2022,11,346000
8615,999,1,1,35,0,3,4846,1,West,2023,5,171000
8616,3967,6,1,23,0,2,14507,1,North,2022,8,800000
8617,3818,6,3,16,0,1,8500,2,Central,2022,5,873000
8618,1600,2,2,44,1,0,4895,2,West,2023,4,184000
8619,1559,2,1,7,1,3,3929,1,Central,2022,1,331000
8620,1376,3,1,3,1,2,3076,1,Central,2021,3,354000
8621,3982,5,5,23,1,2,8602,1,South,2021,2,694000
8622,1137,1,1,24,1,0,6128,1,East,2023,2,250000
8623,1830,4,4,12,1,2,8674,2,Central,2021,7,421000
8624,2648,4,3,15,1,1,7487,2,West,2021,5,421000
8625,1531,2,1,48,1,0,3240,1,East,2023,4,276000
8626,1865,3,1,32,0,2,6326,2,North,2021,4,330000
8627,1272,2,1,2,1,2,6542,1,South,2022,2,297000
8628,2902,4,2,3,1,1,8323,2,West,2021,12,468000
8629,1087,1,1,49,1,3,3758,1,West,2023,5,146000
8630,2317,4,1,32,0,2,9473,2,East,2023,4,460000
8631,2282,3,2,45,1,0,8723,2,North,2022,5,351000
8632,1238,3,1,5,1,3,4043,1,West,2022,12,267000
8633,1232,2,2,33,1,1,4371,1,Central,2021,1,216000
8634,2065,3,1,31,0,3,4257,2,East,2022,7,431000
8635,1399,3,1,4,0,3,5207,1,Central,2022,4,317000
8636,2531,5,3,19,1,1,14848,2,South,2021,6,479000
8637,2567,5,1,25,1,2,8807,2,Central,2022,1,659000
8638,2087,3,2,15,1,0,5140,1,West,2022,11,321000
8639,1716,2,1,39,1,1,4228,1,Central,2022,5,336000
8640,1960,4,1,39,0,2,8015,1,West,2022,11,260000
8641,2991,5,1,40,1,1,10116,1,South,2021,2,447000
8642,2073,3,1,37,1,1,4742,1,Central,2023,6,402000
8643,1074,2,2,15,1,2,3879,1,West,2022,12,211000
8644,1189,2,1,8,1,2,5073,1,North,2021,12,238000
8645,2387,4,3,39,1,2,5923,2,North,2022,11,390000
8646,1957,4,1,15,1,2,9545,1,South,2021,3,380000
8647,2219,3,3,3,1,2,12704,1,West,2023,1,394000
8648,1488,2,1,16,1,3,5798,1,West,2021,4,256000
8649,2631,4,2,2,1,1,12474,2,East,2022,9,696000
8650,1420,3,2,29,0,2,3209,1,North,2021,8,257000
8651,1005,2,1,5,1,1,5139,1,East,2023,5,316000
8652,2016,4,4,4,1,3,8385,1,North,2022,6,458000
8653,1009,2,1,47,1,2,2481,1,East,2022,7,208000
8654,1934,3,2,35,1,3,11330,2,Central,2021,8,406000
8655,2170,3,2,36,1,2,5400,2,Central,2022,11,397000
8656,2266,3,2,24,1,2,5250,1,South,2021,3,321000
8657,1673,2,1,39,0,2,8092,1,East,2022,9,317000
8658,1209,2,2,34,1,2,3260,1,East,2021,1,252000
8659,1445,2,1,23,0,2,7079,1,North,2021,10,218000
8660,2973,5,2,48,1,1,16007,1,Central,2021,12,550000
8661,2011,4,2,3,1,3,6081,2,East,2022,10,558000
8662,2205,3,1,47,0,2,11037,1,East,2022,6,364000
8663,1323,2,2,9,1,3,5907,1,West,2021,3,227000
8664,1845,3,1,18,1,2,5632,2,North,2022,2,371000
8665,2236,3,2,2,1,0,4791,1,South,2022,11,374000
8666,1850,3,1,19,1,2,4477,1,North,2022,4,372000
8667,3062,4,2,24,1,1,16620,2,South,2023,5,526000
8668,1062,1,1,50,1,3,6216,1,North,2021,7,183000
8669,1393,2,2,49,0,2,2844,1,Central,2022,9,246000
8670,2894,4,3,48,1,1,8737,2,West,2023,5,408000
8671,3568,5,5,5,0,2,17090,1,Central,2021,3,848000
8672,1248,3,2,50,0,2,4986,1,Central,2022,9,218000
8673,1814,3,2,13,1,2,10499,1,West,2021,9,288000
8674,1505,3,1,40,1,2,5103,2,South,2021,1,208000
8675,1341,3,2,3,1,1,3333,1,West,2021,10,281000
8676,2404,4,2,16,1,1,11527,2,North,2021,5,416000
8677,1345,2,1,48,1,2,5362,1,North,2023,3,214000
8678,3081,4,3,47,0,0,12314,3,West,2021,2,372000
8679,2407,3,3,29,1,2,5530,2,West,2021,3,368000
8680,1250,3,1,37,0,2,3228,1,North,2022,7,207000
8681,1457,3,2,3,1,3,5470,1,South,2022,1,301000
8682,3211,4,2,31,1,3,10556,3,North,2022,8,621000
8683,1141,1,1,24,1,2,2427,1,West,2021,3,173000
8684,1778,2,2,2,1,2,8164,1,Central,2023,3,473000
8685,2279,3,3,2,1,2,7349,1,West,2021,12,384000
8686,2286,3,2,2,0,1,12012,2,Central,2021,6,423000
8687,1680,3,2,31,1,0,8383,2,East,2022,5,396000
8688,1487,2,2,2,1,2,4762,1,North,2021,8,354000
8689,1398,3,2,14,1,3,2907,1,West,2021,4,287000
8690,1017,1,1,6,0,1,4139,1,South,2021,3,166000
8691,2207,4,4,19,1,2,10763,2,South,2023,2,399000
8692,2211,4,3,30,0,2,4726,2,West,2022,7,329000
8693,1374,2,2,29,0,3,6098,1,Central,2022,3,244000
8694,1233,3,1,17,1,1,5791,1,East,2023,6,307000
8695,2169,4,3,13,1,1,5451,2,Central,2022,2,466000
8696,1700,2,1,9,0,3,8607,2,East,2021,12,417000
8697,4342,5,2,41,1,0,12682,1,North,2023,6,786000
8698,2056,3,2,5,1,2,6042,1,East,2022,2,470000
8699,1781,2,1,4,1,2,3839,1,Central,2022,5,396000
8700,1916,3,2,33,1,1,8983,1,East,2021,7,382000
8701,4479,5,4,6,0,2,25490,3,West,2021,7,701000
8702,2916,4,2,40,0,3,12624,1,East,2021,10,547000
8703,1672,3,1,5,1,1,7723,1,East,2021,4,431000
8704,1512,2,2,30,0,1,6502,2,South,2021,6,194000
8705,1011,1,1,1,0,2,5184,1,South,2022,6,210000
8706,2302,3,1,8,1,2,12275,1,South,2022,2,378000
8707,3334,4,2,5,0,2,14546,3,East,2021,12,711000
8708,2211,4,1,38,1,3,5292,2,Central,2023,1,470000
8709,1288,2,2,48,1,3,6558,1,Central,2021,1,210000
8710,2836,5,1,13,1,1,15170,2,North,2022,12,612000
8711,3007,5,3,38,1,1,15306,2,East,2021,9,637000
8712,1560,2,1,30,0,1,3280,2,East,2023,5,323000
8713,2277,3,1,48,1,3,9974,2,East,2022,6,457000
8714,1663,2,2,37,1,1,7869,1,West,2021,11,250000
8715,2593,5,4,2,1,2,6371,1,South,2021,5,516000
8716,2723,5,1,31,0,3,14536,1,Central,2021,2,584000
8717,2437,4,2,18,1,2,13271,1,Central,2021,4,452000
8718,1743,2,1,1,1,1,6635,1,North,2022,11,399000
8719,3409,5,2,4,0,2,16462,3,West,2022,8,565000
8720,2195,4,2,45,0,2,13116,2,North,2021,12,362000
8721,2374,4,1,45,0,2,10324,2,North,2023,4,371000
8722,3152,4,3,37,1,2,14647,1,Central,2023,6,647000
8723,900,1,1,49,0,1,4843,1,West,2022,8,100000
8724,2376,3,1,37,1,1,10862,2,South,2022,9,309000
8725,2651,5,1,1,1,2,10777,1,West,2022,10,480000
8726,3177,5,4,4,1,3,12040,3,Central,2022,12,741000
8727,1753,3,1,1,1,0,9807,1,Central,2021,7,362000
8728,1363,2,1,2,1,0,6722,1,North,2021,6,281000
8729,2145,3,2,3,1,2,7167,1,Central,2021,7,419000
8730,1198,1,1,16,1,2,5228,1,Central,2021,9,227000
8731,1299,3,1,40,1,1,7294,1,East,2022,8,303000
8732,3131,4,4,41,0,2,14059,2,East,2021,7,615000
8733,1491,3,1,24,0,3,7756,1,North,2022,12,292000
8734,2058,4,2,46,0,2,6294,2,South,2023,6,355000
8735,1801,4,3,16,1,2,4983,2,East,2021,10,494000
8736,3711,5,3,43,0,3,17926,2,Central,2021,9,822000
8737,2298,4,2,13,1,1,12141,1,Central,2023,3,477000
8738,1224,3,2,4,1,2,3175,1,East,2023,5,385000
8739,1206,2,1,45,0,2,4468,1,West,2021,9,117000
8740,2184,3,2,8,1,2,10000,1,West,2021,1,355000
8741,2414,3,2,16,1,3,9455,2,East,2023,1,538000
8742,2296,3,1,5,1,1,9482,2,South,2023,1,415000
8743,1912,4,2,27,1,0,9252,1,South,2022,2,355000
8744,1345,2,2,50,1,3,6054,1,North,2022,3,232000
8745,2336,4,1,1,0,1,12653,1,North,2021,3,399000
8746,1953,4,1,44,0,1,10466,2,North,2023,5,365000
8747,991,2,2,1,1,2,5526,1,West,2021,12,244000
8748,1496,2,1,6,1,3,6275,1,North,2022,8,336000
8749,908,2,1,3,0,2,5007,1,South,2022,10,194000
8750,1526,3,2,34,0,2,3281,1,Central,2021,7,254000
8751,2123,3,2,2,1,2,4841,1,West,2022,12,374000
8752,1313,3,1,20,1,3,6648,1,West,2021,5,262000
8753,1030,2,1,4,1,3,4389,1,South,2021,5,266000
8754,1201,2,1,2,1,1,5906,1,West,2021,2,246000
8755,3564,5,4,35,0,3,17090,1,East,2023,6,893000
8756,2879,5,1,3,1,3,11151,2,West,2022,8,517000
8757,1462,2,2,3,0,2,7714,1,East,2022,5,335000
8758,1655,3,2,4,1,2,4561,2,East,2023,4,532000
8759,900,1,1,22,1,2,4449,1,Central,2022,1,236000
8760,2321,4,3,27,1,2,9216,1,South,2022,12,366000
8761,1473,3,2,1,1,2,5878,1,South,2022,11,286000
8762,2441,3,1,3,0,1,9926,2,East,2021,10,467000
8763,1968,4,1,11,1,1,9156,1,East,2023,4,476000
8764,2613,5,2,5,1,1,9987,2,North,2022,7,611000
8765,1188,1,1,42,1,3,4788,1,Central,2022,1,254000
8766,3387,5,2,36,0,2,6930,2,East,2021,3,640000
8767,2532,4,1,25,0,2,5094,2,East,2022,7,616000
8768,1140,1,1,5,1,3,5431,1,West,2021,7,245000
8769,2043,4,1,30,1,2,5187,1,West,2023,2,378000
8770,1504,2,1,40,0,3,8787,1,Central,2022,7,239000
8771,1303,3,1,22,1,0,5229,1,North,2021,6,217000
8772,1540,2,1,36,0,2,7961,2,South,2021,12,183000
8773,1926,3,1,33,0,2,8729,1,North,2023,4,361000
8774,2329,4,4,21,0,1,5433,1,Central,2023,6,431000
8775,3892,6,1,5,0,1,18597,3,East,2021,12,947000
8776,1315,3,2,33,1,2,7292,1,Central,2022,12,282000
8777,3891,5,2,3,1,2,10754,1,Central,2022,8,939000
8778,1345,2,2,35,0,2,6789,1,East,2021,5,260000
8779,3059,4,1,37,1,2,18272,3,North,2021,10,543000
8780,1817,3,2,38,1,2,6936,1,South,2021,8,317000
8781,1578,2,2,14,1,1,4282,2,North,2021,6,281000
8782,2678,5,5,3,1,3,11375,1,Central,2023,4,726000
8783,2087,3,1,2,1,1,9782,2,North,2021,3,406000
8784,1743,2,1,33,1,2,9004,2,East,2023,3,424000
8785,1793,3,1,43,1,1,6349,2,North,2021,4,305000
8786,2169,4,1,26,0,2,11527,2,North,2022,12,433000
8787,1994,3,2,2,1,3,7077,1,South,2022,5,400000
8788,3364,4,3,46,1,3,8934,2,East,2021,6,665000
8789,1268,3,2,50,1,1,2953,1,North,2021,10,179000
8790,2461,4,3,11,1,1,13055,1,West,2021,12,332000
8791,2928,4,2,22,1,1,16596,2,West,2022,1,458000
8792,1057,2,2,35,1,1,4606,1,Central,2023,1,266000
8793,1195,2,1,32,1,2,7013,1,Central,2021,3,234000
8794,3394,4,3,48,1,2,16745,1,East,2023,3,678000
8795,2287,3,3,2,1,2,10787,2,West,2021,12,396000
8796,1729,3,1,21,0,2,6095,2,South,2021,3,300000
8797,1037,1,1,29,0,1,5569,1,East,2022,6,217000
8798,1612,2,1,43,1,2,5810,1,East,2021,6,341000
8799,973,2,1,42,0,3,5377,1,South,2021,2,160000
8800,2264,4,2,49,1,2,9619,2,West,2022,6,334000
8801,2517,4,3,17,1,3,13727,2,South,2022,10,555000
8802,1047,1,1,39,1,2,6077,1,South,2021,2,166000
8803,2339,3,1,11,1,2,8638,2,South,2022,7,431000
8804,4407,5,3,11,1,3,10759,1,Central,2022,2,959000
8805,2099,4,1,4,1,2,4932,1,North,2021,4,459000
8806,3174,5,1,38,1,2,18590,3,South,2023,4,541000
8807,2048,3,2,50,1,1,8639,1,Central,2022,4,371000
8808,3499,5,4,4,1,3,7021,3,North,2022,6,714000
8809,1039,2,2,2,1,1,3072,1,Central,2021,1,299000
8810,986,2,2,38,1,2,2078,1,Central,2022,6,241000
8811,1040,1,1,24,1,2,4442,1,East,2022,5,280000
8812,2258,3,2,48,0,2,10461,1,West,2021,4,269000
8813,3326,4,3,4,0,2,15587,1,Central,2021,7,649000
8814,2026,4,2,2,1,2,12151,1,East,2021,12,476000
8815,2481,3,2,15,1,1,8843,2,North,2021,8,407000
8816,2967,5,3,2,1,3,11671,2,Central,2022,6,735000
8817,2408,4,3,4,0,2,12111,2,North,2023,1,491000
8818,2313,3,2,2,1,3,4816,2,South,2021,11,438000
8819,2219,3,1,3,1,1,9130,1,Central,2022,3,438000
8820,2036,4,2,2,1,2,5933,2,South,2023,6,431000
8821,1538,3,1,47,1,2,8024,1,West,2021,7,181000
8822,3685,5,4,4,1,1,10591,1,East,2021,6,951000
8823,1365,3,2,12,0,3,5914,1,West,2021,9,241000
8824,1421,2,2,43,1,0,6526,1,South,2021,6,149000
8825,2935,5,4,28,1,2,9937,2,East,2021,3,721000
8826,2166,4,4,24,1,2,7720,2,South,2023,6,430000
8827,2440,4,2,30,1,2,11733,1,South,2022,12,326000
8828,2061,3,2,39,1,2,9420,1,South,2022,1,336000
8829,1994,4,3,42,0,1,7921,2,South,2022,4,312000
8830,1263,3,3,26,0,2,2569,1,Central,2021,3,255000
8831,1832,4,3,43,1,1,8910,1,East,2023,2,423000
8832,1791,2,1,18,1,2,6119,1,East,2021,8,395000
8833,2935,4,1,4,0,1,12046,2,East,2022,3,697000
8834,2220,4,1,42,1,2,4675,1,Central,2022,1,409000
8835,3508,5,3,19,1,2,7534,3,West,2022,8,682000
8836,1491,3,2,44,0,3,7940,1,West,2023,2,218000
8837,2111,4,3,1,0,2,4632,2,South,2022,1,450000
8838,2468,3,2,9,1,1,10942,1,East,2022,8,502000
8839,4249,6,5,47,1,2,17818,3,North,2021,7,873000
8840,1142,1,1,3,0,2,2480,1,West,2021,11,191000
8841,2330,3,2,46,0,1,10491,2,South,2022,5,318000
8842,3014,4,2,47,1,2,8280,1,West,2021,1,399000
8843,1175,2,2,42,0,2,2575,1,South,2022,5,163000
8844,2921,5,1,20,1,1,14134,2,East,2023,1,703000
8845,1459,3,1,26,1,1,7362,1,East,2021,7,324000
8846,3091,5,2,41,1,1,16437,2,North,2023,3,596000
8847,3876,6,1,35,1,1,13201,3,North,2023,6,869000
8848,1635,3,2,25,1,0,9653,2,South,2022,5,340000
8849,1639,2,1,49,0,2,5708,2,East,2023,5,375000
8850,1481,2,1,29,1,1,5515,1,West,2022,11,241000
8851,3995,5,2,49,1,1,12704,1,East,2023,1,843000
8852,2322,4,1,2,1,1,12074,2,East,2022,8,484000
8853,1277,2,2,2,1,2,5542,1,East,2021,6,362000
8854,1716,2,2,13,1,3,8571,2,East,2022,9,462000
8855,2195,4,1,8,0,2,11193,2,North,2021,1,419000
8856,1393,3,2,35,1,2,7490,1,East,2022,12,340000
8857,981,1,1,3,1,2,2987,1,South,2021,9,223000
8858,1045,2,1,49,1,0,3836,1,East,2022,12,231000
8859,2348,3,2,5,1,1,8381,2,West,2022,3,378000
8860,2349,4,3,11,1,0,8191,2,East,2023,2,541000
8861,2140,3,2,4,0,0,10264,1,South,2022,8,333000
8862,3380,5,3,21,0,1,14820,1,South,2023,2,551000
8863,3269,4,2,2,0,2,16365,1,North,2022,9,599000
8864,2398,4,2,2,1,1,10401,2,East,2022,7,516000
8865,1186,1,1,33,1,3,6967,1,East,2023,2,280000
8866,2077,3,2,3,1,3,7811,1,South,2023,6,417000
8867,2130,3,1,3,1,3,5045,2,West,2023,4,405000
8868,1681,2,1,36,1,0,4153,2,South,2021,3,238000
8869,2136,4,2,2,1,3,9657,1,West,2023,6,443000
8870,2225,3,3,12,1,3,5425,1,West,2023,6,428000
8871,3591,6,1,1,1,3,20084,1,West,2023,5,705000
8872,1151,2,1,5,1,2,3731,1,Central,2021,3,274000
8873,2084,3,2,30,1,2,11481,1,North,2023,1,395000
8874,1545,3,2,2,0,0,4390,2,North,2022,3,275000
8875,4260,5,1,43,1,0,16926,3,West,2021,5,604000
8876,1579,2,1,44,1,1,4822,1,South,2021,3,166000
8877,1584,2,1,2,1,3,3258,2,Central,2022,10,414000
8878,1680,2,1,50,1,0,4260,2,South,2021,8,196000
8879,2301,3,2,4,1,1,13304,2,North,2022,5,449000
8880,1548,3,2,2,1,3,5881,1,East,2021,2,375000
8881,2153,4,1,1,1,1,6709,2,South,2021,7,403000
8882,2418,3,3,10,1,3,12897,2,South,2022,12,481000
8883,1493,2,1,25,1,2,7139,1,Central,2022,3,264000
8884,1920,3,1,5,1,0,11320,1,North,2023,1,401000
8885,3128,4,3,39,1,0,15850,3,East,2021,3,614000
8886,1655,2,1,31,0,2,6192,1,South,2022,1,271000
8887,3426,4,2,6,1,3,11413,3,South,2022,5,606000
8888,1952,4,4,32,0,3,4085,2,South,2021,4,348000
8889,2148,3,2,46,1,1,10251,1,North,2022,1,339000
8890,911,1,1,2,0,1,4255,1,North,2022,12,224000
8891,1380,3,2,5,1,1,2984,1,Central,2022,5,331000
8892,2965,5,4,13,1,2,8162,2,West,2021,7,497000
8893,4025,5,3,16,1,1,15998,3,West,2023,4,715000
8894,2081,3,1,19,1,1,9503,1,North,2022,5,367000
8895,1487,3,2,5,1,2,4158,1,North,2021,2,338000
8896,1239,2,1,27,1,2,6811,1,West,2021,6,191000
8897,2032,3,3,26,0,0,6765,1,West,2021,5,226000
8898,1962,3,1,21,1,2,7422,1,South,2023,1,406000
8899,1201,3,3,2,0,2,5498,1,South,2021,10,290000
8900,3797,6,5,14,1,2,17691,2,South,2021,3,800000
8901,1772,3,3,6,0,2,4481,1,North,2021,2,370000
8902,3537,5,2,15,1,2,9583,2,West,2023,3,655000
8903,3212,5,3,45,1,2,10564,2,South,2021,6,511000
8904,3446,5,1,15,1,3,16763,3,South,2022,3,629000
8905,2212,3,1,1,1,2,6616,1,West,2021,6,350000
8906,2368,3,1,12,1,2,10030,2,North,2021,4,391000
8907,1912,3,2,38,1,2,4097,1,West,2021,1,246000
8908,2345,3,1,35,1,2,6545,2,Central,2022,7,439000
8909,2404,3,1,17,1,1,10416,1,North,2021,7,372000
8910,4078,5,4,3,1,1,11628,1,East,2021,1,935000
8911,2767,4,2,13,1,2,11020,1,East,2022,7,662000
8912,2563,5,4,20,0,2,10818,1,North,2021,7,483000
8913,3145,5,3,50,1,2,11851,2,West,2023,5,470000
8914,1384,2,1,26,1,2,4761,1,West,2021,7,194000
8915,1492,2,1,29,1,0,5345,1,West,2021,1,180000
8916,1774,2,2,15,1,2,10299,2,Central,2023,2,465000
8917,2187,3,1,6,0,2,11839,1,South,2023,3,378000
8918,2553,5,1,38,0,1,12989,2,West,2022,8,409000
8919,2273,4,1,16,0,1,7500,2,West,2021,3,312000
8920,1899,4,3,50,1,1,4367,1,North,2021,11,297000
8921,2429,4,4,13,1,1,7923,1,Central,2022,12,485000
8922,1539,3,1,2,1,1,4670,1,South,2021,8,259000
8923,1628,3,2,29,1,2,7806,1,West,2022,10,261000
8924,2794,4,1,1,1,2,16525,2,West,2021,5,499000
8925,1396,3,3,4,1,2,4380,1,East,2023,5,369000
8926,1685,2,1,6,1,2,7403,1,North,2022,8,401000
8927,1730,2,1,32,1,2,4405,1,South,2021,9,242000
8928,1417,3,2,15,1,1,2839,1,South,2022,7,266000
8929,978,2,1,1,1,1,2365,1,East,2023,4,312000
8930,4372,6,3,24,0,0,9735,1,South,2023,5,718000
8931,2403,3,3,10,0,3,10051,2,East,2021,9,506000
8932,1184,1,1,45,1,3,5979,1,South,2023,5,188000
8933,1158,1,1,16,1,0,5628,1,North,2021,3,203000
8934,1736,3,2,30,0,2,4912,1,South,2023,3,334000
8935,2231,3,1,3,1,3,9278,2,West,2021,12,413000
8936,1888,3,3,34,1,2,10242,1,West,2023,4,295000
8937,1181,2,1,31,1,2,2908,1,North,2023,5,289000
8938,3379,4,1,44,1,1,10124,2,South,2021,9,480000
8939,1864,4,2,1,1,1,4796,2,Central,2021,4,466000
8940,1615,2,1,12,0,2,8820,2,South,2022,11,314000
8941,2360,3,2,28,0,2,9466,2,West,2021,3,295000
8942,1715,3,1,2,0,2,9240,2,East,2022,12,432000
8943,3119,5,2,10,1,1,9445,1,North,2023,6,637000
8944,3679,6,3,46,1,3,8783,2,West,2022,6,633000
8945,2206,3,2,11,1,3,11192,1,Central,2022,9,480000
8946,3257,4,4,49,1,1,6639,3,Central,2021,6,624000
8947,2655,5,4,2,1,0,12588,2,West,2021,8,544000
8948,4175,5,2,31,1,2,8760,3,East,2021,2,980000
8949,1357,2,1,21,0,1,5232,1,South,2022,5,211000
8950,1979,3,3,16,1,1,7829,1,South,2023,4,331000
8951,1079,1,1,48,1,0,4403,1,South,2021,8,114000
8952,2768,4,3,2,1,3,14467,1,Central,2021,3,686000
8953,1141,1,1,43,1,3,3895,1,South,2021,8,157000
8954,2097,3,1,29,1,1,11631,1,South,2022,8,358000
8955,1786,3,3,4,1,3,6419,1,East,2022,4,508000
8956,2419,4,1,44,0,2,10280,1,East,2021,5,388000
8957,2141,4,1,11,1,1,8552,1,North,2022,8,398000
8958,3383,5,4,38,1,3,12127,1,South,2022,7,568000
8959,1634,3,2,8,0,2,5310,1,East,2022,6,409000
8960,2852,4,3,40,0,3,15923,1,West,2022,4,401000
8961,986,1,1,25,1,2,2161,1,East,2023,4,238000
8962,1749,3,2,2,1,2,5060,1,South,2021,7,372000
8963,2210,3,3,26,1,1,9635,1,West,2022,6,333000
8964,1057,2,1,3,1,1,5263,1,West,2022,4,230000
8965,2458,3,2,10,1,2,11858,2,South,2022,4,437000
8966,2108,4,3,3,1,3,11694,1,North,2021,3,475000
8967,2371,3,1,1,1,2,11546,2,Central,2021,8,473000
8968,2923,5,4,3,1,1,10922,1,East,2023,2,719000
8969,2389,3,2,18,1,0,10959,1,North,2021,2,343000
8970,1292,3,1,15,1,3,3230,1,South,2021,11,259000
8971,1143,1,1,16,0,1,3058,1,West,2021,5,119000
8972,2277,4,2,3,1,1,8800,1,West,2023,5,399000
8973,1350,3,3,29,1,3,7236,1,Central,2021,8,300000
8974,1552,3,2,30,1,3,5859,1,East,2022,6,333000
8975,1772,3,1,6,0,2,6602,1,North,2022,4,398000
8976,1816,3,1,42,0,1,3767,1,West,2022,11,198000
8977,2192,3,2,26,0,1,6738,2,South,2022,2,293000
8978,3252,4,3,31,1,2,14935,3,South,2022,6,551000
8979,2463,3,1,4,1,3,13371,1,North,2021,1,430000
8980,1954,4,4,1,1,3,4201,1,South,2023,1,460000
8981,2556,4,2,41,1,2,12515,2,Central,2022,8,567000
8982,2258,3,2,38,0,3,4690,2,East,2021,1,428000
8983,1871,3,3,2,0,0,10098,1,North,2021,1,341000
8984,2374,3,1,7,0,1,9716,2,East,2023,1,469000
8985,1018,1,1,27,1,1,3266,1,West,2022,5,176000
8986,1654,3,2,26,1,3,8569,2,Central,2023,4,455000
8987,1772,3,2,41,1,0,6065,1,Central,2022,11,318000
8988,3976,6,5,2,1,1,13217,3,North,2023,1,935000
8989,2909,4,3,11,0,3,7471,2,Central,2022,4,650000
8990,2088,3,2,2,0,1,4936,2,North,2022,9,400000
8991,1208,3,1,8,1,1,4978,1,North,2022,3,285000
8992,1387,2,1,1,1,2,4533,1,North,2021,10,292000
8993,2365,4,3,43,0,2,9847,2,North,2021,6,358000
8994,2371,3,2,18,0,2,12407,2,Central,2023,1,479000
8995,1445,3,2,40,1,3,8110,1,West,2022,4,218000
8996,1840,3,1,2,1,1,10109,2,West,2023,6,399000
8997,1288,2,1,3,0,3,5794,1,Central,2022,4,302000
8998,4200,5,3,4,1,2,23480,1,South,2023,1,758000
8999,1299,2,2,8,0,1,7013,1,North,2021,2,253000
9000,3986,6,1,37,1,3,18633,3,West,2022,9,675000
9001,3769,6,2,8,0,1,14319,3,Central,2023,6,947000
9002,1749,3,1,3,0,1,5417,2,Central,2022,4,377000
9003,3044,4,4,2,1,3,8403,2,South,2022,6,613000
9004,2492,4,2,2,0,0,11029,1,Central,2023,3,455000
9005,2046,3,2,34,1,0,4610,2,Central,2022,1,397000
9006,1613,3,2,12,1,1,3501,1,North,2021,6,359000
9007,1896,3,2,32,1,1,5561,1,West,2022,1,309000
9008,2417,4,1,29,1,3,7676,2,North,2021,9,395000
9009,2060,4,1,2,1,3,7752,2,East,2023,5,588000
9010,1992,4,3,2,0,2,4655,2,Central,2023,2,516000
9011,1594,2,2,34,1,2,7262,2,West,2022,8,259000
9012,1924,3,1,31,1,2,6184,2,East,2022,9,412000
9013,1442,3,2,7,0,1,4175,1,Central,2021,3,251000
9014,1599,3,1,2,1,1,7778,1,North,2021,7,299000
9015,942,1,1,1,1,1,2730,1,North,2022,6,268000
9016,999,1,1,4,0,2,4698,1,South,2021,11,188000
9017,1444,2,2,1,1,2,5436,1,West,2023,5,318000
9018,3153,5,3,3,1,3,9230,3,Central,2021,11,707000
9019,1262,2,1,10,0,2,6416,1,East,2021,3,271000
9020,2465,4,3,2,0,2,11299,1,Central,2021,8,485000
9021,1342,2,1,2,1,1,6014,1,West,2021,5,261000
9022,3126,5,1,43,1,3,16826,2,East,2023,6,665000
9023,2268,4,2,22,0,3,9181,2,West,2023,1,376000
9024,2479,3,1,46,1,3,9304,1,Central,2022,4,400000
9025,1880,4,2,5,1,0,5434,1,North,2022,10,397000
9026,1944,3,1,28,0,2,9627,1,North,2022,10,361000
9027,1877,4,1,3,1,2,8280,1,South,2021,9,421000
9028,1173,1,1,24,1,1,4423,1,Central,2021,9,199000
9029,4322,5,3,2,1,3,21674,1,Central,2022,7,965000
9030,1701,2,1,1,1,1,4114,1,South,2022,11,339000
9031,1862,4,1,46,1,1,9051,2,Central,2022,10,388000
9032,3171,4,3,20,0,2,14636,2,East,2021,12,685000
9033,2199,3,1,45,1,1,5978,2,East,2023,4,440000
9034,2901,4,3,5,1,3,12444,1,Central,2022,12,632000
9035,2073,4,2,5,1,2,4254,2,East,2021,5,477000
9036,3292,5,2,9,1,2,10343,3,East,2023,3,765000
9037,1591,2,1,30,1,2,6959,2,North,2022,8,284000
9038,3268,4,4,20,0,0,14931,3,North,2022,1,605000
9039,2748,5,2,45,1,2,11401,1,West,2021,9,393000
9040,1588,2,2,1,1,2,8233,1,North,2021,10,285000
9041,1502,3,2,30,1,2,3947,2,West,2021,6,220000
9042,2389,4,3,5,1,3,6714,2,West,2022,11,401000
9043,3700,5,1,3,1,2,13312,2,East,2021,8,922000
9044,1432,2,1,17,1,2,8308,1,West,2021,7,243000
9045,1946,4,1,16,0,3,4502,1,Central,2021,9,396000
9046,1593,3,2,2,0,2,3628,2,South,2021,9,281000
9047,2307,3,2,3,1,2,13625,1,East,2021,2,444000
9048,1785,3,2,10,0,0,10423,2,Central,2021,6,359000
9049,3821,6,2,10,1,2,9344,2,North,2022,1,883000
9050,2161,4,1,5,0,3,11360,1,South,2023,1,410000
9051,2511,5,3,2,0,2,9963,2,East,2022,7,691000
9052,2289,4,4,1,0,1,11309,2,East,2022,10,515000
9053,908,1,1,48,1,2,4796,1,North,2022,6,139000
9054,2452,4,4,47,1,2,14038,2,East,2022,1,467000
9055,1670,2,1,15,1,0,6071,2,East,2023,3,444000
9056,3513,6,2,50,0,3,8271,2,East,2021,12,847000
9057,2922,5,4,28,1,3,10263,2,West,2021,3,532000
9058,1000,1,1,2,0,2,5568,1,West,2021,1,202000
9059,1437,2,1,2,1,1,7896,1,East,2022,6,325000
9060,1006,2,1,45,1,2,4046,1,East,2022,6,227000
9061,4202,5,3,25,1,1,18853,2,West,2022,9,704000
9062,2957,5,3,40,0,2,11852,2,East,2021,6,639000
9063,2860,4,2,43,1,0,7551,2,Central,2022,10,568000
9064,1825,4,2,12,0,2,5916,2,East,2023,4,492000
9065,2343,3,2,1,1,1,11574,2,East,2021,4,502000
9066,1891,3,1,3,1,3,10192,2,North,2022,3,459000
9067,1157,1,1,2,1,2,3982,1,Central,2021,4,257000
9068,1798,2,1,3,1,3,4536,2,East,2021,1,461000
9069,934,1,1,10,1,1,4022,1,West,2022,6,163000
9070,924,1,1,2,1,0,3905,1,East,2022,11,282000
9071,3135,5,2,3,1,2,10403,2,North,2022,4,663000
9072,2595,4,1,12,1,0,12481,1,East,2021,10,616000
9073,1659,3,1,5,1,1,9400,1,North,2022,7,362000
9074,2209,4,2,14,0,2,9966,1,South,2021,11,369000
9075,2273,3,1,11,1,2,7278,2,South,2021,9,406000
9076,3416,5,5,26,1,0,10857,2,South,2021,3,502000
9077,3356,4,1,46,0,2,11232,1,North,2021,12,480000
9078,2723,5,1,2,1,2,12955,2,West,2022,9,509000
9079,3474,4,4,2,1,1,19194,3,West,2023,5,570000
9080,1513,3,1,40,1,3,6357,1,South,2022,10,243000
9081,2254,3,3,16,1,1,6253,1,East,2023,3,500000
9082,1725,3,2,34,1,1,9546,1,East,2023,3,404000
9083,2326,4,3,3,1,1,6498,2,South,2023,6,425000
9084,3481,4,2,39,1,1,10495,1,South,2023,2,511000
9085,1723,3,2,45,0,3,10200,1,North,2022,9,305000
9086,988,1,1,25,0,1,5888,1,Central,2022,3,182000
9087,2477,3,2,2,1,2,10925,1,Central,2021,10,503000
9088,4120,6,6,43,0,2,8613,2,East,2022,11,957000
9089,1033,1,1,36,1,2,2561,1,West,2023,4,166000
9090,1985,3,1,33,1,3,6014,2,East,2022,2,431000
9091,2273,4,2,1,1,3,10066,2,North,2022,12,529000
9092,1563,3,1,37,1,0,5572,1,Central,2021,1,256000
9093,2180,3,1,2,1,3,4739,1,South,2022,7,393000
9094,3323,4,3,3,1,2,14687,2,West,2023,2,544000
9095,1790,2,1,21,0,1,6475,2,East,2022,4,401000
9096,3418,5,4,4,0,2,11357,3,West,2022,11,584000
9097,1013,1,1,27,1,3,2938,1,East,2021,5,241000
9098,1088,2,1,23,1,0,5167,1,West,2023,4,175000
9099,3760,6,4,2,0,2,18193,3,North,2023,4,919000
9100,1902,3,2,27,1,1,5500,2,North,2021,12,381000
9101,2079,3,2,45,1,1,4796,2,Central,2021,9,361000
9102,3177,5,1,3,1,3,14776,2,West,2022,5,558000
9103,1678,3,1,23,1,2,4707,1,Central,2023,6,420000
9104,3155,4,3,5,1,0,12359,2,East,2022,5,730000
9105,1364,2,2,13,1,2,5272,1,East,2022,5,323000
9106,1183,2,1,4,1,2,5209,1,East,2021,12,284000
9107,1337,3,1,6,1,2,7971,1,South,2021,8,267000
9108,3209,4,4,1,1,1,14350,1,West,2022,6,552000
9109,1583,3,1,49,1,2,8205,2,Central,2023,2,275000
9110,3289,5,4,25,0,3,15859,2,Central,2022,7,628000
9111,4289,5,5,16,1,2,20518,2,East,2021,5,995000
9112,1932,4,1,8,1,2,7854,1,East,2023,2,489000
9113,1864,4,2,19,0,2,10765,2,Central,2022,4,427000
9114,1766,3,2,8,0,0,4066,1,West,2023,3,293000
9115,2400,4,2,6,0,2,5396,1,Central,2022,3,482000
9116,1676,2,2,13,0,1,8117,2,West,2022,7,287000
9117,1884,3,3,4,1,1,8570,1,Central,2021,8,444000
9118,4296,5,1,3,0,1,12473,1,North,2022,1,764000
9119,3564,6,5,20,0,2,20833,1,West,2021,7,602000
9120,2892,5,5,40,1,1,16541,1,North,2021,5,533000
9121,2898,4,3,3,1,1,9008,1,West,2021,10,423000
9122,1941,3,3,1,0,1,6356,1,West,2022,4,328000
9123,1662,2,1,3,0,0,4516,2,North,2022,6,355000
9124,2765,5,1,49,1,2,11367,2,East,2021,3,595000
9125,2433,4,2,39,1,2,10733,1,North,2023,4,420000
9126,3772,5,3,23,1,0,17284,3,North,2023,5,854000
9127,1783,3,2,46,0,1,5359,1,North,2023,1,333000
9128,2052,3,3,12,0,2,6347,1,East,2021,4,443000
9129,2572,5,2,49,0,2,6038,1,North,2021,1,477000
9130,4004,6,1,4,0,2,11351,3,North,2023,5,943000
9131,1105,1,1,3,1,1,5652,1,South,2022,11,219000
9132,3125,4,2,25,1,3,13250,3,North,2021,5,599000
9133,2003,4,2,7,1,2,4871,2,South,2023,3,461000
9134,1082,2,1,25,1,2,4979,1,West,2022,3,240000
9135,3161,4,1,5,1,0,15839,2,West,2021,6,455000
9136,2104,3,1,24,1,1,10170,2,Central,2021,4,432000
9137,1712,2,1,4,1,2,4414,2,North,2022,9,407000
9138,1748,3,2,2,0,1,5943,1,Central,2022,6,415000
9139,2154,3,2,44,1,0,8252,1,South,2022,8,295000
9140,2388,3,2,42,1,2,13514,1,South,2023,6,337000
9141,2042,3,2,48,1,2,5900,2,South,2023,3,380000
9142,1123,2,2,31,1,2,6037,1,North,2022,5,288000
9143,4129,6,2,29,1,2,9014,3,East,2021,9,953000
9144,2259,4,1,20,1,2,6325,1,West,2023,3,370000
9145,2609,4,1,2,1,2,8928,2,Central,2021,10,654000
9146,2053,3,1,3,1,3,9635,1,Central,2022,3,431000
9147,2333,3,2,4,0,2,10735,1,West,2022,8,348000
9148,1866,4,2,43,1,2,9722,2,West,2023,2,300000
9149,1706,2,1,3,1,1,6436,1,East,2021,7,423000
9150,1636,2,1,45,1,3,6071,1,Central,2021,4,328000
9151,1675,2,1,17,1,0,6341,1,West,2022,3,252000
9152,1673,2,1,31,1,2,5574,2,North,2022,7,330000
9153,1485,3,2,2,1,1,2973,1,West,2022,12,275000
9154,2346,3,2,4,1,2,11986,2,East,2021,4,518000
9155,1156,1,1,48,0,1,3191,1,East,2023,4,196000
9156,1356,2,1,4,1,2,6779,1,Central,2023,6,368000
9157,3520,6,5,4,0,0,13857,1,West,2023,6,675000
9158,2110,3,2,3,1,2,11881,2,Central,2023,5,534000
9159,1753,3,2,2,0,3,7972,2,Central,2022,12,448000
9160,2269,3,2,3,1,1,12640,1,North,2021,12,422000
9161,4156,6,1,26,1,0,14692,3,North,2022,11,821000
9162,1601,2,1,13,1,2,3583,2,South,2022,11,318000
9163,3456,5,2,20,1,3,9952,2,Central,2021,3,706000
9164,1639,2,1,2,1,0,8907,2,South,2022,2,314000
9165,4181,6,4,37,0,0,11856,1,West,2021,10,544000
9166,2900,5,2,36,1,2,17370,2,East,2022,9,670000
9167,2773,4,4,1,0,1,6299,2,West,2021,4,466000
9168,1055,1,1,8,1,2,2872,1,North,2023,1,281000
9169,1237,3,2,2,1,3,3726,1,South,2022,9,361000
9170,1300,3,2,36,1,1,4060,1,South,2021,1,181000
9171,1488,2,1,32,1,2,8898,1,East,2022,5,302000
9172,2504,4,2,44,1,2,12665,2,South,2021,2,438000
9173,1427,3,1,3,1,3,3385,1,Central,2022,10,381000
9174,1402,2,1,13,1,3,5240,1,South,2021,10,244000
9175,1389,3,1,3,0,2,4021,1,West,2021,10,229000
9176,1346,3,3,7,1,2,6007,1,Central,2021,12,335000
9177,1313,2,1,17,0,2,4919,1,West,2021,4,156000
9178,3365,5,2,2,0,1,16270,1,South,2022,9,493000
9179,2346,4,1,31,1,1,10709,1,Central,2022,12,414000
9180,971,2,1,19,0,3,3916,1,North,2022,1,263000
9181,2154,4,3,39,0,2,10936,2,South,2021,10,315000
9182,1832,4,1,4,1,0,9493,1,South,2023,5,365000
9183,903,1,1,44,1,3,2370,1,North,2022,8,220000
9184,1994,3,1,50,0,2,9566,2,West,2023,6,268000
9185,3478,5,3,45,0,1,16034,3,East,2021,7,664000
9186,3206,4,3,35,0,0,11754,3,East,2021,9,678000
9187,3338,5,2,38,1,1,13961,3,South,2023,2,544000
9188,1393,3,1,21,1,3,3204,1,East,2021,1,314000
9189,3625,5,3,3,1,3,14898,2,South,2022,1,773000
9190,3081,4,2,28,0,1,14731,3,South,2022,12,527000
9191,4049,6,6,31,1,3,19130,2,South,2022,3,773000
9192,1267,2,1,49,1,2,6307,1,West,2021,3,162000
9193,3842,5,1,19,1,2,14969,1,West,2023,5,651000
9194,3199,5,3,4,1,1,7167,2,South,2023,4,600000
9195,2811,5,2,29,1,2,9971,1,Central,2022,9,604000
9196,1310,3,1,49,0,1,3984,1,South,2021,1,124000
9197,2557,4,1,3,1,0,14446,2,West,2021,4,503000
9198,4148,5,3,5,0,1,8785,2,North,2022,5,816000
9199,2263,3,1,19,0,1,8985,1,West,2022,10,259000
9200,1693,3,3,3,1,3,5112,2,East,2021,10,504000
9201,3875,5,3,1,1,3,9082,1,East,2023,3,1020000
9202,2148,4,3,5,1,3,7542,2,North,2022,6,513000
9203,2474,4,1,41,0,1,5201,1,East,2023,6,399000
9204,1949,3,1,1,1,2,9555,2,West,2021,10,336000
9205,3583,5,2,11,0,2,8046,2,West,2021,6,606000
9206,1370,2,1,34,1,1,6731,1,South,2021,11,203000
9207,2379,3,2,47,0,0,6233,1,South,2021,6,218000
9208,2385,4,4,49,1,2,8703,2,North,2021,10,408000
9209,2797,4,2,10,0,0,11308,1,North,2023,5,544000
9210,2264,3,3,47,0,3,6359,2,North,2022,2,352000
9211,3708,5,2,1,1,2,20008,1,South,2023,5,717000
9212,3681,6,5,33,1,1,12221,3,West,2022,4,696000
9213,1467,3,3,26,1,2,6457,1,East,2021,5,306000
9214,1641,2,1,3,1,1,9326,2,West,2022,9,351000
9215,1293,2,2,16,1,1,6873,1,West,2021,8,210000
9216,2277,4,1,2,0,1,8617,1,East,2021,3,416000
9217,1796,3,1,42,1,2,5383,1,East,2022,1,396000
9218,3807,5,1,6,1,1,19905,3,Central,2023,1,927000
9219,3213,5,4,25,0,2,13582,1,East,2022,10,663000
9220,1299,2,1,3,0,1,5079,1,East,2023,4,335000
9221,1009,2,1,3,0,1,3561,1,Central,2021,10,210000
9222,2246,3,1,50,1,1,6834,1,North,2023,4,341000
9223,2306,3,2,33,0,2,5848,1,West,2022,5,266000
9224,1267,2,1,48,0,2,4042,1,North,2021,7,141000
9225,2999,4,2,4,1,2,17963,2,Central,2022,12,672000
9226,3587,5,3,3,1,1,18105,2,West,2022,8,656000
9227,2248,3,2,16,1,0,7041,2,East,2021,1,443000
9228,2949,4,1,16,1,2,7248,2,West,2023,2,518000
9229,2353,4,1,3,0,1,6525,1,West,2022,6,325000
9230,2695,4,2,32,1,1,8328,1,East,2022,5,581000
9231,1744,2,1,6,0,1,9613,1,Central,2021,12,363000
9232,936,2,1,3,1,2,4790,1,East,2021,7,276000
9233,3698,5,1,5,1,2,15260,3,Central,2021,12,951000
9234,1626,3,2,20,1,1,8337,2,East,2022,7,433000
9235,3238,4,2,32,1,2,11891,1,East,2022,11,650000
9236,2208,4,2,15,0,2,7560,2,North,2022,8,387000
9237,1144,2,1,18,1,1,6008,1,South,2022,7,198000
9238,1400,3,1,2,1,1,7120,1,Central,2021,7,266000
9239,1999,4,2,45,1,2,11707,1,East,2021,6,403000
9240,1665,2,1,46,0,2,4534,1,East,2023,1,344000
9241,2412,3,1,29,1,0,6973,2,East,2021,10,434000
9242,2154,3,1,1,0,2,10060,2,South,2021,8,379000
9243,2259,4,1,18,1,2,8843,1,East,2021,12,474000
9244,2816,4,2,25,1,2,10007,1,South,2022,11,481000
9245,2112,4,1,50,0,1,8061,2,Central,2022,9,360000
9246,4047,6,5,50,1,1,20423,1,East,2023,1,943000
9247,2455,4,4,41,1,2,8259,1,Central,2023,4,449000
9248,2432,3,2,2,1,2,12889,1,West,2022,1,368000
9249,1360,2,1,47,0,1,2795,1,South,2021,4,159000
9250,1617,3,2,24,1,2,8273,1,Central,2021,8,341000
9251,937,1,1,37,1,2,4063,1,North,2021,7,188000
9252,1948,3,3,9,1,2,11443,1,East,2021,8,468000
9253,957,2,1,5,0,1,4807,1,South,2021,3,161000
9254,1946,4,2,13,0,2,11445,1,East,2023,1,454000
9255,3307,4,1,2,1,2,9878,1,South,2022,2,539000
9256,2339,3,1,6,1,0,8878,2,West,2023,1,383000
9257,943,2,1,41,0,1,4225,1,Central,2022,9,183000
9258,1315,3,3,1,1,0,4361,1,West,2022,1,272000
9259,2622,5,3,3,0,2,9431,1,South,2021,10,498000
9260,1116,1,1,2,1,1,3564,1,West,2021,7,214000
9261,2427,3,1,9,1,3,13970,2,Central,2021,5,495000
9262,2270,4,1,50,0,3,6185,1,South,2021,9,307000
9263,2284,3,1,3,0,3,5016,1,North,2021,7,427000
9264,2136,4,1,2,0,2,9213,2,North,2021,10,426000
9265,2970,4,3,45,0,3,11143,2,East,2022,3,646000
9266,1594,3,1,42,0,1,5302,1,West,2022,8,184000
9267,1449,3,1,1,1,2,8030,1,West,2021,8,275000
9268,1052,1,1,33,0,1,4186,1,East,2021,12,162000
9269,1493,2,2,27,1,1,5361,1,West,2021,12,206000
9270,1138,2,1,34,1,0,4571,1,West,2021,5,100000
9271,1674,3,2,16,1,2,8093,1,West,2022,3,338000
9272,1638,2,1,50,1,0,4592,2,South,2022,9,249000
9273,2354,3,1,1,0,2,10937,1,South,2022,5,366000
9274,1745,2,1,3,1,3,8844,2,South,2022,7,378000
9275,3001,4,1,9,0,1,16255,1,Central,2022,6,605000
9276,2270,3,3,12,1,2,4641,2,West,2023,3,449000
9277,919,1,1,45,0,2,5311,1,South,2021,7,108000
9278,2083,4,3,20,1,1,10236,2,North,2022,11,479000
9279,1533,2,1,1,1,3,5938,1,West,2022,5,313000
9280,946,1,1,10,1,3,4815,1,East,2023,4,302000
9281,1849,3,2,10,0,1,10160,2,South,2023,4,373000
9282,4219,6,4,48,0,0,11212,2,North,2022,4,782000
9283,3165,5,5,23,1,3,11979,2,North,2022,5,656000
9284,1033,1,1,25,0,3,3192,1,East,2023,3,256000
9285,2515,5,1,31,0,2,7444,2,South,2021,6,430000
9286,2677,5,5,35,1,0,11138,2,West,2023,2,480000
9287,2248,4,2,25,1,2,12631,2,Central,2021,2,445000
9288,2552,4,1,3,1,1,6601,1,South,2021,11,476000
9289,1915,4,1,42,1,3,10498,1,South,2021,8,312000
9290,999,1,1,32,1,2,3799,1,South,2022,7,208000
9291,2068,3,3,33,0,2,11177,1,East,2022,5,420000
9292,2226,3,1,50,1,1,7596,1,West,2023,5,260000
9293,1775,2,2,37,1,2,8446,2,South,2021,5,337000
9294,2456,4,3,39,1,1,7204,2,North,2022,5,410000
9295,4106,6,4,47,0,0,18911,3,West,2022,6,608000
9296,3566,5,3,3,1,2,16383,1,West,2022,7,674000
9297,3338,5,3,16,1,2,10234,2,South,2022,11,637000
9298,3338,4,1,21,0,2,7005,2,North,2021,10,572000
9299,3609,6,2,5,1,3,19098,3,East,2021,5,997000
9300,1016,1,1,39,0,1,4551,1,South,2022,4,100000
9301,1409,3,1,34,1,2,6550,1,South,2023,5,224000
9302,2210,4,2,31,0,2,12363,1,West,2021,4,282000
9303,3319,5,2,50,1,1,9825,2,South,2023,1,516000
9304,2231,3,1,4,1,2,7299,2,Central,2022,1,458000
9305,2726,5,4,32,1,2,8399,2,West,2023,1,511000
9306,964,2,1,19,1,3,5194,1,South,2022,10,210000
9307,1107,1,1,5,0,2,5770,1,East,2022,3,256000
9308,2937,5,3,3,1,1,6586,1,West,2021,11,498000
9309,1245,3,1,43,1,1,5554,1,South,2022,3,178000
9310,2431,3,1,22,0,1,14541,1,North,2021,10,373000
9311,1594,3,2,38,1,1,4842,1,East,2021,12,266000
9312,2012,3,1,19,1,2,11167,2,West,2022,1,367000
9313,2833,4,1,3,1,1,14331,1,East,2023,1,730000
9314,1724,3,1,5,1,3,5527,1,North,2021,8,386000
9315,2301,3,2,8,1,1,8507,2,Central,2023,3,547000
9316,1489,3,2,49,0,2,6105,1,West,2022,9,179000
9317,3059,4,3,1,1,0,14715,3,West,2023,5,543000
9318,1741,2,1,50,1,2,9679,2,West,2021,6,226000
9319,1930,3,1,49,0,1,8647,2,South,2022,6,252000
9320,3357,4,2,50,1,1,19574,2,Central,2021,9,600000
9321,1118,1,1,14,1,2,5081,1,North,2021,1,263000
9322,3283,5,2,48,1,2,7180,1,West,2023,6,484000
9323,1647,3,3,9,0,2,7985,1,East,2021,7,388000
9324,2208,3,2,1,1,2,7953,2,Central,2021,9,485000
9325,1077,1,1,3,1,3,5981,1,West,2022,5,215000
9326,3844,6,1,47,1,3,20614,2,East,2022,3,943000
9327,2565,5,2,1,0,2,14754,2,Central,2022,9,641000
9328,1023,1,1,19,1,0,2758,1,Central,2022,2,235000
9329,1881,4,3,2,1,3,5007,1,North,2021,11,441000
9330,2645,5,3,4,1,3,9936,2,North,2023,1,649000
9331,2376,3,2,2,1,2,9174,1,West,2022,1,401000
9332,2926,5,4,41,1,2,7156,2,Central,2022,12,658000
9333,1773,3,1,22,1,1,6704,1,East,2021,9,393000
9334,3214,4,2,44,0,2,12291,1,North,2023,5,495000
9335,1979,3,1,29,1,3,7761,1,West,2021,11,308000
9336,1466,2,1,48,1,2,8460,1,North,2021,1,194000
9337,1769,2,1,17,0,2,4140,2,East,2022,3,425000
9338,3950,5,3,25,1,1,21950,2,South,2022,2,697000
9339,1850,4,1,21,1,1,4607,1,East,2022,6,424000
9340,2196,4,4,15,1,2,12150,2,Central,2022,9,518000
9341,1642,3,3,40,1,0,4314,2,East,2022,8,380000
9342,1737,2,1,26,1,2,8619,2,North,2023,1,392000
9343,2603,5,2,37,0,2,7409,1,East,2021,11,586000
9344,3311,4,2,36,0,1,18970,2,South,2021,6,491000
9345,1547,3,1,3,0,0,8321,2,West,2021,12,238000
9346,4128,6,3,26,0,3,12128,3,East,2021,8,991000
9347,2886,4,3,3,0,1,11861,2,West,2021,6,439000
9348,3297,4,2,22,1,1,13125,3,Central,2022,6,704000
9349,1762,2,2,28,1,2,3968,2,South,2021,7,296000
9350,2517,4,1,50,1,3,5235,2,Central,2022,2,568000
9351,1398,3,2,1,1,3,6373,1,North,2022,8,368000
9352,1683,2,2,2,1,2,4816,1,West,2021,8,294000
9353,2507,4,4,2,0,2,5769,1,North,2021,1,587000
9354,907,2,1,9,1,3,4320,1,South,2023,6,259000
9355,1083,2,1,38,1,2,2674,1,West,2022,10,193000
9356,3449,5,2,40,1,2,12763,2,North,2022,7,628000
9357,2592,4,2,32,0,2,14174,1,North,2021,1,502000
9358,1567,3,2,43,0,1,7636,2,South,2021,3,215000
9359,3108,5,1,5,1,2,11489,2,East,2021,4,760000
9360,1891,3,1,2,1,1,6132,1,North,2022,10,415000
9361,2027,3,2,2,0,1,9521,2,East,2022,11,471000
9362,3211,5,4,40,1,3,11522,2,West,2023,5,537000
9363,2427,4,2,32,0,1,11886,2,East,2022,7,472000
9364,1387,3,1,30,1,1,5674,1,North,2022,5,306000
9365,1029,2,1,5,0,1,4433,1,West,2021,6,170000
9366,1812,3,1,8,0,2,8931,2,West,2021,4,287000
9367,1747,3,1,48,0,3,6844,1,East,2022,10,380000
9368,3156,4,3,2,1,2,17958,3,West,2021,7,521000
9369,2778,5,5,35,0,3,7470,2,South,2022,8,524000
9370,2136,3,2,5,1,3,10565,1,West,2022,7,385000
9371,2962,4,3,1,1,3,11874,2,North,2023,1,688000
9372,1321,3,1,33,0,1,3593,1,South,2021,7,168000
9373,1144,2,1,5,1,2,4413,1,North,2023,1,279000
9374,3461,5,4,31,0,1,20401,1,Central,2021,1,578000
9375,1078,2,1,30,1,1,4872,1,East,2021,6,251000
9376,1525,2,2,18,0,2,3818,1,Central,2021,2,227000
9377,2309,3,1,35,0,2,9180,2,Central,2022,12,397000
9378,1639,2,1,21,1,2,7554,1,Central,2021,1,353000
9379,3111,5,4,4,0,1,17294,2,North,2023,4,617000
9380,1084,2,2,32,1,1,4561,1,West,2021,12,197000
9381,1411,3,3,22,1,1,5305,1,East,2022,3,306000
9382,2227,3,2,1,1,3,13245,1,East,2022,10,528000
9383,1691,2,1,44,1,2,6465,2,South,2022,10,277000
9384,2243,4,3,19,1,3,8006,1,North,2021,12,420000
9385,2447,4,2,41,1,3,9231,2,West,2022,4,360000
9386,3302,5,4,42,1,2,15028,1,Central,2023,6,643000
9387,3809,6,1,12,1,1,15522,3,East,2023,4,1002000
9388,1256,2,1,16,1,2,5379,1,South,2021,6,212000
9389,2029,4,3,10,1,2,7793,1,Central,2022,11,453000
9390,1605,3,1,12,1,2,4114,2,South,2021,7,361000
9391,4072,5,4,43,0,1,15573,3,Central,2022,7,862000
9392,3742,5,2,36,1,2,13031,3,Central,2022,3,883000
9393,1096,2,1,2,1,1,2948,1,East,2022,11,292000
9394,2621,4,3,24,1,3,15271,2,West,2021,5,499000
9395,2143,4,3,50,0,2,12828,2,West,2022,2,293000
9396,997,1,1,22,1,1,4377,1,West,2023,1,155000
9397,1533,3,3,36,1,1,3404,1,North,2021,2,263000
9398,1971,3,1,35,0,2,11806,1,West,2021,3,220000
9399,2484,4,3,6,1,2,12769,1,North,2022,7,500000
9400,1452,2,1,7,1,2,4002,1,West,2023,4,306000
9401,2120,3,1,31,0,2,10671,2,East,2022,3,440000
9402,1124,2,1,16,1,2,3249,1,South,2021,3,209000
9403,2076,3,3,21,1,1,7818,1,Central,2022,8,422000
9404,2389,4,2,31,1,3,7177,1,East,2021,4,466000
9405,1541,2,1,35,1,2,4742,1,East,2023,6,328000
9406,2276,4,1,4,1,0,13616,2,North,2023,5,448000
9407,1113,2,1,2,0,1,4355,1,East,2021,9,263000
9408,1884,4,2,4,1,1,10339,1,North,2023,4,485000
9409,954,2,1,16,0,1,4793,1,South,2023,2,191000
9410,1799,3,3,5,1,2,10535,1,South,2023,1,400000
9411,1015,1,1,21,0,0,3434,1,North,2023,5,248000
9412,2416,3,1,2,1,3,7873,2,East,2023,2,556000
9413,2653,4,1,17,0,2,15831,2,East,2023,5,627000
9414,1385,2,1,7,1,1,7520,1,East,2022,3,319000
9415,2110,4,1,18,1,1,12226,1,East,2022,11,485000
9416,1080,1,1,11,1,2,4567,1,Central,2021,10,276000
9417,1764,3,3,4,0,1,9360,2,North,2021,3,371000
9418,1586,3,1,44,1,0,5286,2,West,2022,12,219000
9419,1645,3,1,3,0,0,6215,1,Central,2022,2,367000
9420,1656,3,1,28,1,1,8493,1,North,2022,8,358000
9421,4161,5,3,45,1,1,24432,3,East,2021,12,910000
9422,1973,4,2,19,1,0,7504,1,East,2022,7,447000
9423,1892,4,2,42,0,3,3980,1,North,2021,2,370000
9424,1815,4,4,2,1,1,6942,2,South,2023,3,390000
9425,3946,5,1,15,1,2,18201,1,West,2022,1,649000
9426,2758,4,1,13,1,1,16273,1,East,2023,2,688000
9427,1242,3,1,1,0,0,5493,1,South,2021,3,181000
9428,3132,5,4,12,1,2,16620,2,West,2022,6,533000
9429,2425,3,1,7,0,1,5984,1,West,2023,4,333000
9430,3412,4,1,28,0,0,8150,1,South,2021,11,404000
9431,3277,4,2,46,0,2,17666,3,East,2021,2,610000
9432,1364,3,1,2,1,0,7647,1,West,2021,10,226000
9433,2545,5,2,5,0,2,8120,1,South,2022,10,514000
9434,1006,1,1,12,1,1,2993,1,West,2022,5,223000
9435,953,1,1,13,0,1,2654,1,South,2022,5,198000
9436,1450,2,1,35,1,0,5221,1,South,2021,9,194000
9437,2681,5,4,12,1,3,8536,1,South,2021,12,571000
9438,1061,2,1,1,0,2,3602,1,Central,2021,2,300000
9439,929,1,1,30,1,2,5528,1,Central,2021,8,210000
9440,2997,5,4,43,1,2,16246,2,East,2023,4,727000
9441,1427,2,1,17,1,2,8339,1,East,2021,5,307000
9442,1018,2,1,21,1,2,3032,1,North,2022,6,247000
9443,972,1,1,3,1,2,4643,1,West,2023,3,243000
9444,1841,4,3,3,1,2,9114,1,South,2022,6,422000
9445,2339,4,4,3,1,1,11455,2,West,2021,11,434000
9446,1355,2,2,11,1,3,3657,1,Central,2022,8,347000
9447,4107,6,3,46,1,3,20251,3,North,2022,4,855000
9448,3094,5,4,17,1,1,6597,1,West,2023,5,505000
9449,1934,3,2,3,0,2,5109,1,East,2021,10,395000
9450,2030,3,1,4,0,2,11757,2,South,2021,3,358000
9451,1804,4,3,8,1,0,8645,2,West,2022,2,366000
9452,2366,3,3,24,1,3,9001,2,East,2021,8,473000
9453,1593,2,1,12,0,2,8087,1,West,2021,7,224000
9454,1233,3,2,8,0,2,5404,1,North,2021,6,276000
9455,2736,5,5,20,1,1,8670,1,East,2022,6,652000
9456,1012,1,1,3,1,1,4407,1,Central,2021,11,245000
9457,1934,3,1,2,0,1,8550,1,West,2021,12,312000
9458,2734,4,2,1,1,1,14753,2,West,2022,2,486000
9459,1701,3,3,4,1,2,8593,1,South,2023,5,397000
9460,1843,4,3,2,1,3,9263,1,North,2021,8,452000
9461,2356,4,2,5,1,2,9152,1,Central,2023,4,511000
9462,1322,2,1,35,0,1,3873,1,North,2021,8,193000
9463,3391,5,4,31,1,0,16315,1,Central,2022,3,646000
9464,1805,4,1,24,0,2,7076,1,North,2022,2,383000
9465,2885,5,2,40,0,2,9928,2,North,2023,4,562000
9466,4413,6,3,4,1,3,18232,1,South,2023,5,823000
9467,3726,5,5,43,0,2,18265,1,East,2023,6,917000
9468,3576,6,2,9,1,3,12440,3,West,2022,11,718000
9469,2083,4,1,9,1,0,5800,1,Central,2021,1,394000
9470,2200,4,2,9,0,2,4761,1,South,2023,4,393000
9471,2097,4,3,2,0,1,11734,1,North,2023,6,431000
9472,1656,2,1,49,1,2,8621,2,West,2021,7,215000
9473,3412,4,1,2,0,2,9777,2,West,2021,8,490000
9474,1346,2,1,5,1,2,4342,1,South,2021,12,253000
9475,3649,6,4,5,1,1,12966,1,North,2021,5,835000
9476,2722,4,3,2,1,2,15400,2,South,2023,6,551000
9477,4451,5,3,3,1,0,12337,2,West,2023,1,718000
9478,3125,4,2,1,1,0,11200,3,East,2023,3,704000
9479,1365,3,2,4,0,2,5300,1,West,2021,4,219000
9480,1082,2,1,41,1,3,4372,1,South,2022,5,199000
9481,1296,2,1,5,0,2,6150,1,Central,2022,10,312000
9482,1282,2,1,2,0,2,7606,1,North,2022,8,289000
9483,1740,2,1,26,1,0,5083,1,South,2022,11,272000
9484,2969,5,4,50,1,0,11882,2,East,2021,5,605000
9485,3238,4,3,3,0,1,9523,2,West,2021,4,475000
9486,1799,3,3,4,0,3,8150,2,South,2021,5,399000
9487,1547,2,1,49,1,1,8244,1,Central,2023,5,231000
9488,1267,2,1,3,1,3,7515,1,West,2022,7,260000
9489,1176,2,1,17,1,2,3819,1,South,2021,6,242000
9490,1808,3,2,3,1,2,5853,2,West,2022,7,368000
9491,1944,4,4,46,1,3,8394,1,West,2022,8,360000
9492,1030,2,1,49,1,1,5670,1,West,2021,3,130000
9493,1633,2,1,38,1,2,3464,2,Central,2021,9,373000
9494,1482,3,1,5,1,3,5357,1,West,2021,1,249000
9495,1662,3,1,9,0,2,9670,1,South,2023,4,356000
9496,1888,4,3,3,1,1,9452,1,West,2022,12,347000
9497,1740,2,1,43,0,1,8936,2,West,2021,11,216000
9498,1714,3,2,45,1,2,9320,1,East,2021,3,359000
9499,4373,6,3,10,1,0,22063,3,South,2021,1,768000
9500,1376,2,1,27,0,3,5859,1,Central,2021,6,222000
9501,2070,3,1,3,1,0,9387,1,East,2022,4,415000
9502,2929,4,3,11,0,2,10275,1,West,2021,3,442000
9503,1776,2,2,25,1,2,8593,1,East,2022,9,408000
9504,4279,6,3,8,1,2,8951,3,West,2021,1,715000
9505,1952,3,3,6,1,2,5001,2,South,2021,12,358000
9506,1826,4,3,1,1,3,10899,1,Central,2022,10,442000
9507,1202,3,1,37,1,2,3820,1,North,2022,6,258000
9508,2219,3,2,43,1,2,9905,1,West,2021,3,268000
9509,1060,1,1,48,1,1,5782,1,East,2021,9,168000
9510,1553,3,1,31,1,0,7804,1,West,2022,4,213000
9511,2227,4,3,19,1,0,5251,2,East,2023,6,527000
9512,1775,3,2,4,0,1,9439,1,North,2022,10,382000
9513,1491,2,1,50,1,2,4570,1,East,2022,8,248000
9514,2167,3,3,22,1,2,6610,1,Central,2022,3,485000
9515,2476,4,2,28,1,2,7056,2,West,2022,11,364000
9516,1135,1,1,29,1,1,5725,1,South,2021,2,135000
9517,1689,2,1,40,1,1,7638,1,Central,2022,12,331000
9518,2922,5,1,1,0,3,6429,2,West,2021,12,488000
9519,2478,3,1,3,1,3,10923,2,South,2022,1,461000
9520,2135,3,2,27,1,3,8397,1,West,2021,5,305000
9521,2101,4,1,43,1,3,11762,2,East,2021,9,433000
9522,2483,3,1,29,1,2,5559,1,North,2021,8,363000
9523,3722,6,2,10,1,3,16064,3,Central,2021,2,962000
9524,2206,4,3,6,1,2,6238,2,North,2022,8,494000
9525,1384,2,1,32,0,3,5426,1,East,2021,9,245000
9526,2458,4,2,33,1,0,13517,2,West,2022,4,333000
9527,2974,4,1,23,1,3,7070,1,Central,2022,8,622000
9528,1185,1,1,4,1,2,6783,1,North,2023,1,273000
9529,3515,6,3,45,1,1,10060,2,South,2022,12,683000
9530,4248,5,1,19,1,1,11062,3,West,2022,4,701000
9531,1338,3,1,36,1,3,5844,1,West,2022,2,230000
9532,4254,6,3,3,1,2,17105,3,Central,2022,6,1000000
9533,2494,3,2,5,1,3,10849,1,North,2022,6,454000
9534,2753,4,4,42,1,1,14542,2,West,2021,12,453000
9535,1854,4,1,2,1,2,8126,1,North,2023,1,484000
9536,1936,4,3,17,1,1,10331,2,West,2021,9,352000
9537,2045,3,1,15,1,2,4424,2,North,2021,7,426000
9538,3094,4,1,33,1,2,10755,3,Central,2021,9,648000
9539,1127,2,1,4,1,2,2265,1,North,2023,3,333000
9540,2206,4,1,3,1,0,10292,2,West,2022,10,355000
9541,1052,2,1,45,1,0,5387,1,South,2022,1,139000
9542,2188,3,1,21,1,0,12922,1,East,2023,3,450000
9543,1606,3,2,2,1,3,7205,2,West,2023,5,405000
9544,2028,4,4,3,1,1,11683,1,South,2023,4,442000
9545,1646,3,2,50,0,1,6518,1,South,2021,10,220000
9546,941,2,1,3,1,2,3484,1,North,2021,11,266000
9547,1381,3,1,24,0,3,5162,1,North,2022,6,219000
9548,1416,3,1,10,1,0,8425,1,South,2021,6,260000
9549,1635,2,1,43,0,1,3668,1,East,2022,9,332000
9550,3936,5,1,34,1,2,17760,3,West,2021,11,670000
9551,1443,3,2,23,0,3,5126,1,West,2021,9,213000
9552,3904,6,2,1,1,2,8345,3,North,2022,2,881000
9553,2991,5,5,42,0,1,8823,1,South,2023,5,476000
9554,2430,4,1,12,1,2,7876,2,West,2021,7,386000
9555,2418,4,3,46,1,3,14188,2,East,2023,6,499000
9556,3214,5,4,16,1,2,6824,2,North,2023,5,711000
9557,1000,2,1,29,1,1,5457,1,South,2022,5,175000
9558,2064,4,2,2,1,1,6825,1,South,2021,8,369000
9559,2108,4,1,33,1,3,12504,1,North,2021,9,377000
9560,1847,3,1,5,0,2,5689,2,West,2021,8,369000
9561,2586,4,3,6,1,2,9516,1,South,2021,1,484000
9562,1471,3,1,2,0,1,3041,1,Central,2021,2,298000
9563,2372,3,2,2,1,2,12370,2,Central,2021,8,464000
9564,1613,2,1,3,1,1,8186,1,West,2023,1,326000
9565,2310,4,4,5,1,1,5714,2,South,2021,1,405000
9566,2350,4,2,43,0,3,12870,1,South,2021,10,327000
9567,2017,3,1,7,1,1,6246,1,East,2022,4,472000
9568,3473,4,2,31,1,1,19694,3,South,2021,4,527000
9569,1824,3,1,2,0,3,6685,2,Central,2022,1,425000
9570,2636,4,2,22,0,1,14927,2,North,2022,11,541000
9571,1968,3,2,15,1,2,7821,2,West,2022,2,354000
9572,1202,2,1,49,1,2,3346,1,West,2023,4,200000
9573,1144,2,1,40,1,3,2756,1,Central,2023,6,254000
9574,1563,3,2,13,1,3,8642,1,East,2021,6,379000
9575,1693,2,1,35,1,2,4196,1,West,2021,8,254000
9576,1617,2,1,3,1,1,9609,1,Central,2021,10,352000
9577,2992,4,1,20,1,2,9168,1,North,2022,10,570000
9578,3186,4,3,2,1,3,10607,1,North,2021,6,634000
9579,1212,2,2,5,0,0,5484,1,South,2022,1,237000
9580,1065,1,1,3,1,2,4922,1,East,2021,9,272000
9581,1370,3,2,31,1,1,6155,1,North,2023,2,290000
9582,2479,4,4,15,1,1,10688,1,North,2022,10,480000
9583,1484,2,1,33,1,1,7470,1,North,2023,5,270000
9584,1497,2,2,17,0,0,5832,1,West,2021,2,141000
9585,3525,5,1,2,0,3,17419,2,East,2021,5,922000
9586,3500,6,6,32,1,3,8508,1,Central,2021,5,709000
9587,1365,3,1,39,1,2,4798,1,South,2022,10,240000
9588,2075,4,4,44,1,2,12376,2,West,2022,6,298000
9589,2391,3,1,21,1,2,13247,1,East,2023,4,485000
9590,2642,4,2,33,1,3,13731,2,West,2022,10,479000
9591,2496,4,3,33,0,3,5463,1,South,2023,4,394000
9592,1315,2,1,3,1,1,7176,1,North,2021,4,286000
9593,2690,4,4,3,1,2,7907,2,Central,2022,8,729000
9594,2409,4,2,2,1,2,7639,1,Central,2021,10,480000
9595,1279,3,2,5,1,3,5065,1,South,2021,1,298000
9596,2242,4,1,14,1,2,8217,1,Central,2023,2,458000
9597,2076,4,1,50,0,3,12076,2,South,2021,1,278000
9598,2321,4,3,11,0,3,9924,2,East,2021,4,496000
9599,1548,3,2,32,1,2,3207,1,West,2021,4,244000
9600,1602,2,1,29,0,3,8592,2,South,2021,5,262000
9601,1542,3,1,3,0,1,5357,2,South,2022,8,314000
9602,2573,4,1,2,0,1,11053,1,East,2021,12,582000
9603,1294,3,2,19,1,2,5393,1,East,2021,5,322000
9604,1240,3,2,30,0,1,3491,1,North,2021,2,220000
9605,2144,4,1,50,1,1,7700,2,North,2022,5,370000
9606,2534,5,4,6,1,2,14200,2,Central,2022,11,709000
9607,2804,5,2,43,1,2,16712,2,South,2023,1,494000
9608,2037,3,2,8,1,3,11324,2,North,2022,5,458000
9609,1176,1,1,29,1,3,6995,1,West,2021,4,162000
9610,3215,4,3,23,1,2,11838,3,South,2022,7,569000
9611,2228,4,1,2,1,2,9088,1,North,2022,5,453000
9612,1455,2,1,2,1,2,3535,1,Central,2023,1,372000
9613,4090,6,3,1,1,2,9523,2,Central,2022,11,980000
9614,1112,2,1,7,1,1,6199,1,North,2021,10,264000
9615,4307,5,2,33,1,2,22813,2,Central,2021,4,870000
9616,3202,4,1,3,1,2,9179,2,Central,2021,11,672000
9617,1683,2,1,23,0,1,8360,2,West,2022,1,294000
9618,4136,5,2,4,1,3,8570,3,East,2021,12,996000
9619,3402,4,2,36,1,2,12043,1,South,2022,3,456000
9620,1243,2,2,37,1,1,3531,1,North,2023,4,263000
9621,2354,3,2,35,1,2,7527,2,West,2022,3,324000
9622,956,1,1,18,1,1,4327,1,Central,2022,10,210000
9623,2128,3,3,4,0,1,12623,2,West,2021,8,346000
9624,3469,4,1,37,1,3,16029,2,North,2022,4,584000
9625,2291,3,2,3,1,3,12782,1,South,2021,2,428000
9626,1973,3,1,4,1,1,7835,2,East,2022,5,485000
9627,1653,3,1,3,1,3,4139,2,West,2021,2,347000
9628,2614,4,2,28,1,1,5259,1,North,2022,10,518000
9629,1292,2,1,29,0,1,5598,1,West,2021,9,149000
9630,1975,4,3,26,1,0,4213,1,West,2023,2,296000
9631,1376,2,1,10,1,1,3393,1,North,2022,12,234000
9632,2234,3,1,2,1,1,6223,2,South,2021,8,350000
9633,941,1,1,44,1,3,2640,1,South,2022,10,192000
9634,1975,4,3,16,1,1,8932,2,Central,2022,11,450000
9635,1275,3,1,9,1,1,7520,1,East,2022,5,295000
9636,1079,2,2,22,1,2,2283,1,East,2021,7,272000
9637,4164,5,2,3,0,1,11999,3,West,2023,2,751000
9638,1472,2,1,2,0,2,7621,1,South,2022,4,283000
9639,2322,4,2,9,0,2,7838,2,North,2022,12,436000
9640,968,2,1,3,1,1,3608,1,West,2022,1,207000
9641,2175,3,2,3,0,2,5853,1,West,2021,3,305000
9642,2327,3,1,43,1,0,7523,2,South,2021,9,271000
9643,2393,4,1,18,1,1,14249,2,North,2021,8,433000
9644,1109,2,1,15,1,1,4704,1,West,2022,1,203000
9645,1742,2,2,29,0,2,8654,1,West,2021,9,207000
9646,1943,4,4,47,1,2,8250,2,North,2023,5,398000
9647,2745,4,3,2,0,2,16099,1,West,2021,11,494000
9648,2153,3,2,39,0,2,11369,1,Central,2021,12,362000
9649,1717,3,1,22,1,2,7139,1,North,2023,1,375000
9650,1564,3,2,2,1,1,8534,1,East,2021,9,372000
9651,1389,3,1,4,1,3,4447,1,West,2022,3,273000
9652,1494,3,2,15,1,3,6549,1,South,2023,1,324000
9653,1114,2,1,29,1,2,2420,1,West,2021,6,172000
9654,1130,2,1,3,0,0,4121,1,Central,2021,5,234000
9655,1929,4,2,18,1,2,8112,2,Central,2021,6,428000
9656,1962,4,3,29,0,1,9425,2,South,2022,11,339000
9657,4420,5,2,12,1,2,14545,2,Central,2022,7,907000
9658,1173,2,1,41,1,1,6951,1,East,2023,6,249000
9659,2116,3,1,41,1,2,5055,1,South,2022,12,333000
9660,3197,4,1,14,1,0,11567,2,North,2021,11,592000
9661,2034,4,3,49,0,3,10025,2,Central,2022,4,392000
9662,1183,1,1,2,1,1,3137,1,East,2023,2,290000
9663,955,1,1,1,1,2,2990,1,Central,2022,2,243000
9664,964,2,1,8,1,3,5180,1,North,2022,2,300000
9665,1982,4,1,23,0,1,11037,1,West,2021,2,265000
9666,2854,4,1,25,0,3,12998,2,North,2021,2,555000
9667,1363,2,1,14,1,1,5181,1,North,2022,9,308000
9668,1397,3,2,2,1,3,7224,1,Central,2022,5,374000
9669,3014,4,3,3,1,3,17522,2,North,2021,11,654000
9670,3040,4,1,40,1,1,9596,1,East,2023,3,594000
9671,2450,4,4,41,1,3,5689,2,Central,2023,3,537000
9672,1726,2,1,28,1,1,7871,2,Central,2022,8,377000
9673,2082,4,2,27,0,1,5870,2,East,2021,1,401000
9674,1444,2,1,23,1,0,4037,1,West,2022,8,207000
9675,2295,3,3,3,0,1,5490,2,West,2021,4,387000
9676,2446,4,3,11,1,2,4906,2,North,2022,10,537000
9677,4046,5,4,29,0,2,16395,1,South,2021,6,634000
9678,1199,1,1,18,1,2,6120,1,South,2022,1,248000
9679,2063,4,1,1,1,1,4733,1,South,2021,4,370000
9680,2236,3,2,47,1,3,8017,2,South,2022,9,371000
9681,1977,3,2,40,0,0,10036,2,South,2021,8,261000
9682,1589,2,1,4,0,0,6340,1,South,2022,1,248000
9683,2310,4,2,24,1,2,10969,2,South,2022,7,427000
9684,3329,4,1,45,1,3,14973,2,East,2021,4,606000
9685,1668,2,1,2,1,2,7860,1,North,2022,1,401000
9686,1793,2,2,16,0,2,6169,2,West,2021,4,260000
9687,1368,2,1,13,1,1,3132,1,Central,2021,11,263000
9688,989,2,1,10,1,0,3985,1,South,2021,4,191000
9689,1683,2,2,39,1,2,8970,1,North,2022,7,311000
9690,2901,4,4,8,1,2,13651,1,West,2023,3,512000
9691,4420,6,6,2,1,1,23876,3,Central,2023,6,1018000
9692,1784,3,1,2,1,2,6270,2,North,2022,1,429000
9693,1896,3,1,1,1,2,10430,1,North,2022,9,434000
9694,3482,5,1,10,1,2,7560,1,North,2023,4,671000
9695,1679,2,1,31,0,1,8025,1,West,2021,11,181000
9696,1712,2,2,3,1,2,4719,2,Central,2021,2,461000
9697,1068,1,1,26,1,1,3248,1,West,2021,3,161000
9698,2783,4,2,29,0,1,12132,1,East,2021,11,599000
9699,1715,3,2,4,1,2,3654,2,West,2022,6,332000
9700,3214,5,1,23,1,2,16621,2,South,2022,9,545000
9701,2652,4,1,29,1,2,12484,1,West,2023,4,451000
9702,1408,2,1,14,1,1,5807,1,South,2022,2,213000
9703,2655,5,3,5,1,3,15792,2,South,2021,12,610000
9704,3396,5,3,24,1,1,11228,3,South,2022,3,564000
9705,1810,4,1,49,1,3,10220,2,West,2021,1,294000
9706,1433,3,1,11,1,1,5960,1,West,2022,7,274000
9707,1542,2,1,8,1,1,6997,2,East,2021,9,336000
9708,1624,3,3,13,1,1,6392,1,North,2022,1,417000
9709,1901,4,1,2,1,1,9814,2,North,2022,7,487000
9710,2027,4,3,20,0,2,8989,2,South,2022,1,351000
9711,1598,2,1,5,1,3,8430,1,South,2021,10,292000
9712,3055,4,3,2,0,1,12761,2,East,2022,11,712000
9713,1035,2,1,14,1,2,2863,1,North,2021,10,213000
9714,1385,3,2,1,1,3,2901,1,West,2022,9,333000
9715,1956,3,1,9,1,2,7449,1,West,2023,5,390000
9716,2031,3,1,2,1,1,5736,2,South,2021,11,395000
9717,1354,3,1,1,0,3,3155,1,East,2022,1,354000
9718,1560,3,2,38,0,1,3442,1,North,2023,2,286000
9719,921,2,1,45,1,2,5405,1,East,2022,12,233000
9720,2799,5,2,3,1,2,14444,1,Central,2022,8,637000
9721,2694,4,2,19,0,0,9800,1,West,2023,4,401000
9722,1665,2,1,4,0,2,7608,2,North,2022,4,380000
9723,2523,5,3,15,1,1,8132,2,Central,2022,4,644000
9724,3393,5,1,11,0,1,11601,3,West,2022,1,510000
9725,1137,1,1,4,1,1,5420,1,East,2022,1,287000
9726,4355,5,1,30,1,3,16669,1,West,2022,3,647000
9727,3471,4,1,2,1,3,14168,3,North,2023,6,749000
9728,1432,3,1,2,0,1,8290,1,East,2023,2,343000
9729,1560,2,1,34,0,1,3604,1,West,2021,3,166000
9730,1243,2,1,27,1,1,3425,1,Central,2021,6,191000
9731,1321,2,1,16,1,2,7794,1,North,2021,9,265000
9732,3093,5,4,14,1,3,15128,3,South,2021,10,623000
9733,1952,3,2,16,1,3,6629,1,Central,2021,1,452000
9734,3172,5,5,12,0,2,14639,3,South,2021,2,597000
9735,3162,5,2,8,1,2,18013,1,Central,2021,3,658000
9736,2406,3,2,16,1,1,4949,1,North,2023,2,446000
9737,1935,3,2,18,0,0,4313,2,North,2022,12,354000
9738,1397,3,2,29,1,2,3195,1,South,2021,12,254000
9739,2208,4,1,31,1,2,5307,1,West,2021,5,288000
9740,2282,3,1,7,1,3,11048,1,North,2021,7,442000
9741,1442,2,1,10,1,1,6976,1,South,2022,9,259000
9742,1461,2,1,7,1,0,3360,1,North,2021,1,261000
9743,2956,4,1,18,1,2,16301,1,South,2023,6,536000
9744,2069,3,2,13,1,3,4157,1,East,2021,10,476000
9745,1211,2,1,43,1,2,7112,1,South,2021,1,176000
9746,2181,3,3,29,1,0,8852,1,South,2022,10,314000
9747,2636,5,2,43,1,3,9044,2,South,2021,4,507000
9748,2409,4,2,30,0,2,11834,1,West,2022,1,321000
9749,1213,2,1,48,1,1,2955,1,North,2021,1,191000
9750,3676,5,2,25,0,1,19855,3,East,2022,5,920000
9751,2409,3,2,48,1,2,14121,1,South,2022,3,305000
9752,1166,1,1,3,0,2,2962,1,South,2021,6,210000
9753,1833,3,1,2,1,2,5075,1,Central,2022,8,431000
9754,2996,5,2,21,1,2,8998,2,Central,2023,1,691000
9755,1280,3,2,49,1,1,7297,1,South,2023,4,148000
9756,1195,2,1,10,1,1,2430,1,West,2021,10,198000
9757,948,2,1,3,1,3,4645,1,West,2021,6,232000
9758,3652,6,3,17,0,2,11458,1,Central,2021,1,824000
9759,1261,2,1,26,0,2,4163,1,Central,2021,4,231000
9760,1892,4,2,5,0,1,6193,1,East,2021,6,417000
9761,3967,6,2,31,1,0,21962,3,Central,2023,2,911000
9762,1070,1,1,49,1,1,5134,1,Central,2021,4,153000
9763,4134,5,2,43,1,0,14637,2,East,2022,4,915000
9764,4447,6,5,4,1,2,14642,3,East,2021,5,1080000
9765,2665,4,2,5,1,3,9179,2,West,2023,3,544000
9766,1448,2,1,7,1,1,3349,1,South,2021,7,246000
9767,1893,3,3,9,1,3,5822,2,West,2021,2,423000
9768,2687,4,2,2,1,2,15442,1,East,2022,8,682000
9769,4497,6,2,34,1,1,20922,1,North,2021,11,782000
9770,1079,2,1,7,0,2,5250,1,Central,2021,8,225000
9771,3360,4,3,42,0,1,16025,1,Central,2021,9,562000
9772,2326,4,2,45,0,2,11476,1,North,2021,6,367000
9773,1582,2,1,1,1,1,6732,2,West,2021,7,259000
9774,2414,4,2,50,1,1,9129,1,South,2021,1,289000
9775,2658,4,3,30,1,2,5982,1,East,2022,6,630000
9776,1766,3,1,17,1,0,9468,1,East,2021,5,382000
9777,1844,3,1,8,1,1,8203,2,East,2021,11,412000
9778,3620,6,3,17,1,1,16816,1,East,2023,6,973000
9779,1643,2,2,5,1,2,4082,1,Central,2021,3,426000
9780,1925,3,1,24,0,3,4971,1,West,2022,11,251000
9781,2189,3,1,2,1,1,6617,1,East,2022,9,508000
9782,1730,2,1,24,1,1,6894,1,West,2022,7,296000
9783,2052,3,2,4,0,2,7644,2,Central,2022,11,395000
9784,3767,5,4,1,1,1,9201,3,North,2022,1,857000
9785,1979,4,2,20,0,2,10962,1,South,2022,4,333000
9786,2689,4,1,21,1,1,8689,2,Central,2022,4,633000
9787,1110,1,1,11,1,2,6524,1,West,2023,1,243000
9788,1475,3,3,2,1,2,3879,1,Central,2022,6,372000
9789,2325,3,2,43,1,0,11626,2,North,2022,5,380000
9790,935,2,2,24,1,2,2011,1,Central,2021,8,228000
9791,1581,3,3,2,1,2,5730,1,West,2021,10,325000
9792,1925,3,2,17,1,1,6489,2,Central,2021,4,416000
9793,1252,2,2,16,1,0,6295,1,East,2022,11,255000
9794,1051,1,1,2,1,1,6017,1,North,2023,1,265000
9795,1982,3,1,23,1,2,7224,2,East,2021,9,447000
9796,2060,4,1,37,1,1,4749,1,East,2022,4,405000
9797,4053,6,2,33,1,2,10107,1,East,2021,6,903000
9798,1767,2,2,3,0,2,9314,2,West,2021,8,312000
9799,2147,3,1,41,1,3,7840,1,East,2021,2,410000
9800,3809,6,4,5,1,2,18501,1,South,2023,1,750000
9801,2625,4,1,47,1,2,8384,1,East,2022,12,606000
9802,925,1,1,2,1,2,2175,1,North,2022,4,265000
9803,1314,2,2,15,0,3,6321,1,North,2021,8,267000
9804,2112,4,2,23,0,1,9606,1,East,2021,11,404000
9805,2387,3,2,3,1,1,4791,2,West,2022,5,384000
9806,2649,4,2,35,1,1,5979,1,Central,2021,4,560000
9807,3471,4,3,25,1,2,16794,3,East,2022,10,740000
9808,2070,3,3,1,0,0,5955,1,Central,2021,8,400000
9809,4451,5,4,23,1,1,21293,3,North,2022,2,841000
9810,1928,3,2,15,0,2,4801,2,Central,2023,1,464000
9811,1059,1,1,3,1,3,4044,1,Central,2021,3,281000
9812,2505,5,2,50,0,3,13282,2,East,2022,5,620000
9813,1459,3,3,43,1,2,4886,1,North,2022,4,306000
9814,3500,6,3,4,1,1,12161,3,East,2022,4,813000
9815,4020,5,1,19,1,3,23910,1,North,2021,9,809000
9816,1940,3,1,5,1,3,8928,1,West,2022,8,353000
9817,2263,3,2,35,0,3,12724,1,North,2022,5,422000
9818,2323,3,3,46,1,2,6381,2,East,2022,6,462000
9819,1903,3,3,6,1,1,7980,1,South,2023,5,393000
9820,2086,3,3,37,0,0,9571,2,North,2022,8,344000
9821,1897,4,1,16,1,3,11263,1,South,2022,1,356000
9822,3493,5,4,9,1,0,9670,2,North,2021,8,602000
9823,2373,3,3,46,0,1,9538,1,West,2023,2,311000
9824,1487,2,1,17,0,2,3565,1,South,2023,6,237000
9825,2283,3,3,14,0,0,6765,2,West,2023,6,346000
9826,2651,4,4,28,1,3,8287,2,West,2022,12,489000
9827,2419,3,2,4,1,1,13458,1,North,2022,1,471000
9828,2179,3,2,5,0,0,5885,2,South,2021,6,321000
9829,3247,5,4,46,1,3,13056,2,East,2021,11,685000
9830,2053,3,2,28,1,1,10264,1,Central,2022,7,409000
9831,1947,4,2,38,1,3,5948,2,East,2021,11,420000
9832,3206,5,3,4,1,2,14141,3,East,2023,6,772000
9833,1015,1,1,19,0,2,2256,1,West,2021,9,130000
9834,4250,5,3,49,1,1,25183,1,Central,2023,4,854000
9835,1390,2,1,5,1,2,5629,1,Central,2021,11,307000
9836,941,1,1,3,0,1,5630,1,East,2021,11,229000
9837,2643,5,3,17,0,3,13007,1,North,2022,10,596000
9838,1594,2,2,8,1,0,8152,2,West,2023,1,281000
9839,3065,5,1,3,1,1,6296,1,North,2022,9,608000
9840,2620,5,2,43,1,3,12891,2,East,2022,8,652000
9841,2816,5,2,50,1,2,9768,1,West,2021,12,374000
9842,3526,5,3,21,1,2,15722,1,West,2021,5,650000
9843,1311,2,1,35,1,2,7360,1,West,2021,11,136000
9844,3133,4,2,41,0,0,15406,1,North,2021,10,494000
9845,1125,2,1,30,0,0,3466,1,Central,2021,4,192000
9846,2057,4,1,1,1,3,8431,2,North,2021,10,484000
9847,2866,4,3,3,1,1,6519,2,North,2021,9,614000
9848,1695,2,2,2,0,1,7074,1,West,2022,3,312000
9849,1935,4,2,1,0,2,6944,1,Central,2021,2,417000
9850,1657,2,2,5,0,1,5510,2,East,2021,10,415000
9851,2223,3,1,8,1,2,8408,2,East,2021,9,485000
9852,4157,5,3,3,1,2,11292,3,East,2022,7,1037000
9853,1099,2,2,2,0,3,2313,1,North,2022,5,292000
9854,2198,3,2,18,0,1,8808,2,West,2021,5,283000
9855,3040,5,4,4,0,1,8329,1,South,2021,10,495000
9856,1828,3,2,36,0,3,5752,1,Central,2021,8,382000
9857,1184,2,2,1,1,1,6745,1,North,2021,1,335000
9858,1801,3,3,40,0,2,10470,2,South,2022,7,316000
9859,1624,3,2,47,1,2,8657,1,East,2022,6,393000
9860,985,1,1,31,1,2,3438,1,East,2021,10,229000
9861,3052,4,1,32,1,2,7075,2,East,2022,7,667000
9862,2470,4,2,46,0,1,14399,1,South,2023,2,327000
9863,3957,6,6,3,0,2,13451,1,North,2022,2,897000
9864,3194,4,3,50,0,1,12272,2,Central,2023,1,615000
9865,2288,3,2,35,1,3,12531,2,East,2021,2,440000
9866,989,1,1,32,1,1,3991,1,East,2022,3,283000
9867,2125,4,2,6,0,3,11367,2,East,2023,5,534000
9868,1303,3,1,19,1,2,7167,1,East,2021,9,303000
9869,3700,6,5,27,0,1,12922,1,West,2022,10,602000
9870,1402,2,1,24,0,2,4689,1,West,2021,5,169000
9871,1225,2,2,30,1,1,5153,1,South,2021,11,205000
9872,2218,3,3,2,0,1,9696,2,East,2021,11,483000
9873,1519,3,1,6,1,1,7401,1,South,2023,1,318000
9874,1423,2,2,11,1,3,7342,1,East,2021,6,326000
9875,1658,3,2,4,1,1,4426,2,East,2022,1,421000
9876,1582,2,1,3,1,3,5848,1,North,2023,2,326000
9877,1269,2,2,2,1,0,3790,1,West,2023,4,262000
9878,2008,3,3,7,1,2,6565,1,South,2023,6,415000
9879,2652,5,1,15,1,3,6765,1,Central,2022,12,629000
9880,2334,3,2,2,0,3,9185,2,South,2021,2,382000
9881,2475,3,2,47,1,1,6219,2,Central,2022,8,415000
9882,2038,4,3,34,1,2,6566,2,East,2023,6,494000
9883,1979,3,3,32,1,1,6051,1,North,2022,11,362000
9884,3896,6,3,3,1,1,15965,2,North,2022,1,851000
9885,1281,3,2,23,0,2,7307,1,North,2022,8,244000
9886,1613,3,2,18,0,1,7548,1,North,2021,7,338000
9887,2792,5,3,49,0,1,11910,1,South,2021,9,377000
9888,2854,5,2,33,1,1,6389,2,South,2023,3,529000
9889,1259,3,1,21,1,0,3334,1,North,2022,5,281000
9890,1215,2,1,40,1,1,6760,1,East,2021,12,206000
9891,2957,4,1,3,1,3,13214,2,South,2022,12,557000
9892,1474,2,1,1,1,0,6742,1,West,2022,5,268000
9893,2590,5,4,29,1,2,9934,2,North,2022,8,631000
9894,2721,4,2,2,1,2,7317,1,Central,2022,12,634000
9895,3246,4,2,2,0,2,10573,2,East,2021,2,655000
9896,1354,2,1,33,1,2,3284,1,West,2021,4,211000
9897,3260,4,2,4,0,2,14968,2,North,2021,12,616000
9898,2026,4,1,25,0,2,9878,1,East,2021,12,406000
9899,3323,4,3,45,1,1,8581,3,South,2021,1,514000
9900,1353,3,2,5,1,3,4396,1,Central,2022,6,338000
9901,1195,1,1,3,1,3,3994,1,Central,2022,7,322000
9902,1768,3,2,2,1,2,7005,2,West,2021,1,349000
9903,1334,2,2,2,1,1,6688,1,West,2023,6,294000
9904,2347,4,2,2,0,2,13965,2,West,2022,3,408000
9905,4418,5,1,2,1,2,13151,2,North,2021,7,891000
9906,2025,4,3,11,1,2,6407,1,West,2022,8,383000
9907,2643,5,4,5,0,2,15422,2,North,2021,12,612000
9908,1501,2,1,30,1,2,8185,2,West,2022,6,253000
9909,1512,2,1,42,0,2,3853,2,North,2021,10,227000
9910,988,1,1,36,0,0,3449,1,South,2021,12,100000
9911,1748,3,3,18,0,2,3919,1,East,2021,10,394000
9912,3713,5,1,2,0,1,8323,1,South,2021,12,654000
9913,1210,3,1,30,1,2,3090,1,West,2021,1,210000
9914,2087,4,3,6,1,1,11268,2,East,2022,10,507000
9915,2489,3,3,2,1,1,7164,1,Central,2021,11,443000
9916,4038,6,5,40,1,0,8321,3,South,2022,12,693000
9917,1243,2,1,5,1,3,3048,1,West,2022,11,244000
9918,967,1,1,3,0,2,2188,1,Central,2022,10,242000
9919,1504,2,1,42,1,1,5560,1,South,2021,7,170000
9920,2375,4,1,44,0,2,12661,1,West,2022,9,269000
9921,1284,2,1,5,1,2,3517,1,South,2022,2,248000
9922,2591,5,2,6,1,2,8104,1,North,2021,12,551000
9923,1607,3,1,21,1,2,6202,2,North,2021,9,375000
9924,2020,4,2,32,1,0,7903,1,West,2022,5,291000
9925,2255,3,1,2,1,1,10624,1,North,2021,2,419000
9926,1179,1,1,22,0,1,5550,1,North,2023,5,237000
9927,2025,3,2,47,0,2,11862,2,East,2023,6,422000
9928,3680,6,3,4,1,1,12825,1,South,2021,9,708000
9929,3070,4,3,44,1,2,14291,2,West,2022,5,472000
9930,2974,4,1,47,1,1,13289,1,North,2022,2,533000
9931,3228,4,2,4,1,1,15997,1,North,2023,1,619000
9932,1481,2,1,33,1,3,8243,1,East,2022,5,320000
9933,1040,1,1,3,1,3,6097,1,East,2023,6,326000
9934,1104,2,1,32,1,0,2311,1,Central,2021,3,204000
9935,1791,3,3,36,0,3,8314,2,East,2022,9,449000
9936,1290,3,2,3,1,2,4785,1,Central,2022,7,341000
9937,1897,4,4,31,1,2,9412,1,South,2021,12,320000
9938,2168,4,2,37,1,1,9221,1,East,2023,5,438000
9939,3003,5,3,6,0,1,10804,2,West,2022,2,479000
9940,2544,5,3,3,1,3,14602,1,West,2022,7,494000
9941,4343,5,4,2,1,3,16903,2,Central,2021,8,997000
9942,1209,3,1,21,1,2,5240,1,East,2021,11,300000
9943,1499,3,1,49,1,3,8790,1,South,2021,2,195000
9944,1912,4,2,38,1,2,10986,1,Central,2021,12,361000
9945,1405,3,1,11,1,1,6720,1,North,2021,4,260000
9946,1472,3,2,18,0,1,5013,1,North,2023,4,275000
9947,2358,4,1,4,0,1,11052,2,East,2022,6,512000
9948,1374,2,2,3,0,2,5144,1,South,2021,8,240000
9949,1830,3,2,15,1,3,9367,2,South,2021,10,415000
9950,1628,3,3,13,1,2,3762,2,Central,2021,11,434000
9951,2411,4,1,17,0,2,6863,2,South,2021,1,349000
9952,1603,2,2,47,1,2,3304,1,West,2021,7,234000
9953,1758,2,1,23,1,1,6665,1,South,2022,4,259000
9954,1168,2,1,23,1,1,4365,1,South,2022,1,216000
9955,1207,3,2,2,1,2,3813,1,South,2022,1,273000
9956,2256,4,3,50,1,2,10130,2,East,2021,9,392000
9957,3355,4,1,35,0,3,12771,3,South,2022,10,515000
9958,3152,4,1,42,1,1,15136,1,West,2022,5,420000
9959,2084,3,2,10,0,2,10057,2,West,2022,11,351000
9960,1027,1,1,16,1,2,2834,1,East,2021,2,258000
9961,2270,3,2,17,0,0,9667,1,North,2021,5,291000
9962,2282,3,2,3,0,2,9183,2,North,2021,10,423000
9963,1895,3,1,29,0,1,10957,1,East,2021,7,350000
9964,2028,3,1,44,1,2,7648,1,Central,2023,6,403000
9965,1784,2,1,3,1,2,10067,2,East,2022,8,453000
9966,2104,4,2,2,0,1,9391,2,East,2021,12,485000
9967,3429,4,1,32,0,3,10735,1,Central,2021,1,567000
9968,1560,2,2,4,1,1,5080,1,North,2021,9,293000
9969,2751,5,4,24,0,1,12744,1,South,2022,10,485000
9970,929,2,1,29,0,2,4759,1,East,2021,7,185000
9971,1022,2,1,5,1,3,4639,1,South,2022,3,285000
9972,4284,5,1,38,1,0,10763,3,Central,2022,8,841000
9973,3784,6,5,19,0,1,9008,3,East,2021,9,974000
9974,1404,2,1,41,1,2,3616,1,North,2022,1,234000
9975,1669,3,1,34,1,1,8968,2,North,2022,7,352000
9976,1513,2,1,41,1,0,8059,2,East,2021,8,190000
9977,2364,3,2,1,0,1,12430,1,East,2021,11,433000
9978,2871,4,4,3,1,3,16916,1,Central,2021,2,663000
9979,4096,6,2,2,0,3,20188,3,East,2021,6,1041000
9980,2093,4,1,12,1,0,5378,2,West,2023,6,367000
9981,2180,3,1,43,0,2,12698,2,South,2021,4,268000
9982,2047,3,2,14,1,1,7118,2,North,2021,5,423000
9983,2490,3,1,40,1,2,10656,1,West,2021,1,274000
9984,3765,5,4,5,1,0,10894,2,Central,2021,10,913000
9985,3144,5,3,5,0,0,14449,1,East,2021,12,652000
9986,2303,3,2,43,1,2,12986,1,East,2021,11,385000
9987,2088,4,3,11,1,0,5931,2,East,2023,2,533000
9988,1022,1,1,36,0,1,4300,1,East,2022,8,203000
9989,1282,2,1,3,1,3,6708,1,North,2022,6,339000
9990,3025,4,2,47,0,3,8860,3,West,2021,2,423000
9991,2351,4,4,21,1,1,5752,2,East,2022,10,526000
9992,2190,4,1,34,1,2,12220,2,South,2022,10,403000
9993,1618,2,1,2,0,2,9384,2,East,2023,5,460000
9994,3366,4,3,15,0,2,12540,3,South,2023,3,575000
9995,1165,1,1,44,0,3,4222,1,East,2022,10,246000
9996,2667,5,4,42,1,2,14536,1,West,2021,10,432000
9997,3096,4,3,1,1,2,17086,2,South,2022,2,573000
9998,3560,6,6,5,0,1,13836,1,West,2021,1,672000
9999,1750,2,2,12,1,2,8247,1,East,2022,2,415000
10000,1227,2,1,3,0,2,6926,1,Central,2022,1,297000
