transaction_id,customer_id,amount,timestamp,merchant_category
10628,C6906,9300.9,2023-06-01 00:00:56,Retail
7033,C2936,41.15,2023-06-01 00:03:41,Electronics
5331,C1639,45.89,2023-06-01 00:03:45,Electronics
6845,C7277,49.8,2023-06-01 00:03:54,Retail
8001,C2999,77.94,2023-06-01 00:03:57,Restaurant
8824,C9806,24.84,2023-06-01 00:03:58,Grocery
4231,C1530,98.72,2023-06-01 00:04:44,Restaurant
6649,C6339,82.26,2023-06-01 00:08:20,Restaurant
4745,C3793,46.3,2023-06-01 00:08:26,Restaurant
8733,C8796,50.62,2023-06-01 00:10:08,Entertainment
5608,C2621,85.81,2023-06-01 00:10:41,Grocery
4392,C8506,47.81,2023-06-01 00:10:55,Grocery
5092,C5748,42.21,2023-06-01 00:13:02,Restaurant
9003,C2668,50.01,2023-06-01 00:13:26,Electronics
6122,C3419,68.34,2023-06-01 00:13:33,Retail
2084,C1992,51.37,2023-06-01 00:14:20,Retail
5243,C9918,5622.63,2023-06-01 00:15:54,Grocery
1662,C7625,65.12,2023-06-01 00:19:44,Retail
5643,C7631,7106.09,2023-06-01 00:20:01,Entertainment
2131,C2786,80.56,2023-06-01 00:21:01,Electronics
7579,C7837,68.44,2023-06-01 00:22:08,Electronics
5803,C5366,30.81,2023-06-01 00:24:11,Restaurant
2584,C7524,35.51,2023-06-01 00:25:30,Retail
4432,C4734,30.14,2023-06-01 00:25:31,Restaurant
1052,C2307,44.94,2023-06-01 00:27:00,Electronics
5664,C4844,98.08,2023-06-01 00:29:13,Entertainment
3065,C8714,107.8,2023-06-01 00:30:11,Restaurant
4336,C7249,45.41,2023-06-01 00:30:16,Restaurant
5588,C4863,94.54,2023-06-01 00:30:59,Electronics
9596,C9992,62.06,2023-06-01 00:31:06,Electronics
1410,C2146,64.65,2023-06-01 00:31:53,Retail
5435,C4795,65.82,2023-06-01 00:33:33,Restaurant
9935,C8756,70.6,2023-06-01 00:33:34,Grocery
8975,C5102,51.78,2023-06-01 00:34:02,Restaurant
9815,C8938,84.4,2023-06-01 00:34:44,Retail
5431,C4190,55.39,2023-06-01 00:35:33,Restaurant
1206,C6559,72.61,2023-06-01 00:36:43,Electronics
10662,C6292,58.84,2023-06-01 00:36:52,Electronics
5438,C6893,1940.6,2023-06-01 00:37:54,Restaurant
10086,C7554,29.02,2023-06-01 00:38:05,Grocery
5869,C6189,78.89,2023-06-01 00:38:44,Restaurant
2699,C6912,36.94,2023-06-01 00:39:03,Restaurant
7254,C8598,110.38,2023-06-01 00:39:45,Entertainment
8564,C4360,11515.41,2023-06-01 00:40:04,Retail
5898,C9873,35.54,2023-06-01 00:41:59,Restaurant
3381,C2284,51.07,2023-06-01 00:42:16,Grocery
9681,C8827,48.05,2023-06-01 00:44:26,Retail
7376,C5673,28.01,2023-06-01 00:45:38,Retail
6353,C3656,51.45,2023-06-01 00:45:53,Entertainment
1925,C8994,89.49,2023-06-01 00:47:02,Restaurant
1598,C4978,79.38,2023-06-01 00:48:33,Grocery
4142,C6883,10.0,2023-06-01 00:48:57,Entertainment
7841,C2601,44.32,2023-06-01 00:49:05,Restaurant
1376,C7528,44.88,2023-06-01 00:49:50,Restaurant
10139,C2623,38.04,2023-06-01 00:51:24,Restaurant
8805,C1473,35.16,2023-06-01 00:53:24,Electronics
5079,C8094,22.03,2023-06-01 00:53:34,Retail
9207,C9392,55.19,2023-06-01 00:54:21,Grocery
9566,C1648,38.6,2023-06-01 00:54:41,Retail
8351,C3813,47.87,2023-06-01 00:56:10,Entertainment
6944,C2137,2982.82,2023-06-01 00:57:19,Retail
4792,C8091,100.13,2023-06-01 00:57:48,Retail
9080,C1691,23.41,2023-06-01 00:58:32,Entertainment
4406,C7732,70.89,2023-06-01 01:00:25,Entertainment
4108,C1829,126.11,2023-06-01 01:01:38,Retail
7076,C2978,100.96,2023-06-01 01:01:47,Retail
1322,C5533,10.0,2023-06-01 01:01:54,Entertainment
7306,C8966,56.54,2023-06-01 01:03:46,Retail
7268,C5420,65.77,2023-06-01 01:04:25,Retail
2562,C6447,40.35,2023-06-01 01:04:31,Entertainment
9704,C5951,90.95,2023-06-01 01:05:28,Restaurant
5350,C6742,59.7,2023-06-01 01:12:19,Grocery
9785,C6918,89.24,2023-06-01 01:12:19,Electronics
5285,C4992,30.08,2023-06-01 01:12:42,Electronics
6377,C8794,91.8,2023-06-01 01:15:45,Entertainment
9624,C9278,0.69,2023-06-01 01:16:44,Retail
3022,C8007,69.33,2023-06-01 01:19:00,Grocery
4801,C9283,10.0,2023-06-01 01:19:17,Electronics
2482,C4637,5974.34,2023-06-01 01:21:54,Grocery
6442,C9069,24.91,2023-06-01 01:24:33,Electronics
2683,C6692,86.45,2023-06-01 01:24:51,Electronics
4421,C1807,1000.0,2023-06-01 01:26:31,Entertainment
5531,C7081,72.61,2023-06-01 01:26:59,Entertainment
10834,C3641,61.67,2023-06-01 01:28:36,Grocery
8421,C6681,3698.03,2023-06-01 01:28:48,Grocery
7581,C2251,12.76,2023-06-01 01:30:58,Grocery
6710,C5819,5063.67,2023-06-01 01:39:42,Entertainment
2046,C4626,45.98,2023-06-01 01:40:21,Retail
7886,C8425,47.12,2023-06-01 01:41:45,Retail
2660,C5089,118.12,2023-06-01 01:41:53,Restaurant
7292,C8839,58.38,2023-06-01 01:44:56,Retail
8578,C9860,37.33,2023-06-01 01:46:12,Entertainment
9802,C8404,37.48,2023-06-01 01:46:51,Electronics
10152,C9414,30.09,2023-06-01 01:47:13,Entertainment
5878,C1646,54.19,2023-06-01 01:47:48,Restaurant
3360,C5441,41.52,2023-06-01 01:48:00,Restaurant
4324,C8758,71.06,2023-06-01 01:50:22,Electronics
8440,C6902,50.2,2023-06-01 01:50:24,Restaurant
10249,C2755,99.45,2023-06-01 01:51:11,Grocery
4229,C1029,1.17,2023-06-01 01:52:07,Grocery
3940,C9185,66.56,2023-06-01 01:52:55,Retail
3099,C8575,61.99,2023-06-01 01:53:54,Grocery
4190,C4584,42.33,2023-06-01 01:54:58,Electronics
10711,C3257,73.58,2023-06-01 01:55:12,Entertainment
10322,C1852,52.48,2023-06-01 01:56:05,Grocery
1646,C5526,51.49,2023-06-01 01:56:27,Grocery
1186,C8953,59.31,2023-06-01 01:57:02,Retail
5280,C8848,52.68,2023-06-01 01:57:06,Entertainment
9210,C8391,44.85,2023-06-01 01:57:35,Restaurant
9277,C8187,48.55,2023-06-01 01:59:53,Restaurant
4444,C8937,104.38,2023-06-01 02:00:47,Restaurant
10237,C5994,93.07,2023-06-01 02:00:55,Entertainment
4257,C7323,49.21,2023-06-01 02:00:57,Retail
7806,C6591,85.27,2023-06-01 02:01:48,Entertainment
1270,C9565,107.26,2023-06-01 02:03:17,Electronics
2818,C1828,71.4,2023-06-01 02:05:16,Electronics
5571,C6621,3574.62,2023-06-01 02:05:51,Grocery
4326,C6052,73.46,2023-06-01 02:07:36,Retail
6739,C3056,21.42,2023-06-01 02:07:48,Electronics
2649,C8371,55.38,2023-06-01 02:08:09,Restaurant
10018,C7640,88.19,2023-06-01 02:09:48,Retail
9221,C8236,10.0,2023-06-01 02:10:26,Retail
4138,C5082,64.33,2023-06-01 02:11:17,Retail
9961,C1149,50.29,2023-06-01 02:11:54,Restaurant
5019,C9691,38.89,2023-06-01 02:12:09,Grocery
6832,C3873,55.86,2023-06-01 02:12:14,Restaurant
6218,C4314,33.06,2023-06-01 02:12:43,Electronics
10231,C5809,0.93,2023-06-01 02:14:39,Retail
2785,C4960,82.12,2023-06-01 02:15:46,Electronics
8293,C9596,80.99,2023-06-01 02:16:42,Restaurant
6114,C4825,10.0,2023-06-01 02:18:19,Electronics
7074,C6496,6107.79,2023-06-01 02:18:54,Electronics
6909,C4163,61.23,2023-06-01 02:18:54,Grocery
4057,C4401,65.03,2023-06-01 02:19:04,Retail
3466,C2752,27.74,2023-06-01 02:19:38,Grocery
7295,C6250,78.91,2023-06-01 02:19:42,Entertainment
8940,C2994,58.97,2023-06-01 02:19:50,Grocery
9731,C7138,59.19,2023-06-01 02:19:59,Entertainment
7883,C7591,57.85,2023-06-01 02:20:48,Grocery
9724,C7845,92.3,2023-06-01 02:21:33,Restaurant
4451,C6097,88.72,2023-06-01 02:24:25,Retail
3993,C4201,86.18,2023-06-01 02:26:03,Electronics
7445,C4185,123.73,2023-06-01 02:26:08,Electronics
1493,C4919,69.76,2023-06-01 02:26:26,Electronics
9641,C5640,78.11,2023-06-01 02:26:34,Electronics
4002,C6675,67.99,2023-06-01 02:28:01,Restaurant
1127,C2743,44.04,2023-06-01 02:30:06,Retail
6140,C8913,100.71,2023-06-01 02:30:42,Entertainment
1067,C5010,96.32,2023-06-01 02:31:54,Entertainment
1457,C8461,37.77,2023-06-01 02:32:28,Entertainment
3306,C8916,47.25,2023-06-01 02:32:37,Restaurant
7640,C9272,31.75,2023-06-01 02:34:07,Electronics
4413,C5512,101.59,2023-06-01 02:34:19,Restaurant
5224,C4796,61.78,2023-06-01 02:36:15,Retail
4706,C7713,74.93,2023-06-01 02:36:49,Electronics
3269,C3497,77.99,2023-06-01 02:36:56,Restaurant
8988,C8314,35.58,2023-06-01 02:39:28,Grocery
3568,C6225,83.79,2023-06-01 02:42:12,Electronics
7210,C9015,24.28,2023-06-01 02:43:21,Entertainment
9327,C5769,71.28,2023-06-01 02:44:03,Retail
5163,C6131,34.97,2023-06-01 02:44:12,Grocery
3988,C5979,100.98,2023-06-01 02:45:52,Grocery
2712,C3053,1925.75,2023-06-01 02:46:15,Entertainment
2218,C6567,56.0,2023-06-01 02:46:38,Retail
8478,C1764,59.59,2023-06-01 02:46:56,Restaurant
3754,C6289,35.04,2023-06-01 02:51:44,Electronics
3135,C3086,26.26,2023-06-01 02:51:51,Electronics
7718,C9177,35.62,2023-06-01 02:56:13,Grocery
7558,C9755,68.17,2023-06-01 02:56:15,Restaurant
7184,C3234,3759.65,2023-06-01 02:59:38,Grocery
3916,C3684,87.58,2023-06-01 03:01:39,Grocery
5557,C1137,83.94,2023-06-01 03:02:11,Restaurant
3925,C5403,83.16,2023-06-01 03:02:35,Entertainment
2639,C8179,59.27,2023-06-01 03:03:55,Entertainment
7141,C4433,81.27,2023-06-01 03:04:08,Entertainment
3061,C8454,80.28,2023-06-01 03:05:05,Entertainment
8395,C1834,14.79,2023-06-01 03:06:03,Retail
10882,C8753,39.56,2023-06-01 03:06:12,Electronics
7383,C1674,43.12,2023-06-01 03:06:46,Retail
9395,C4559,52.18,2023-06-01 03:08:40,Retail
3147,C8546,84.1,2023-06-01 03:08:59,Grocery
7458,C5663,67.28,2023-06-01 03:09:15,Entertainment
2403,C6082,78.68,2023-06-01 03:10:57,Retail
8296,C8671,38.73,2023-06-01 03:11:28,Entertainment
1103,C3504,106.23,2023-06-01 03:11:51,Electronics
2264,C1897,10.0,2023-06-01 03:12:37,Retail
9537,C7264,21.28,2023-06-01 03:13:51,Retail
2413,C7937,41.04,2023-06-01 03:14:02,Retail
3896,C9788,48.71,2023-06-01 03:14:29,Electronics
9634,C3503,81.49,2023-06-01 03:16:22,Retail
6692,C3444,35.12,2023-06-01 03:16:44,Retail
7650,C1070,98.4,2023-06-01 03:17:34,Restaurant
2959,C2789,10.7,2023-06-01 03:17:52,Retail
6010,C4519,98.58,2023-06-01 03:18:22,Electronics
2707,C8842,39.33,2023-06-01 03:19:09,Entertainment
9025,C2682,72.87,2023-06-01 03:21:46,Restaurant
9030,C9337,94.66,2023-06-01 03:22:00,Electronics
6922,C4018,0.42,2023-06-01 03:22:55,Retail
8503,C6959,7490.48,2023-06-01 03:23:02,Electronics
10500,C1022,63.72,2023-06-01 03:23:53,Entertainment
5269,C3461,77.34,2023-06-01 03:24:18,Electronics
3230,C8854,63.76,2023-06-01 03:25:37,Retail
4128,C7750,52.52,2023-06-01 03:25:40,Electronics
8114,C5068,62.5,2023-06-01 03:25:50,Retail
6796,C8438,50.25,2023-06-01 03:25:57,Retail
9455,C1564,73.42,2023-06-01 03:26:30,Entertainment
3611,C6134,46.93,2023-06-01 03:27:17,Retail
2137,C5941,64.77,2023-06-01 03:30:29,Electronics
6659,C3605,64.53,2023-06-01 03:30:55,Retail
8081,C3445,15.53,2023-06-01 03:33:13,Grocery
4893,C7347,50.04,2023-06-01 03:33:29,Restaurant
4293,C3573,59.06,2023-06-01 03:34:43,Restaurant
1627,C6280,11469.05,2023-06-01 03:35:10,Restaurant
3210,C9683,25.11,2023-06-01 03:37:00,Retail
8272,C9021,55.15,2023-06-01 03:37:31,Grocery
5781,C5622,64.9,2023-06-01 03:39:56,Retail
10259,C4236,80.66,2023-06-01 03:43:21,Retail
7512,C5009,0.46,2023-06-01 03:45:21,Restaurant
5562,C6331,122.32,2023-06-01 03:45:25,Retail
3442,C9537,79.55,2023-06-01 03:45:38,Grocery
6702,C5989,53.19,2023-06-01 03:46:44,Retail
3485,C6228,53.24,2023-06-01 03:47:08,Electronics
9636,C5215,39.38,2023-06-01 03:47:49,Entertainment
5714,C9841,51.41,2023-06-01 03:48:04,Grocery
2235,C7062,71.21,2023-06-01 03:48:15,Entertainment
4963,C4327,75.26,2023-06-01 03:48:37,Restaurant
10602,C2680,26.77,2023-06-01 03:51:18,Restaurant
8051,C3131,10.0,2023-06-01 03:51:46,Electronics
3926,C2934,71.47,2023-06-01 03:51:50,Retail
10668,C9097,46.77,2023-06-01 03:52:11,Grocery
10866,C9174,48.38,2023-06-01 03:53:10,Restaurant
10806,C8926,111.22,2023-06-01 03:54:33,Retail
7159,C6340,0.58,2023-06-01 03:55:12,Entertainment
6730,C3841,87.93,2023-06-01 03:55:25,Grocery
3467,C3219,39.2,2023-06-01 03:55:33,Restaurant
7588,C6940,56.56,2023-06-01 03:56:49,Electronics
7731,C3001,68.12,2023-06-01 03:57:34,Electronics
1736,C6003,56.51,2023-06-01 03:58:05,Restaurant
9047,C9866,41.62,2023-06-01 03:58:21,Grocery
3717,C7743,52.24,2023-06-01 03:58:30,Retail
8831,C3742,57.45,2023-06-01 03:59:56,Grocery
1828,C7770,52.8,2023-06-01 04:00:21,Retail
9546,C4873,68.46,2023-06-01 04:01:49,Grocery
7237,C4940,75.0,2023-06-01 04:04:03,Entertainment
10991,C7375,3293.37,2023-06-01 04:04:32,Electronics
4892,C2696,99.14,2023-06-01 04:05:05,Restaurant
5538,C5591,59.82,2023-06-01 04:05:21,Entertainment
5398,C3650,69.57,2023-06-01 04:06:06,Electronics
6398,C1803,68.89,2023-06-01 04:06:10,Restaurant
1136,C1009,78.08,2023-06-01 04:06:20,Grocery
10097,C7097,64.55,2023-06-01 04:06:59,Entertainment
4223,C3872,103.88,2023-06-01 04:07:41,Entertainment
2895,C1517,0.2,2023-06-01 04:11:07,Grocery
6448,C2936,79.84,2023-06-01 04:11:57,Retail
8917,C3793,70.54,2023-06-01 04:12:26,Retail
1165,C9479,62.45,2023-06-01 04:14:58,Retail
9925,C3933,87.41,2023-06-01 04:15:02,Grocery
6337,C3024,7333.39,2023-06-01 04:15:43,Entertainment
3897,C6353,56.9,2023-06-01 04:17:12,Restaurant
5128,C4014,1.34,2023-06-01 04:18:21,Electronics
3066,C9806,40.96,2023-06-01 04:18:53,Grocery
10892,C7701,84.94,2023-06-01 04:20:15,Grocery
7359,C5982,79.0,2023-06-01 04:20:21,Restaurant
5383,C7511,79.57,2023-06-01 04:21:11,Grocery
4848,C2868,84.9,2023-06-01 04:21:25,Retail
4382,C3422,34.1,2023-06-01 04:21:51,Entertainment
2421,C6598,105.31,2023-06-01 04:21:55,Restaurant
8697,C7841,1.45,2023-06-01 04:22:33,Electronics
6258,C4014,37.55,2023-06-01 04:23:08,Electronics
3774,C5945,83.65,2023-06-01 04:23:54,Grocery
1629,C2419,19.59,2023-06-01 04:25:39,Entertainment
9176,C7125,111.35,2023-06-01 04:26:13,Grocery
7994,C1570,62.12,2023-06-01 04:26:39,Grocery
7687,C4700,82.3,2023-06-01 04:30:54,Entertainment
4512,C4575,73.44,2023-06-01 04:32:05,Entertainment
8438,C7395,89.06,2023-06-01 04:32:21,Retail
10847,C8331,6743.0,2023-06-01 04:33:21,Retail
8163,C9179,41.12,2023-06-01 04:36:43,Electronics
6612,C9740,87.14,2023-06-01 04:36:53,Grocery
7382,C2915,100.2,2023-06-01 04:37:12,Restaurant
9981,C1556,102.39,2023-06-01 04:37:14,Restaurant
7370,C6785,58.4,2023-06-01 04:37:55,Grocery
8025,C7920,67.47,2023-06-01 04:39:22,Retail
1263,C4853,25.02,2023-06-01 04:39:58,Grocery
6481,C3224,73.75,2023-06-01 04:42:27,Restaurant
8476,C6575,70.08,2023-06-01 04:43:10,Grocery
5814,C5078,10.0,2023-06-01 04:44:01,Retail
3408,C3526,73.03,2023-06-01 04:44:25,Retail
10651,C6247,0.32,2023-06-01 04:46:02,Grocery
5385,C7770,1.52,2023-06-01 04:46:58,Grocery
7601,C6036,68.07,2023-06-01 04:47:25,Entertainment
3881,C9209,81.5,2023-06-01 04:48:50,Electronics
1038,C5333,45.22,2023-06-01 04:50:23,Entertainment
10054,C1756,60.33,2023-06-01 04:50:43,Electronics
6652,C9728,10.0,2023-06-01 04:50:54,Electronics
7395,C7109,37.39,2023-06-01 04:51:16,Electronics
3757,C9967,60.38,2023-06-01 04:51:19,Grocery
4935,C1927,43.66,2023-06-01 04:51:38,Retail
2530,C1269,0.77,2023-06-01 04:51:48,Electronics
9374,C8476,0.34,2023-06-01 04:53:17,Electronics
6870,C1194,57.95,2023-06-01 04:53:34,Electronics
5794,C6104,26.18,2023-06-01 04:53:50,Grocery
2119,C3854,1.19,2023-06-01 04:54:15,Retail
1937,C3725,1.02,2023-06-01 04:54:16,Retail
3154,C7868,26.59,2023-06-01 04:55:07,Electronics
7185,C8499,48.22,2023-06-01 04:56:29,Grocery
8265,C6080,68.29,2023-06-01 04:56:32,Retail
4450,C2075,7427.78,2023-06-01 04:56:57,Electronics
1341,C1685,33.42,2023-06-01 04:57:00,Entertainment
3615,C6700,85.44,2023-06-01 04:57:29,Grocery
7452,C3423,81.49,2023-06-01 04:58:29,Restaurant
10467,C5448,10.38,2023-06-01 04:58:49,Entertainment
6588,C5011,62.56,2023-06-01 04:59:14,Entertainment
5090,C9238,58.69,2023-06-01 04:59:28,Retail
2128,C8344,99.74,2023-06-01 05:01:31,Electronics
2301,C8538,1.7,2023-06-01 05:01:35,Restaurant
9196,C5170,53.1,2023-06-01 05:02:03,Electronics
5767,C2808,64.6,2023-06-01 05:02:34,Grocery
3827,C8248,96.66,2023-06-01 05:03:21,Retail
7975,C7690,86.0,2023-06-01 05:04:32,Retail
2910,C9498,90.17,2023-06-01 05:05:36,Retail
10633,C8022,58.36,2023-06-01 05:05:44,Retail
9748,C8220,0.06,2023-06-01 05:05:48,Retail
9162,C4428,65.21,2023-06-01 05:06:35,Grocery
4739,C7979,55.35,2023-06-01 05:07:37,Electronics
6549,C9558,74.45,2023-06-01 05:07:59,Retail
4884,C9689,73.37,2023-06-01 05:09:20,Entertainment
7120,C9686,19.42,2023-06-01 05:09:50,Retail
6720,C4854,78.3,2023-06-01 05:12:03,Entertainment
10195,C9722,14.55,2023-06-01 05:12:16,Restaurant
4230,C7415,24.78,2023-06-01 05:14:11,Restaurant
10619,C3778,10.0,2023-06-01 05:14:12,Restaurant
7002,C1644,52.27,2023-06-01 05:17:10,Entertainment
1357,C3938,29.26,2023-06-01 05:18:04,Entertainment
8814,C7664,27.79,2023-06-01 05:20:14,Grocery
3323,C2578,109.81,2023-06-01 05:23:02,Grocery
8153,C2468,93.01,2023-06-01 05:24:11,Electronics
8929,C1378,70.96,2023-06-01 05:24:56,Restaurant
5076,C7357,1.26,2023-06-01 05:25:08,Grocery
3421,C2674,55.45,2023-06-01 05:25:50,Entertainment
10617,C2841,80.51,2023-06-01 05:26:27,Restaurant
1768,C3330,64.92,2023-06-01 05:26:30,Grocery
9787,C7200,105.23,2023-06-01 05:27:11,Electronics
1729,C4697,59.52,2023-06-01 05:28:02,Electronics
1572,C2124,55.42,2023-06-01 05:29:20,Restaurant
1016,C9279,32.53,2023-06-01 05:29:27,Retail
1195,C2545,50.61,2023-06-01 05:32:58,Entertainment
5323,C4315,76.07,2023-06-01 05:34:08,Entertainment
4495,C7709,81.33,2023-06-01 05:35:13,Grocery
3200,C9813,103.81,2023-06-01 05:36:13,Electronics
4525,C2045,49.89,2023-06-01 05:37:47,Grocery
3906,C8118,69.1,2023-06-01 05:38:39,Retail
8995,C2065,72.28,2023-06-01 05:39:46,Grocery
10323,C6605,12.95,2023-06-01 05:40:31,Electronics
1310,C5462,0.81,2023-06-01 05:41:09,Restaurant
6821,C5129,71.72,2023-06-01 05:41:26,Grocery
2079,C6942,55.42,2023-06-01 05:41:36,Grocery
1074,C1916,49.34,2023-06-01 05:42:36,Grocery
7736,C3205,35.91,2023-06-01 05:44:17,Restaurant
7034,C4468,10.0,2023-06-01 05:45:37,Grocery
6482,C8888,91.6,2023-06-01 05:45:39,Entertainment
1327,C5291,65.8,2023-06-01 05:46:57,Restaurant
1853,C8560,51.32,2023-06-01 05:47:16,Grocery
9521,C2668,68.02,2023-06-01 05:47:18,Entertainment
2106,C3370,41.3,2023-06-01 05:48:13,Retail
10338,C5606,38.04,2023-06-01 05:48:29,Retail
9257,C1194,48.0,2023-06-01 05:48:48,Electronics
10464,C7293,85.01,2023-06-01 05:49:28,Electronics
5866,C3061,65.26,2023-06-01 05:50:10,Grocery
5604,C5915,81.54,2023-06-01 05:51:18,Retail
5401,C9328,69.87,2023-06-01 05:51:27,Entertainment
9526,C6314,45.55,2023-06-01 05:51:45,Retail
5558,C1193,100.34,2023-06-01 05:52:56,Entertainment
3530,C7547,73.96,2023-06-01 05:53:49,Entertainment
6328,C1408,85.89,2023-06-01 05:55:35,Restaurant
6629,C4004,40.75,2023-06-01 05:57:10,Electronics
3824,C4490,39.01,2023-06-01 05:57:28,Restaurant
4861,C9067,92.4,2023-06-01 05:58:14,Grocery
1770,C1977,97.63,2023-06-01 05:58:22,Grocery
3553,C2406,45.35,2023-06-01 06:00:35,Entertainment
6035,C8999,74.16,2023-06-01 06:01:32,Entertainment
7947,C7668,58.72,2023-06-01 06:05:13,Retail
2371,C8381,48.27,2023-06-01 06:05:19,Grocery
8791,C4925,60.94,2023-06-01 06:06:16,Electronics
8956,C4188,23.33,2023-06-01 06:09:12,Grocery
7081,C7060,54.35,2023-06-01 06:09:16,Retail
6744,C3359,49.81,2023-06-01 06:10:15,Electronics
4435,C8259,89.78,2023-06-01 06:10:40,Entertainment
3593,C8037,84.2,2023-06-01 06:12:12,Grocery
10166,C8678,41.67,2023-06-01 06:13:07,Entertainment
4951,C7371,80.49,2023-06-01 06:13:46,Electronics
1668,C6632,59.19,2023-06-01 06:17:18,Retail
4864,C2752,49.36,2023-06-01 06:17:45,Entertainment
1237,C7396,69.74,2023-06-01 06:18:52,Restaurant
7938,C3883,59.04,2023-06-01 06:20:38,Electronics
8057,C5270,92.79,2023-06-01 06:21:07,Electronics
9936,C6706,44.83,2023-06-01 06:21:55,Electronics
7624,C1168,50.4,2023-06-01 06:24:35,Grocery
8048,C3585,35.92,2023-06-01 06:24:42,Entertainment
9675,C7032,33.09,2023-06-01 06:26:51,Retail
7746,C3502,1.95,2023-06-01 06:29:02,Grocery
3290,C9584,67.14,2023-06-01 06:29:26,Restaurant
1993,C4770,73.36,2023-06-01 06:30:07,Retail
9986,C5959,85.36,2023-06-01 06:30:55,Restaurant
4153,C6224,1.46,2023-06-01 06:33:16,Retail
7168,C4884,72.72,2023-06-01 06:33:46,Grocery
9396,C9085,63.44,2023-06-01 06:34:44,Grocery
1530,C9947,31.13,2023-06-01 06:35:53,Retail
6255,C9230,36.67,2023-06-01 06:37:02,Electronics
1079,C5386,15.79,2023-06-01 06:38:01,Entertainment
6208,C3502,1.22,2023-06-01 06:38:29,Electronics
8224,C2737,42.82,2023-06-01 06:38:52,Electronics
7670,C8633,89.71,2023-06-01 06:41:52,Retail
2846,C7453,96.64,2023-06-01 06:42:46,Electronics
3861,C6916,1.63,2023-06-01 06:43:37,Grocery
9761,C8829,1.25,2023-06-01 06:43:47,Entertainment
7851,C6952,10.0,2023-06-01 06:47:27,Grocery
9818,C6707,65.68,2023-06-01 06:47:28,Retail
3072,C9653,65.31,2023-06-01 06:50:10,Retail
10019,C1323,46.9,2023-06-01 06:50:27,Restaurant
1727,C2940,75.64,2023-06-01 06:52:48,Restaurant
9318,C9005,40.84,2023-06-01 06:52:51,Entertainment
6863,C7222,73.59,2023-06-01 06:56:08,Electronics
7223,C1083,55.56,2023-06-01 07:00:51,Restaurant
4850,C4633,57.76,2023-06-01 07:01:14,Grocery
9549,C2300,93.98,2023-06-01 07:02:05,Electronics
1135,C9689,39.81,2023-06-01 07:03:52,Entertainment
2531,C9443,64.12,2023-06-01 07:04:11,Entertainment
2946,C1689,19.32,2023-06-01 07:05:45,Electronics
4379,C2283,30.45,2023-06-01 07:06:05,Electronics
1552,C3977,47.9,2023-06-01 07:08:37,Retail
8923,C3087,84.45,2023-06-01 07:09:14,Retail
2997,C5888,0.37,2023-06-01 07:09:57,Entertainment
8806,C7676,57.74,2023-06-01 07:10:27,Entertainment
2425,C3253,93.89,2023-06-01 07:11:40,Grocery
8470,C2867,86.8,2023-06-01 07:12:48,Retail
1681,C9779,40.11,2023-06-01 07:13:05,Retail
4062,C2964,0.36,2023-06-01 07:13:30,Retail
9093,C7558,58.83,2023-06-01 07:13:33,Entertainment
8380,C8765,55.6,2023-06-01 07:14:11,Electronics
10362,C1834,59.71,2023-06-01 07:16:33,Electronics
6107,C5994,81.21,2023-06-01 07:16:33,Restaurant
2202,C3535,33.48,2023-06-01 07:17:08,Retail
9572,C6427,35.33,2023-06-01 07:17:51,Grocery
1517,C2020,75.38,2023-06-01 07:19:31,Entertainment
3501,C8183,76.11,2023-06-01 07:19:57,Grocery
1617,C3506,85.95,2023-06-01 07:26:35,Entertainment
3475,C6484,71.85,2023-06-01 07:28:17,Restaurant
10293,C1659,73.51,2023-06-01 07:28:51,Electronics
10550,C3911,86.21,2023-06-01 07:29:13,Electronics
1367,C4644,56.64,2023-06-01 07:31:04,Grocery
9934,C7921,44.11,2023-06-01 07:32:28,Electronics
7572,C3532,49.7,2023-06-01 07:34:36,Electronics
7444,C7462,15.87,2023-06-01 07:35:59,Restaurant
10774,C8821,28.25,2023-06-01 07:36:41,Retail
9845,C2728,86.81,2023-06-01 07:38:29,Restaurant
2428,C5846,109.35,2023-06-01 07:38:33,Electronics
2759,C5745,41.96,2023-06-01 07:40:41,Grocery
4952,C4892,34.9,2023-06-01 07:41:34,Retail
2916,C6140,86.04,2023-06-01 07:42:19,Grocery
10876,C6789,12.75,2023-06-01 07:42:24,Restaurant
2387,C7347,60.72,2023-06-01 07:42:52,Entertainment
3459,C2260,8989.38,2023-06-01 07:44:24,Restaurant
3914,C3248,72.97,2023-06-01 07:44:45,Electronics
5319,C7315,60.06,2023-06-01 07:45:00,Restaurant
5962,C4784,37.21,2023-06-01 07:45:15,Restaurant
3341,C1519,52.87,2023-06-01 07:47:44,Retail
2662,C1424,1000.0,2023-06-01 07:48:14,Restaurant
2438,C3658,10.0,2023-06-01 07:48:40,Grocery
3133,C7439,15.11,2023-06-01 07:52:28,Retail
6960,C2194,90.99,2023-06-01 07:52:42,Electronics
4461,C5087,44.64,2023-06-01 07:53:15,Electronics
5784,C8183,67.98,2023-06-01 07:54:25,Grocery
8758,C7258,80.39,2023-06-01 07:55:29,Entertainment
3270,C4214,51.62,2023-06-01 07:57:18,Restaurant
2993,C4052,88.66,2023-06-01 07:57:28,Electronics
4818,C8521,57.53,2023-06-01 07:59:34,Entertainment
8126,C5198,46.84,2023-06-01 08:00:50,Entertainment
3963,C5067,73.91,2023-06-01 08:02:01,Grocery
4026,C9280,63.22,2023-06-01 08:02:37,Grocery
3901,C8167,48.79,2023-06-01 08:04:56,Restaurant
6930,C6298,66.56,2023-06-01 08:05:02,Grocery
6994,C6985,75.96,2023-06-01 08:05:29,Electronics
2897,C4125,23.38,2023-06-01 08:06:35,Grocery
10589,C8846,69.04,2023-06-01 08:08:13,Grocery
8619,C2724,72.49,2023-06-01 08:09:09,Entertainment
4714,C6416,80.71,2023-06-01 08:10:27,Grocery
3213,C4978,62.74,2023-06-01 08:10:37,Electronics
9819,C8010,7105.47,2023-06-01 08:12:12,Restaurant
4527,C5529,27.85,2023-06-01 08:15:53,Electronics
1411,C6409,15.15,2023-06-01 08:17:37,Electronics
7819,C2391,94.83,2023-06-01 08:20:48,Restaurant
8595,C2809,60.74,2023-06-01 08:20:54,Electronics
5373,C6935,5361.9,2023-06-01 08:20:55,Restaurant
4351,C6632,78.03,2023-06-01 08:21:02,Grocery
9174,C3932,81.78,2023-06-01 08:23:23,Grocery
1959,C4804,77.45,2023-06-01 08:23:46,Restaurant
8685,C1797,79.47,2023-06-01 08:24:30,Entertainment
6907,C5641,32.52,2023-06-01 08:24:55,Electronics
8214,C2258,35.04,2023-06-01 08:25:51,Entertainment
4920,C6281,78.04,2023-06-01 08:29:01,Restaurant
6767,C5411,71.84,2023-06-01 08:30:50,Restaurant
8053,C6233,88.02,2023-06-01 08:30:53,Entertainment
1582,C2874,60.52,2023-06-01 08:31:46,Retail
6763,C1121,5344.54,2023-06-01 08:31:48,Entertainment
8562,C7618,65.32,2023-06-01 08:31:55,Grocery
10236,C4562,72.9,2023-06-01 08:37:38,Restaurant
8834,C8900,53.59,2023-06-01 08:39:01,Electronics
7805,C1440,57.42,2023-06-01 08:39:28,Retail
9600,C2280,58.07,2023-06-01 08:41:03,Restaurant
1615,C6934,78.97,2023-06-01 08:41:36,Restaurant
10717,C7089,98.51,2023-06-01 08:42:37,Entertainment
9183,C1599,100.39,2023-06-01 08:43:52,Retail
1636,C1470,17.46,2023-06-01 08:44:13,Entertainment
5928,C4310,67.83,2023-06-01 08:44:29,Entertainment
7580,C8544,31.32,2023-06-01 08:44:45,Entertainment
8216,C9161,57.56,2023-06-01 08:46:31,Restaurant
8500,C9165,72.05,2023-06-01 08:47:42,Restaurant
5330,C8796,60.3,2023-06-01 08:48:17,Electronics
10137,C5620,41.52,2023-06-01 08:50:16,Restaurant
10557,C5018,31.09,2023-06-01 08:50:21,Retail
9653,C9203,32.01,2023-06-01 08:51:01,Retail
3398,C7150,76.49,2023-06-01 08:51:03,Electronics
4214,C6285,53.29,2023-06-01 08:53:28,Entertainment
1413,C3041,1.27,2023-06-01 08:54:39,Restaurant
7879,C9846,56.64,2023-06-01 08:55:09,Grocery
3267,C7841,1984.05,2023-06-01 08:55:42,Entertainment
5910,C9830,35.89,2023-06-01 08:56:27,Electronics
1249,C1998,55.51,2023-06-01 08:58:19,Entertainment
5226,C5331,74.22,2023-06-01 08:58:21,Entertainment
10089,C5164,100.32,2023-06-01 08:58:44,Retail
3477,C3230,97.25,2023-06-01 08:59:02,Grocery
10140,C1785,33.52,2023-06-01 08:59:18,Entertainment
2691,C9335,41.74,2023-06-01 09:00:13,Electronics
8213,C7822,64.91,2023-06-01 09:01:29,Grocery
6837,C9640,1000.0,2023-06-01 09:02:52,Electronics
7828,C1612,48.54,2023-06-01 09:02:54,Electronics
1650,C2402,97.09,2023-06-01 09:07:27,Grocery
10573,C2369,45.11,2023-06-01 09:09:05,Electronics
3254,C8635,10.0,2023-06-01 09:09:18,Electronics
9351,C8081,66.47,2023-06-01 09:11:37,Retail
4238,C6425,4196.7,2023-06-01 09:12:23,Grocery
8650,C3364,1000.0,2023-06-01 09:12:43,Grocery
4826,C9148,0.97,2023-06-01 09:14:42,Electronics
6147,C3790,67.03,2023-06-01 09:15:50,Grocery
2629,C8126,0.49,2023-06-01 09:16:13,Restaurant
9461,C2684,63.38,2023-06-01 09:17:32,Restaurant
10233,C4490,42.36,2023-06-01 09:18:11,Retail
3152,C2848,70.99,2023-06-01 09:19:34,Restaurant
7610,C8934,94.84,2023-06-01 09:19:50,Entertainment
5251,C7165,39.02,2023-06-01 09:20:03,Grocery
3195,C7688,51.05,2023-06-01 09:20:11,Retail
4117,C6799,31.46,2023-06-01 09:20:27,Restaurant
7494,C9037,32.32,2023-06-01 09:21:02,Retail
8026,C2644,54.87,2023-06-01 09:21:11,Electronics
3959,C1579,45.26,2023-06-01 09:21:40,Grocery
2375,C9266,0.45,2023-06-01 09:24:12,Entertainment
6235,C7783,62.69,2023-06-01 09:24:47,Electronics
1287,C9808,72.42,2023-06-01 09:25:30,Entertainment
10613,C6788,88.03,2023-06-01 09:28:15,Retail
2701,C8657,83.12,2023-06-01 09:28:24,Entertainment
1584,C8619,1.07,2023-06-01 09:28:26,Retail
2140,C1996,1.72,2023-06-01 09:30:30,Entertainment
6686,C2007,37.26,2023-06-01 09:30:48,Retail
7932,C3610,42.5,2023-06-01 09:31:19,Grocery
10403,C2827,59.37,2023-06-01 09:33:55,Restaurant
8385,C3497,68.47,2023-06-01 09:34:17,Electronics
8309,C2253,1433.18,2023-06-01 09:34:33,Grocery
9891,C3069,70.11,2023-06-01 09:35:33,Grocery
5736,C1149,0.33,2023-06-01 09:37:12,Restaurant
4539,C3292,49.66,2023-06-01 09:37:18,Retail
6843,C9125,112.46,2023-06-01 09:37:41,Restaurant
6981,C9849,31.96,2023-06-01 09:37:57,Entertainment
8520,C7799,87.02,2023-06-01 09:38:10,Electronics
2801,C4110,69.98,2023-06-01 09:38:21,Electronics
5563,C6924,1000.0,2023-06-01 09:39:47,Restaurant
2595,C3039,60.85,2023-06-01 09:40:10,Grocery
5507,C6792,53.51,2023-06-01 09:41:11,Electronics
7845,C6504,106.22,2023-06-01 09:41:58,Entertainment
7613,C4217,51.99,2023-06-01 09:43:07,Restaurant
7679,C6375,0.11,2023-06-01 09:44:38,Grocery
9447,C2271,104.92,2023-06-01 09:45:10,Restaurant
7909,C6220,25.56,2023-06-01 09:46:19,Entertainment
8654,C8499,29.81,2023-06-01 09:48:48,Retail
10896,C9396,80.27,2023-06-01 09:49:08,Retail
3416,C1085,101.6,2023-06-01 09:49:16,Retail
5754,C7917,82.42,2023-06-01 09:49:36,Grocery
1209,C4139,56.7,2023-06-01 09:51:47,Entertainment
9860,C6452,70.18,2023-06-01 09:53:36,Electronics
9510,C8516,59.57,2023-06-01 09:53:58,Entertainment
6586,C3319,69.95,2023-06-01 09:56:30,Electronics
2832,C1741,57.77,2023-06-01 09:56:51,Entertainment
1011,C1520,77.35,2023-06-01 09:57:19,Retail
8523,C3483,24.35,2023-06-01 09:58:11,Electronics
1466,C2746,68.2,2023-06-01 09:59:09,Restaurant
2346,C5500,18.47,2023-06-01 09:59:18,Retail
9564,C5556,78.6,2023-06-01 09:59:45,Retail
7365,C8933,72.85,2023-06-01 10:01:59,Electronics
8743,C8278,96.39,2023-06-01 10:04:26,Electronics
10308,C6322,53.68,2023-06-01 10:06:02,Retail
4394,C9561,84.1,2023-06-01 10:07:21,Restaurant
1083,C4483,101.73,2023-06-01 10:08:14,Electronics
9416,C6630,42.29,2023-06-01 10:09:02,Retail
3806,C4751,46.55,2023-06-01 10:11:11,Retail
1161,C6107,1326.84,2023-06-01 10:13:52,Retail
2275,C9149,53.33,2023-06-01 10:14:28,Electronics
6734,C7301,48.67,2023-06-01 10:14:55,Restaurant
5511,C4115,34.89,2023-06-01 10:15:00,Restaurant
8448,C3839,72.03,2023-06-01 10:15:28,Retail
3723,C3396,114.46,2023-06-01 10:18:29,Grocery
9214,C7021,92.87,2023-06-01 10:18:39,Grocery
10232,C5337,113.05,2023-06-01 10:19:33,Electronics
2789,C8366,100.73,2023-06-01 10:19:35,Entertainment
1874,C9318,81.15,2023-06-01 10:21:20,Grocery
3763,C2631,78.93,2023-06-01 10:21:30,Grocery
1076,C1525,41.64,2023-06-01 10:22:30,Electronics
1392,C2776,72.35,2023-06-01 10:22:38,Retail
3054,C5833,46.74,2023-06-01 10:23:07,Restaurant
5655,C8289,84.91,2023-06-01 10:23:16,Retail
4305,C2571,67.63,2023-06-01 10:27:49,Entertainment
2036,C8451,73.58,2023-06-01 10:27:50,Grocery
7533,C3219,36.83,2023-06-01 10:28:13,Electronics
2330,C4232,93.73,2023-06-01 10:28:48,Electronics
5361,C5223,53.53,2023-06-01 10:29:30,Retail
7265,C1535,64.01,2023-06-01 10:31:50,Electronics
2611,C8055,69.43,2023-06-01 10:32:56,Grocery
8516,C3805,71.44,2023-06-01 10:34:40,Restaurant
2517,C2821,81.06,2023-06-01 10:35:02,Grocery
6613,C2286,80.24,2023-06-01 10:35:23,Grocery
2367,C8792,63.95,2023-06-01 10:35:30,Restaurant
8646,C8210,65.42,2023-06-01 10:38:35,Retail
6130,C1372,103.47,2023-06-01 10:39:45,Restaurant
6591,C6101,75.58,2023-06-01 10:40:48,Restaurant
8188,C8653,0.91,2023-06-01 10:41:16,Entertainment
10758,C4724,58.06,2023-06-01 10:41:25,Retail
1942,C1919,103.83,2023-06-01 10:41:44,Retail
5735,C5908,93.63,2023-06-01 10:43:00,Grocery
1766,C3441,54.08,2023-06-01 10:44:06,Restaurant
8319,C6823,36.87,2023-06-01 10:45:57,Grocery
10961,C5129,38.41,2023-06-01 10:46:01,Retail
1422,C4143,45.27,2023-06-01 10:46:53,Retail
9064,C4201,26.31,2023-06-01 10:47:50,Retail
2845,C2584,48.34,2023-06-01 10:49:25,Grocery
9586,C2058,56.54,2023-06-01 10:49:56,Retail
1992,C5689,108.47,2023-06-01 10:50:40,Grocery
3654,C9281,83.88,2023-06-01 10:51:02,Grocery
3724,C6277,21.09,2023-06-01 10:52:20,Electronics
1722,C3485,93.2,2023-06-01 10:53:43,Grocery
10599,C2684,28.11,2023-06-01 10:54:08,Retail
2964,C4697,60.71,2023-06-01 10:54:10,Retail
9343,C7855,27.63,2023-06-01 10:54:21,Grocery
10423,C8303,81.9,2023-06-01 10:57:21,Restaurant
8538,C9476,50.21,2023-06-01 10:57:25,Grocery
5147,C4842,63.49,2023-06-01 10:58:03,Retail
5276,C6410,32.74,2023-06-01 10:58:15,Entertainment
4485,C5670,84.64,2023-06-01 10:58:15,Grocery
10945,C8699,82.39,2023-06-01 10:58:37,Entertainment
3298,C2113,94.0,2023-06-01 10:59:15,Entertainment
1851,C4681,57.65,2023-06-01 10:59:40,Grocery
4939,C5695,61.15,2023-06-01 10:59:55,Entertainment
2483,C8391,90.9,2023-06-01 10:59:57,Retail
4276,C6221,0.61,2023-06-01 11:01:23,Entertainment
7431,C6347,45.46,2023-06-01 11:01:48,Electronics
2829,C6992,54.65,2023-06-01 11:03:32,Restaurant
2356,C7041,39.85,2023-06-01 11:03:58,Retail
2502,C1627,71.12,2023-06-01 11:04:11,Restaurant
6446,C4171,19.95,2023-06-01 11:04:26,Grocery
5663,C3048,81.74,2023-06-01 11:04:28,Grocery
4099,C2056,1.06,2023-06-01 11:07:04,Restaurant
3198,C7167,39.59,2023-06-01 11:07:06,Retail
6579,C9422,46.78,2023-06-01 11:08:41,Electronics
9268,C8679,51.9,2023-06-01 11:10:02,Electronics
3161,C8314,63.74,2023-06-01 11:11:24,Retail
5321,C2778,49.73,2023-06-01 11:12:32,Retail
8185,C8704,86.84,2023-06-01 11:13:23,Grocery
7952,C4867,53.84,2023-06-01 11:13:39,Entertainment
2703,C2412,58.56,2023-06-01 11:13:41,Entertainment
6242,C2749,58.97,2023-06-01 11:14:00,Entertainment
4447,C1920,60.04,2023-06-01 11:15:00,Retail
10287,C1095,34.09,2023-06-01 11:15:28,Retail
6015,C3534,28.59,2023-06-01 11:16:38,Entertainment
8705,C3269,10.0,2023-06-01 11:18:35,Entertainment
1213,C3296,64.89,2023-06-01 11:19:45,Retail
4702,C5308,54.88,2023-06-01 11:20:16,Retail
8148,C9253,87.37,2023-06-01 11:20:46,Entertainment
8616,C7187,10.86,2023-06-01 11:22:20,Restaurant
4420,C4892,52.48,2023-06-01 11:24:04,Entertainment
7173,C2204,8619.61,2023-06-01 11:25:24,Grocery
8362,C3213,89.18,2023-06-01 11:26:32,Retail
9379,C7800,44.08,2023-06-01 11:26:35,Retail
2632,C2229,45.89,2023-06-01 11:29:49,Retail
2999,C6489,33.75,2023-06-01 11:29:58,Entertainment
1441,C3780,39.73,2023-06-01 11:30:40,Retail
8809,C5409,84.93,2023-06-01 11:31:59,Retail
9314,C3808,20.18,2023-06-01 11:33:19,Grocery
6296,C9498,70.48,2023-06-01 11:33:28,Retail
7190,C6503,44.68,2023-06-01 11:33:59,Electronics
5002,C9529,40.1,2023-06-01 11:35:44,Grocery
8015,C8190,53.31,2023-06-01 11:36:14,Grocery
1859,C5479,10.0,2023-06-01 11:36:30,Retail
5792,C6601,2945.56,2023-06-01 11:36:47,Retail
6538,C9579,60.63,2023-06-01 11:37:04,Grocery
8666,C7694,54.99,2023-06-01 11:40:02,Restaurant
9076,C6384,50.56,2023-06-01 11:42:59,Entertainment
2347,C1920,27.55,2023-06-01 11:43:11,Retail
5821,C2539,10.0,2023-06-01 11:44:14,Electronics
1086,C8517,104.57,2023-06-01 11:45:35,Grocery
7433,C4197,72.37,2023-06-01 11:46:02,Electronics
4608,C3762,62.9,2023-06-01 11:46:35,Restaurant
3637,C8973,96.78,2023-06-01 11:48:00,Entertainment
4265,C9946,78.61,2023-06-01 11:49:35,Electronics
8107,C7693,93.51,2023-06-01 11:49:41,Retail
10133,C9021,115.31,2023-06-01 11:49:48,Entertainment
1542,C8657,41.8,2023-06-01 11:51:05,Electronics
1010,C7912,10.0,2023-06-01 11:52:23,Retail
4251,C2110,39.9,2023-06-01 11:52:52,Restaurant
4740,C2898,38.77,2023-06-01 11:53:01,Grocery
10414,C4441,67.43,2023-06-01 11:54:05,Electronics
1698,C3073,10.0,2023-06-01 11:54:29,Electronics
7323,C5724,65.73,2023-06-01 11:54:55,Electronics
8998,C8240,70.74,2023-06-01 11:56:05,Grocery
5636,C7243,59.23,2023-06-01 11:58:04,Retail
6485,C9797,80.99,2023-06-01 11:58:33,Retail
4995,C9037,0.88,2023-06-01 11:59:12,Retail
8030,C2087,10.0,2023-06-01 12:02:18,Grocery
8613,C5902,54.89,2023-06-01 12:03:08,Retail
6186,C6765,81.81,2023-06-01 12:03:41,Entertainment
8767,C3992,54.42,2023-06-01 12:05:01,Entertainment
9192,C7963,67.96,2023-06-01 12:06:29,Restaurant
2967,C2641,74.63,2023-06-01 12:08:10,Entertainment
5112,C3316,99.82,2023-06-01 12:09:50,Restaurant
4910,C6143,36.5,2023-06-01 12:11:24,Electronics
7000,C4327,61.89,2023-06-01 12:11:53,Retail
2385,C7108,31.83,2023-06-01 12:13:57,Electronics
7022,C6041,52.8,2023-06-01 12:14:08,Electronics
9629,C7249,43.19,2023-06-01 12:14:31,Restaurant
4536,C1930,102.04,2023-06-01 12:14:44,Grocery
8366,C1260,43.41,2023-06-01 12:16:34,Restaurant
3399,C8075,65.42,2023-06-01 12:16:53,Restaurant
8374,C9824,82.51,2023-06-01 12:17:14,Grocery
9300,C7404,66.16,2023-06-01 12:18:07,Electronics
5070,C3916,63.08,2023-06-01 12:18:49,Retail
6978,C8144,46.73,2023-06-01 12:20:09,Grocery
7633,C3384,34.63,2023-06-01 12:21:38,Grocery
4066,C1660,77.59,2023-06-01 12:21:49,Restaurant
4934,C1869,57.49,2023-06-01 12:22:34,Electronics
10689,C2429,64.95,2023-06-01 12:22:45,Entertainment
10064,C9818,76.41,2023-06-01 12:23:24,Restaurant
9991,C7260,95.26,2023-06-01 12:25:06,Electronics
6249,C4783,103.12,2023-06-01 12:25:15,Retail
9855,C3016,61.49,2023-06-01 12:27:27,Grocery
8788,C2981,102.18,2023-06-01 12:29:06,Grocery
8229,C8540,46.08,2023-06-01 12:29:36,Grocery
10245,C8542,30.88,2023-06-01 12:29:39,Retail
3614,C2871,50.73,2023-06-01 12:30:34,Retail
5965,C4104,72.0,2023-06-01 12:30:41,Grocery
5977,C3955,43.27,2023-06-01 12:30:48,Restaurant
10841,C3307,68.47,2023-06-01 12:32:02,Grocery
3567,C8412,29.59,2023-06-01 12:32:12,Restaurant
1850,C2527,1.63,2023-06-01 12:32:46,Electronics
8005,C7364,89.27,2023-06-01 12:34:09,Grocery
8432,C9317,39.56,2023-06-01 12:36:16,Electronics
2082,C9920,9190.28,2023-06-01 12:36:18,Entertainment
2937,C5480,82.04,2023-06-01 12:36:22,Grocery
4423,C5400,45.39,2023-06-01 12:36:27,Entertainment
2322,C4176,55.08,2023-06-01 12:36:44,Entertainment
10797,C1179,71.75,2023-06-01 12:36:48,Electronics
5612,C5166,83.88,2023-06-01 12:37:02,Entertainment
8434,C6556,30.65,2023-06-01 12:39:22,Entertainment
4262,C9078,58.18,2023-06-01 12:39:52,Entertainment
1976,C5949,42.31,2023-06-01 12:40:06,Entertainment
7300,C5540,59.77,2023-06-01 12:41:12,Grocery
7045,C8720,33.86,2023-06-01 12:41:40,Entertainment
7388,C7056,15.34,2023-06-01 12:42:41,Retail
6418,C3204,38.84,2023-06-01 12:44:04,Entertainment
5935,C9026,43.43,2023-06-01 12:46:17,Entertainment
5945,C2310,54.5,2023-06-01 12:46:24,Retail
2612,C3956,62.91,2023-06-01 12:48:09,Restaurant
1380,C5573,42.14,2023-06-01 12:49:24,Retail
8321,C2339,3611.79,2023-06-01 12:50:58,Grocery
7092,C2322,67.36,2023-06-01 12:51:22,Retail
2112,C1422,87.04,2023-06-01 12:51:26,Restaurant
2887,C4728,10.45,2023-06-01 12:52:35,Grocery
8431,C4802,53.03,2023-06-01 12:52:45,Grocery
10049,C3811,83.13,2023-06-01 12:54:18,Entertainment
6849,C4454,54.42,2023-06-01 12:58:34,Entertainment
4322,C5781,44.38,2023-06-01 12:59:34,Entertainment
8866,C1260,65.04,2023-06-01 13:00:23,Restaurant
1037,C6635,89.47,2023-06-01 13:02:00,Grocery
10608,C1393,56.38,2023-06-01 13:04:00,Retail
2854,C9193,71.51,2023-06-01 13:04:35,Grocery
9239,C9946,74.87,2023-06-01 13:05:09,Grocery
3240,C4350,102.34,2023-06-01 13:06:21,Entertainment
6794,C1176,70.65,2023-06-01 13:06:22,Entertainment
7028,C6558,107.79,2023-06-01 13:06:42,Electronics
1548,C2375,68.68,2023-06-01 13:06:59,Retail
8638,C7050,79.5,2023-06-01 13:07:47,Grocery
1855,C3522,68.59,2023-06-01 13:07:50,Entertainment
4123,C3435,77.41,2023-06-01 13:08:15,Grocery
7476,C5968,80.65,2023-06-01 13:08:30,Grocery
1864,C8483,56.18,2023-06-01 13:13:01,Restaurant
6603,C2410,73.62,2023-06-01 13:13:08,Entertainment
3392,C1485,23.98,2023-06-01 13:13:15,Electronics
8912,C7489,87.52,2023-06-01 13:13:48,Restaurant
1928,C2121,47.91,2023-06-01 13:16:56,Grocery
10357,C3395,86.81,2023-06-01 13:17:02,Retail
10817,C4192,13.09,2023-06-01 13:18:53,Entertainment
10878,C2165,2299.52,2023-06-01 13:19:17,Electronics
8581,C2520,37.23,2023-06-01 13:19:53,Electronics
4195,C6435,130.37,2023-06-01 13:22:11,Electronics
4502,C1138,37.83,2023-06-01 13:23:36,Entertainment
8407,C9410,81.46,2023-06-01 13:24:46,Entertainment
7717,C7958,52.03,2023-06-01 13:25:32,Entertainment
3052,C6095,59.53,2023-06-01 13:25:52,Entertainment
3908,C8428,54.15,2023-06-01 13:27:55,Electronics
4255,C1020,58.78,2023-06-01 13:27:57,Restaurant
5066,C1620,49.62,2023-06-01 13:29:15,Entertainment
7017,C4907,89.52,2023-06-01 13:29:34,Grocery
4014,C1981,95.23,2023-06-01 13:30:20,Retail
6840,C2382,45.53,2023-06-01 13:31:38,Grocery
8662,C1534,10.0,2023-06-01 13:32:30,Grocery
5730,C8687,66.52,2023-06-01 13:34:01,Entertainment
10478,C5240,68.02,2023-06-01 13:35:42,Grocery
7489,C3243,86.86,2023-06-01 13:36:14,Electronics
8337,C6592,30.61,2023-06-01 13:36:47,Electronics
10631,C3475,78.99,2023-06-01 13:37:00,Entertainment
7108,C3859,67.92,2023-06-01 13:37:08,Grocery
8049,C5089,10.25,2023-06-01 13:41:08,Electronics
8302,C3093,36.78,2023-06-01 13:42:42,Electronics
9673,C9349,44.27,2023-06-01 13:43:58,Retail
1642,C6813,21.94,2023-06-01 13:44:04,Grocery
4705,C6864,54.53,2023-06-01 13:46:17,Retail
5765,C3238,107.0,2023-06-01 13:47:31,Entertainment
7493,C5742,1000.0,2023-06-01 13:47:31,Grocery
10913,C7541,16.08,2023-06-01 13:47:51,Grocery
2450,C9749,26.74,2023-06-01 13:51:19,Entertainment
8518,C5358,10.0,2023-06-01 13:53:13,Retail
9015,C8605,42.89,2023-06-01 13:53:57,Restaurant
8083,C7028,61.92,2023-06-01 13:57:32,Electronics
8167,C5635,69.41,2023-06-01 13:58:17,Electronics
10098,C9379,58.46,2023-06-01 13:59:33,Electronics
9693,C2912,23.76,2023-06-01 13:59:47,Retail
4044,C4321,63.16,2023-06-01 14:00:09,Entertainment
3598,C5560,25.51,2023-06-01 14:00:13,Electronics
6628,C7423,0.76,2023-06-01 14:00:21,Retail
1440,C8752,62.13,2023-06-01 14:00:29,Entertainment
7262,C7305,104.96,2023-06-01 14:01:23,Electronics
4334,C4029,80.25,2023-06-01 14:04:51,Electronics
8832,C1008,59.44,2023-06-01 14:06:36,Electronics
7367,C5720,41.79,2023-06-01 14:06:57,Restaurant
9499,C4502,61.92,2023-06-01 14:07:19,Entertainment
7582,C2909,1.9,2023-06-01 14:07:27,Entertainment
9004,C1914,56.32,2023-06-01 14:08:08,Grocery
10076,C4539,0.54,2023-06-01 14:11:06,Grocery
9356,C9232,44.33,2023-06-01 14:11:31,Restaurant
8560,C9647,69.95,2023-06-01 14:11:52,Grocery
2381,C9586,65.9,2023-06-01 14:11:57,Retail
3177,C4881,85.69,2023-06-01 14:12:00,Entertainment
6488,C7782,128.05,2023-06-01 14:12:54,Entertainment
6474,C3877,51.62,2023-06-01 14:13:22,Retail
7781,C6119,48.74,2023-06-01 14:17:13,Grocery
9053,C5768,55.77,2023-06-01 14:17:34,Restaurant
5054,C4453,71.18,2023-06-01 14:17:40,Grocery
5306,C3794,77.46,2023-06-01 14:17:56,Entertainment
1838,C9998,51.3,2023-06-01 14:20:19,Grocery
5465,C9294,66.49,2023-06-01 14:20:24,Restaurant
4728,C8483,86.18,2023-06-01 14:21:44,Grocery
8521,C6908,11.26,2023-06-01 14:21:53,Grocery
2787,C3007,77.45,2023-06-01 14:24:47,Electronics
3009,C4159,56.01,2023-06-01 14:25:21,Entertainment
7614,C2766,24.95,2023-06-01 14:26:49,Grocery
8644,C9172,54.22,2023-06-01 14:27:04,Electronics
4541,C9148,10.0,2023-06-01 14:27:25,Restaurant
2102,C6383,49.28,2023-06-01 14:28:25,Entertainment
4173,C3885,35.44,2023-06-01 14:28:57,Grocery
10895,C7008,80.74,2023-06-01 14:30:24,Retail
4289,C1507,22.02,2023-06-01 14:31:29,Retail
8826,C8401,69.13,2023-06-01 14:31:48,Retail
4439,C2462,62.15,2023-06-01 14:34:16,Retail
9705,C9202,16.85,2023-06-01 14:35:06,Entertainment
5057,C2702,58.64,2023-06-01 14:36:39,Electronics
6560,C6119,61.14,2023-06-01 14:37:08,Electronics
9783,C6164,69.53,2023-06-01 14:37:17,Electronics
4035,C5276,60.21,2023-06-01 14:37:51,Electronics
5492,C7757,64.13,2023-06-01 14:38:11,Entertainment
8391,C4975,84.2,2023-06-01 14:38:49,Restaurant
6142,C1301,69.74,2023-06-01 14:39:26,Retail
10673,C3264,39.14,2023-06-01 14:41:53,Retail
3802,C7919,71.15,2023-06-01 14:43:13,Retail
8257,C7365,71.88,2023-06-01 14:43:46,Grocery
5173,C8296,52.92,2023-06-01 14:44:19,Entertainment
4400,C2641,92.75,2023-06-01 14:45:12,Grocery
2936,C6714,10.0,2023-06-01 14:45:51,Retail
3907,C2900,80.55,2023-06-01 14:46:46,Electronics
4380,C8133,59.61,2023-06-01 14:49:32,Retail
3417,C6050,51.35,2023-06-01 14:55:02,Restaurant
2100,C4538,116.79,2023-06-01 14:55:47,Entertainment
1539,C6507,63.4,2023-06-01 14:56:27,Entertainment
1943,C5806,72.3,2023-06-01 14:57:45,Entertainment
7208,C7745,85.58,2023-06-01 14:57:49,Electronics
5036,C9468,68.0,2023-06-01 14:58:32,Grocery
8472,C2977,69.03,2023-06-01 15:00:01,Restaurant
8174,C6169,41.27,2023-06-01 15:01:23,Retail
2366,C6267,77.33,2023-06-01 15:01:31,Electronics
6908,C5127,78.06,2023-06-01 15:01:42,Grocery
1285,C2638,61.71,2023-06-01 15:01:53,Grocery
3211,C3196,73.33,2023-06-01 15:02:30,Electronics
8456,C4845,127.77,2023-06-01 15:02:57,Grocery
1158,C4470,64.93,2023-06-01 15:03:13,Grocery
8242,C6294,54.38,2023-06-01 15:03:29,Electronics
9574,C4969,0.69,2023-06-01 15:04:16,Retail
3003,C9590,47.76,2023-06-01 15:04:22,Restaurant
7671,C2807,36.89,2023-06-01 15:04:27,Electronics
10487,C9741,9225.86,2023-06-01 15:05:23,Restaurant
5717,C8239,55.41,2023-06-01 15:06:27,Grocery
4664,C3017,25.46,2023-06-01 15:07:09,Restaurant
6919,C7159,90.03,2023-06-01 15:08:34,Entertainment
5591,C4212,23.09,2023-06-01 15:08:49,Entertainment
2968,C7771,65.58,2023-06-01 15:09:54,Restaurant
2711,C2208,27.39,2023-06-01 15:11:00,Retail
2349,C9312,83.85,2023-06-01 15:12:38,Electronics
4616,C8029,78.13,2023-06-01 15:12:41,Entertainment
5994,C7145,18.48,2023-06-01 15:12:51,Retail
5363,C1089,62.69,2023-06-01 15:15:08,Entertainment
9158,C5588,80.73,2023-06-01 15:16:04,Retail
1632,C4995,78.7,2023-06-01 15:16:26,Entertainment
2784,C6228,40.59,2023-06-01 15:16:34,Electronics
4898,C5067,50.12,2023-06-01 15:18:44,Restaurant
2512,C4533,48.75,2023-06-01 15:20:57,Grocery
10840,C4533,22.52,2023-06-01 15:21:25,Grocery
10734,C8696,70.48,2023-06-01 15:22:06,Grocery
1750,C8381,57.5,2023-06-01 15:22:37,Restaurant
5809,C4148,4887.31,2023-06-01 15:23:14,Grocery
4658,C4675,67.91,2023-06-01 15:25:05,Entertainment
2586,C8756,74.83,2023-06-01 15:25:10,Entertainment
7880,C6133,1978.42,2023-06-01 15:26:29,Entertainment
2718,C6644,56.1,2023-06-01 15:27:53,Electronics
10723,C1494,106.16,2023-06-01 15:28:12,Restaurant
3580,C3623,61.17,2023-06-01 15:28:28,Entertainment
5801,C3393,1.0,2023-06-01 15:29:19,Entertainment
10937,C4483,0.78,2023-06-01 15:30:23,Entertainment
1373,C4652,48.48,2023-06-01 15:32:14,Electronics
2926,C5038,78.92,2023-06-01 15:32:39,Grocery
4318,C2589,94.45,2023-06-01 15:33:41,Restaurant
8231,C8439,48.69,2023-06-01 15:34:27,Electronics
9397,C7738,54.66,2023-06-01 15:34:54,Grocery
10697,C3188,43.77,2023-06-01 15:34:56,Grocery
1559,C6355,52.88,2023-06-01 15:35:39,Grocery
10685,C2369,48.13,2023-06-01 15:37:13,Retail
1281,C6180,72.52,2023-06-01 15:39:44,Grocery
7394,C3423,70.99,2023-06-01 15:40:12,Retail
7086,C3185,67.34,2023-06-01 15:42:35,Entertainment
3159,C2653,80.83,2023-06-01 15:42:39,Grocery
8968,C2029,33.22,2023-06-01 15:43:13,Restaurant
8982,C6465,125.52,2023-06-01 15:43:45,Grocery
6801,C6782,2026.73,2023-06-01 15:44:10,Restaurant
8724,C1406,68.36,2023-06-01 15:44:45,Electronics
3817,C3340,30.58,2023-06-01 15:46:41,Retail
5503,C2245,6919.71,2023-06-01 15:47:27,Entertainment
2107,C3129,80.65,2023-06-01 15:47:38,Entertainment
1024,C1106,67.75,2023-06-01 15:47:48,Grocery
2783,C2739,1.03,2023-06-01 15:48:57,Restaurant
3256,C8692,50.62,2023-06-01 15:50:48,Restaurant
9777,C8753,44.99,2023-06-01 15:51:18,Retail
5377,C5155,63.95,2023-06-01 15:53:00,Entertainment
7197,C8627,50.78,2023-06-01 15:55:02,Restaurant
4985,C5178,6439.82,2023-06-01 15:55:39,Electronics
4030,C2020,64.4,2023-06-01 15:57:35,Entertainment
5624,C2986,61.99,2023-06-01 15:59:00,Electronics
2334,C3902,61.11,2023-06-01 16:00:00,Restaurant
7270,C4393,31.97,2023-06-01 16:02:08,Grocery
2647,C1530,39.35,2023-06-01 16:03:46,Grocery
1458,C7790,37.86,2023-06-01 16:04:15,Electronics
8281,C4053,87.07,2023-06-01 16:06:51,Entertainment
10020,C7451,2278.02,2023-06-01 16:07:25,Restaurant
8999,C1897,78.42,2023-06-01 16:07:39,Electronics
5885,C4057,65.05,2023-06-01 16:09:29,Entertainment
3355,C9653,14.97,2023-06-01 16:09:39,Electronics
2650,C7077,0.68,2023-06-01 16:10:45,Entertainment
3627,C3999,56.79,2023-06-01 16:11:34,Restaurant
1592,C1420,133.39,2023-06-01 16:13:23,Restaurant
5162,C1079,86.45,2023-06-01 16:13:26,Electronics
3764,C8529,137.46,2023-06-01 16:13:40,Electronics
2331,C3842,97.84,2023-06-01 16:16:01,Restaurant
10595,C9906,94.41,2023-06-01 16:17:22,Entertainment
10081,C2218,11.27,2023-06-01 16:17:23,Entertainment
5957,C2276,35.45,2023-06-01 16:19:21,Entertainment
5532,C6167,67.86,2023-06-01 16:19:32,Entertainment
2207,C7022,56.46,2023-06-01 16:19:33,Restaurant
4964,C8259,29.95,2023-06-01 16:20:16,Grocery
9311,C8397,47.59,2023-06-01 16:20:21,Retail
10073,C5910,52.27,2023-06-01 16:20:47,Restaurant
10883,C5194,25.66,2023-06-01 16:20:56,Grocery
5014,C6437,54.83,2023-06-01 16:21:40,Electronics
5845,C5523,75.45,2023-06-01 16:21:40,Retail
2067,C3531,73.17,2023-06-01 16:23:01,Grocery
3511,C7932,67.78,2023-06-01 16:23:36,Entertainment
1599,C2669,84.26,2023-06-01 16:25:50,Grocery
10485,C4668,46.1,2023-06-01 16:26:48,Electronics
7776,C5965,73.8,2023-06-01 16:27:49,Grocery
5665,C5122,83.83,2023-06-01 16:29:07,Entertainment
5166,C8145,5689.77,2023-06-01 16:30:32,Grocery
6580,C2677,117.98,2023-06-01 16:30:39,Restaurant
2966,C1860,41.21,2023-06-01 16:32:57,Entertainment
1150,C9727,23.9,2023-06-01 16:33:15,Entertainment
5408,C2492,27.68,2023-06-01 16:33:17,Retail
3012,C3662,2321.68,2023-06-01 16:37:07,Entertainment
10687,C9633,71.3,2023-06-01 16:38:45,Entertainment
7867,C5478,47.21,2023-06-01 16:39:57,Grocery
7911,C4335,30.08,2023-06-01 16:41:48,Retail
6630,C6412,92.84,2023-06-01 16:42:06,Grocery
1762,C7965,30.49,2023-06-01 16:42:40,Grocery
8913,C2817,66.91,2023-06-01 16:46:25,Entertainment
7039,C4817,34.11,2023-06-01 16:47:23,Electronics
5101,C3561,77.61,2023-06-01 16:48:30,Grocery
5292,C3406,58.35,2023-06-01 16:48:37,Restaurant
10443,C2109,107.15,2023-06-01 16:48:45,Restaurant
4697,C2867,9232.08,2023-06-01 16:50:18,Retail
8664,C7051,69.39,2023-06-01 16:52:43,Restaurant
4234,C4619,35.1,2023-06-01 16:53:40,Electronics
3347,C1919,121.5,2023-06-01 16:54:38,Grocery
7515,C5541,56.0,2023-06-01 16:54:45,Electronics
1557,C4467,42.1,2023-06-01 16:54:46,Entertainment
3527,C6816,55.17,2023-06-01 16:56:19,Retail
7750,C9518,68.96,2023-06-01 16:58:52,Grocery
9405,C8388,87.25,2023-06-01 16:59:01,Electronics
3932,C2046,74.41,2023-06-01 17:00:33,Restaurant
10000,C9015,54.72,2023-06-01 17:05:57,Electronics
9963,C2670,63.67,2023-06-01 17:05:58,Electronics
1842,C8941,57.68,2023-06-01 17:06:08,Entertainment
2172,C7815,73.64,2023-06-01 17:08:06,Grocery
5470,C6570,74.95,2023-06-01 17:08:17,Electronics
5485,C2904,69.9,2023-06-01 17:08:35,Retail
10920,C8632,36.59,2023-06-01 17:10:50,Grocery
2073,C1536,85.85,2023-06-01 17:10:51,Entertainment
2489,C9224,47.46,2023-06-01 17:10:57,Restaurant
4012,C7878,37.34,2023-06-01 17:11:03,Entertainment
9916,C9110,81.24,2023-06-01 17:12:28,Restaurant
6311,C7921,53.08,2023-06-01 17:15:12,Electronics
1113,C2876,55.58,2023-06-01 17:17:45,Entertainment
1720,C2213,68.93,2023-06-01 17:17:54,Grocery
7563,C9489,35.88,2023-06-01 17:19:10,Entertainment
7069,C3250,56.25,2023-06-01 17:22:37,Electronics
8219,C1425,100.18,2023-06-01 17:22:45,Grocery
6669,C4869,32.19,2023-06-01 17:24:15,Restaurant
7931,C4309,1.1,2023-06-01 17:24:24,Restaurant
3551,C5840,59.2,2023-06-01 17:24:36,Entertainment
4488,C1813,56.68,2023-06-01 17:24:38,Grocery
7294,C4693,69.98,2023-06-01 17:25:42,Grocery
10704,C8543,52.1,2023-06-01 17:27:32,Grocery
7637,C3630,50.82,2023-06-01 17:28:10,Retail
7309,C3010,76.62,2023-06-01 17:28:33,Electronics
4659,C3149,75.32,2023-06-01 17:29:02,Retail
1371,C6000,40.08,2023-06-01 17:30:08,Electronics
10982,C4253,43.46,2023-06-01 17:32:25,Restaurant
7372,C8469,50.5,2023-06-01 17:34:28,Electronics
10510,C6318,111.35,2023-06-01 17:34:39,Entertainment
6535,C4116,69.77,2023-06-01 17:34:39,Electronics
1532,C8999,72.56,2023-06-01 17:34:51,Restaurant
10376,C5985,57.35,2023-06-01 17:35:42,Restaurant
1995,C4588,1.11,2023-06-01 17:37:13,Grocery
5190,C7637,120.09,2023-06-01 17:38:35,Retail
7653,C9260,41.71,2023-06-01 17:39:34,Restaurant
8780,C7388,69.12,2023-06-01 17:40:06,Restaurant
1452,C1400,48.22,2023-06-01 17:45:14,Retail
2174,C6120,52.52,2023-06-01 17:45:18,Restaurant
10289,C4251,31.86,2023-06-01 17:46:17,Retail
4555,C5918,89.91,2023-06-01 17:47:31,Grocery
7713,C4281,47.05,2023-06-01 17:47:39,Retail
2923,C5331,77.38,2023-06-01 17:48:17,Grocery
5946,C8668,10.0,2023-06-01 17:48:28,Restaurant
6179,C5995,42.47,2023-06-01 17:50:22,Retail
5059,C9810,52.52,2023-06-01 17:50:38,Retail
4831,C1587,68.98,2023-06-01 17:50:57,Grocery
3373,C5903,66.44,2023-06-01 17:52:09,Electronics
10482,C5399,37.53,2023-06-01 17:52:50,Retail
7363,C5259,40.47,2023-06-01 17:53:12,Entertainment
1902,C1606,31.85,2023-06-01 17:53:21,Electronics
5349,C7246,28.55,2023-06-01 17:53:39,Entertainment
1991,C9138,79.96,2023-06-01 17:56:50,Grocery
2345,C5961,27.21,2023-06-01 17:56:50,Entertainment
9527,C7366,37.54,2023-06-01 17:57:02,Restaurant
6805,C1578,81.6,2023-06-01 17:57:08,Grocery
5192,C1600,67.71,2023-06-01 17:57:14,Electronics
9536,C8354,81.08,2023-06-01 17:57:38,Restaurant
7225,C1724,1.07,2023-06-01 17:58:36,Restaurant
10091,C3346,50.83,2023-06-01 17:59:50,Restaurant
1386,C1452,26.37,2023-06-01 18:00:14,Electronics
2751,C2330,31.28,2023-06-01 18:00:16,Entertainment
5206,C2483,56.49,2023-06-01 18:03:11,Entertainment
7307,C9215,37.1,2023-06-01 18:03:33,Electronics
7260,C1022,49.21,2023-06-01 18:04:48,Restaurant
1443,C5649,56.38,2023-06-01 18:05:17,Retail
8721,C5544,56.05,2023-06-01 18:05:18,Retail
6065,C2475,55.87,2023-06-01 18:05:59,Entertainment
9029,C3064,33.01,2023-06-01 18:08:18,Restaurant
2841,C8378,24.47,2023-06-01 18:10:15,Grocery
7058,C2870,76.57,2023-06-01 18:10:35,Retail
2822,C5681,75.25,2023-06-01 18:11:42,Electronics
9671,C5182,45.59,2023-06-01 18:12:16,Electronics
8112,C4858,21.92,2023-06-01 18:13:22,Electronics
5775,C3492,68.45,2023-06-01 18:14:11,Restaurant
5879,C8951,68.67,2023-06-01 18:14:15,Grocery
9154,C3434,60.74,2023-06-01 18:15:45,Grocery
6697,C8326,76.59,2023-06-01 18:20:18,Electronics
10720,C2208,28.56,2023-06-01 18:21:27,Retail
5359,C9908,37.74,2023-06-01 18:23:12,Grocery
5874,C7189,81.17,2023-06-01 18:23:27,Electronics
4286,C2525,98.97,2023-06-01 18:23:59,Electronics
1055,C7227,93.22,2023-06-01 18:24:01,Electronics
9554,C5859,38.69,2023-06-01 18:24:43,Grocery
3860,C1197,40.94,2023-06-01 18:26:30,Retail
10753,C7940,87.6,2023-06-01 18:26:37,Grocery
1997,C5106,22.57,2023-06-01 18:27:55,Retail
4120,C5505,46.7,2023-06-01 18:28:50,Entertainment
8892,C4161,92.26,2023-06-01 18:29:12,Grocery
2439,C3962,65.95,2023-06-01 18:34:04,Retail
8749,C9052,59.94,2023-06-01 18:35:24,Retail
1513,C6421,55.77,2023-06-01 18:37:23,Entertainment
6671,C2276,70.2,2023-06-01 18:37:50,Entertainment
8622,C4154,46.67,2023-06-01 18:39:10,Restaurant
8965,C3694,62.79,2023-06-01 18:41:52,Electronics
10700,C6723,81.2,2023-06-01 18:42:52,Entertainment
10248,C6798,42.85,2023-06-01 18:43:25,Entertainment
5340,C8069,58.53,2023-06-01 18:46:47,Electronics
4756,C7557,67.0,2023-06-01 18:47:24,Electronics
6490,C9537,87.69,2023-06-01 18:47:28,Entertainment
7974,C8200,78.32,2023-06-01 18:47:59,Restaurant
10015,C2040,34.95,2023-06-01 18:48:25,Electronics
6156,C7367,66.03,2023-06-01 18:48:42,Retail
5938,C1804,92.93,2023-06-01 18:49:14,Restaurant
7794,C9105,26.63,2023-06-01 18:51:37,Retail
8771,C6026,34.4,2023-06-01 18:51:51,Entertainment
5769,C8418,87.65,2023-06-01 18:53:54,Restaurant
7887,C9971,72.68,2023-06-01 18:54:17,Restaurant
10856,C4421,2200.64,2023-06-01 18:55:07,Electronics
3088,C9008,10.0,2023-06-01 18:56:07,Electronics
1735,C8025,91.73,2023-06-01 18:59:29,Restaurant
3671,C3755,10.0,2023-06-01 19:04:46,Entertainment
4734,C3862,77.18,2023-06-01 19:05:40,Entertainment
2698,C1430,24.43,2023-06-01 19:06:56,Electronics
2539,C7825,91.56,2023-06-01 19:07:03,Restaurant
9013,C8428,88.02,2023-06-01 19:07:55,Grocery
6033,C8905,1.33,2023-06-01 19:09:26,Grocery
3600,C2667,5776.79,2023-06-01 19:10:00,Restaurant
7278,C7274,74.78,2023-06-01 19:11:06,Entertainment
7594,C5991,64.93,2023-06-01 19:11:29,Electronics
6873,C7258,77.38,2023-06-01 19:13:27,Restaurant
7705,C7468,0.77,2023-06-01 19:15:00,Retail
1456,C2193,11.21,2023-06-01 19:15:22,Grocery
1329,C8239,1.09,2023-06-01 19:16:07,Grocery
6259,C7348,48.85,2023-06-01 19:16:21,Restaurant
1706,C1200,73.89,2023-06-01 19:17:02,Electronics
4677,C8279,38.84,2023-06-01 19:18:16,Restaurant
3001,C8444,50.88,2023-06-01 19:18:22,Electronics
6945,C9056,66.7,2023-06-01 19:18:58,Retail
4635,C2682,103.65,2023-06-01 19:19:14,Electronics
2730,C3653,44.66,2023-06-01 19:23:29,Grocery
4529,C5536,4246.65,2023-06-01 19:24:25,Electronics
7618,C8685,68.54,2023-06-01 19:25:34,Retail
9660,C7292,98.17,2023-06-01 19:26:41,Grocery
3987,C5777,22.94,2023-06-01 19:28:51,Entertainment
1665,C7046,45.27,2023-06-01 19:29:38,Restaurant
2282,C9196,46.31,2023-06-01 19:30:53,Entertainment
8161,C1723,93.8,2023-06-01 19:32:04,Grocery
3182,C7775,101.82,2023-06-01 19:33:35,Entertainment
4519,C9380,85.72,2023-06-01 19:34:14,Grocery
5629,C5663,37.87,2023-06-01 19:34:55,Entertainment
6236,C7737,100.38,2023-06-01 19:36:21,Retail
1587,C3749,35.46,2023-06-01 19:39:21,Entertainment
8502,C3527,92.75,2023-06-01 19:40:29,Entertainment
7844,C4373,82.95,2023-06-01 19:41:13,Entertainment
8143,C3166,38.88,2023-06-01 19:44:09,Retail
6265,C4707,96.95,2023-06-01 19:45:34,Grocery
8457,C4431,97.73,2023-06-01 19:45:57,Restaurant
3737,C5558,50.86,2023-06-01 19:46:53,Entertainment
3450,C9079,90.23,2023-06-01 19:48:32,Grocery
3868,C3830,77.68,2023-06-01 19:49:47,Grocery
6464,C6042,68.54,2023-06-01 19:49:55,Grocery
4924,C7839,69.56,2023-06-01 19:49:55,Entertainment
3859,C9655,89.6,2023-06-01 19:52:12,Grocery
5451,C2124,58.02,2023-06-01 19:52:53,Entertainment
7470,C7944,79.46,2023-06-01 19:52:58,Restaurant
2083,C6876,90.51,2023-06-01 19:53:24,Grocery
7490,C4264,87.53,2023-06-01 19:53:27,Restaurant
7244,C5846,42.91,2023-06-01 19:53:59,Retail
8136,C1087,86.31,2023-06-01 19:56:27,Restaurant
7986,C5036,47.96,2023-06-01 19:56:47,Electronics
10706,C7898,48.38,2023-06-01 19:56:50,Restaurant
1715,C8827,31.65,2023-06-01 19:57:45,Restaurant
8886,C7336,64.53,2023-06-01 19:59:11,Grocery
10829,C1388,71.76,2023-06-01 19:59:21,Entertainment
1023,C5557,1637.31,2023-06-01 19:59:26,Grocery
4038,C6345,6215.11,2023-06-01 19:59:26,Electronics
5029,C7248,48.15,2023-06-01 20:02:27,Electronics
4956,C7251,124.59,2023-06-01 20:05:11,Grocery
5585,C4744,12.51,2023-06-01 20:07:04,Grocery
7373,C3725,96.3,2023-06-01 20:07:53,Retail
9746,C5249,15.17,2023-06-01 20:09:21,Grocery
10933,C2056,54.1,2023-06-01 20:12:20,Entertainment
4506,C5511,79.63,2023-06-01 20:13:03,Retail
5530,C8901,91.55,2023-06-01 20:13:23,Restaurant
7381,C4897,93.48,2023-06-01 20:14:41,Retail
7811,C6855,27.19,2023-06-01 20:21:04,Entertainment
7820,C2073,43.64,2023-06-01 20:21:50,Retail
7375,C9770,93.14,2023-06-01 20:23:49,Retail
1180,C1514,1.35,2023-06-01 20:24:46,Grocery
2258,C8972,111.05,2023-06-01 20:25:20,Grocery
7834,C1334,59.18,2023-06-01 20:26:48,Entertainment
5393,C7522,29.23,2023-06-01 20:29:38,Restaurant
3801,C2975,52.74,2023-06-01 20:30:11,Entertainment
6369,C8514,48.47,2023-06-01 20:30:50,Entertainment
6626,C5227,58.74,2023-06-01 20:31:17,Retail
7385,C3072,68.2,2023-06-01 20:32:25,Entertainment
5015,C6424,91.97,2023-06-01 20:34:58,Retail
7392,C6192,6603.04,2023-06-01 20:35:01,Grocery
9474,C2497,29.39,2023-06-01 20:35:38,Grocery
8609,C4868,84.39,2023-06-01 20:36:34,Electronics
4759,C7319,77.33,2023-06-01 20:36:41,Restaurant
2208,C2882,71.58,2023-06-01 20:38:30,Electronics
2689,C3852,60.36,2023-06-01 20:40:14,Entertainment
2116,C4898,35.35,2023-06-01 20:41:51,Restaurant
1303,C5905,60.49,2023-06-01 20:41:57,Electronics
6115,C4271,10.0,2023-06-01 20:42:44,Entertainment
3446,C3274,10.0,2023-06-01 20:43:12,Entertainment
2659,C5566,53.18,2023-06-01 20:43:35,Grocery
3368,C1256,59.74,2023-06-01 20:47:38,Restaurant
7694,C7020,48.52,2023-06-01 20:47:53,Retail
6054,C6231,80.55,2023-06-01 20:48:51,Entertainment
7732,C5107,101.07,2023-06-01 20:50:19,Grocery
4472,C3029,42.05,2023-06-01 20:50:38,Restaurant
10355,C5486,92.4,2023-06-01 20:51:48,Grocery
4625,C6279,40.53,2023-06-01 20:52:02,Electronics
6916,C2965,33.44,2023-06-01 20:52:26,Entertainment
2440,C3712,82.19,2023-06-01 20:52:58,Grocery
6138,C5237,32.7,2023-06-01 20:54:23,Restaurant
9665,C1636,45.34,2023-06-01 20:54:46,Retail
10342,C8031,95.68,2023-06-01 20:54:58,Electronics
10639,C5940,1.76,2023-06-01 20:55:23,Electronics
8125,C7935,89.47,2023-06-01 20:55:32,Retail
2560,C4950,47.78,2023-06-01 20:56:43,Retail
6587,C5641,6820.29,2023-06-01 20:58:44,Electronics
9091,C7158,75.31,2023-06-01 20:58:59,Electronics
5338,C9835,16.9,2023-06-01 20:59:09,Retail
4899,C5482,0.92,2023-06-01 20:59:14,Electronics
2320,C9693,46.78,2023-06-01 20:59:31,Entertainment
8187,C3679,68.17,2023-06-01 21:03:07,Restaurant
8710,C3440,10.0,2023-06-01 21:03:21,Retail
1395,C6139,47.94,2023-06-01 21:04:04,Grocery
4329,C9013,66.34,2023-06-01 21:05:20,Restaurant
7813,C6755,75.77,2023-06-01 21:06:24,Retail
3687,C5055,77.08,2023-06-01 21:07:10,Grocery
5395,C2951,37.29,2023-06-01 21:08:17,Entertainment
2792,C2586,118.0,2023-06-01 21:08:37,Retail
4504,C5135,27.47,2023-06-01 21:08:47,Electronics
5271,C3578,6334.9,2023-06-01 21:08:53,Retail
1787,C6280,63.89,2023-06-01 21:09:12,Electronics
5529,C1692,74.28,2023-06-01 21:10:37,Entertainment
8453,C7815,65.99,2023-06-01 21:11:02,Electronics
2825,C2761,39.24,2023-06-01 21:11:37,Entertainment
9287,C6567,84.13,2023-06-01 21:11:39,Entertainment
6150,C4288,68.79,2023-06-01 21:12:30,Retail
1159,C9835,64.97,2023-06-01 21:13:29,Retail
6194,C7343,103.19,2023-06-01 21:13:37,Restaurant
2435,C3147,49.15,2023-06-01 21:14:00,Entertainment
10958,C1375,119.19,2023-06-01 21:14:55,Entertainment
10625,C2249,34.34,2023-06-01 21:15:25,Entertainment
3644,C4065,72.76,2023-06-01 21:16:25,Retail
1027,C6574,69.19,2023-06-01 21:18:54,Restaurant
8311,C9411,88.17,2023-06-01 21:19:06,Retail
7615,C1537,41.08,2023-06-01 21:19:11,Electronics
5239,C2691,0.83,2023-06-01 21:20:12,Restaurant
8558,C1129,122.64,2023-06-01 21:21:09,Electronics
9933,C6528,51.62,2023-06-01 21:22:24,Retail
8738,C3944,80.57,2023-06-01 21:23:33,Entertainment
6879,C6797,22.63,2023-06-01 21:24:07,Entertainment
5487,C2106,47.89,2023-06-01 21:26:04,Grocery
1002,C1409,100.65,2023-06-01 21:26:16,Grocery
9383,C8501,52.08,2023-06-01 21:26:21,Restaurant
3145,C4762,52.99,2023-06-01 21:27:05,Entertainment
5549,C6689,72.19,2023-06-01 21:27:14,Electronics
10179,C2302,1.49,2023-06-01 21:28:24,Electronics
7053,C2594,39.48,2023-06-01 21:28:31,Restaurant
3030,C8822,41.04,2023-06-01 21:29:51,Restaurant
2776,C6121,55.99,2023-06-01 21:31:02,Entertainment
8151,C8669,1.75,2023-06-01 21:31:29,Grocery
5696,C6846,64.87,2023-06-01 21:33:53,Grocery
10544,C9036,4803.77,2023-06-01 21:34:11,Electronics
9023,C4153,67.65,2023-06-01 21:34:18,Electronics
10103,C8104,17.73,2023-06-01 21:36:24,Restaurant
5997,C8412,55.8,2023-06-01 21:36:52,Restaurant
7246,C2486,52.31,2023-06-01 21:37:37,Restaurant
5984,C6772,49.27,2023-06-01 21:40:19,Electronics
7749,C2253,104.86,2023-06-01 21:40:39,Grocery
10135,C9666,93.42,2023-06-01 21:41:02,Retail
7521,C5225,80.76,2023-06-01 21:41:06,Retail
8640,C7598,10543.6,2023-06-01 21:42:55,Grocery
10507,C3189,69.83,2023-06-01 21:42:56,Restaurant
9703,C5143,43.33,2023-06-01 21:43:54,Restaurant
3700,C3719,60.53,2023-06-01 21:43:58,Entertainment
10527,C5403,4004.41,2023-06-01 21:44:35,Retail
8997,C2015,68.27,2023-06-01 21:45:01,Grocery
6214,C3158,88.98,2023-06-01 21:45:07,Restaurant
5768,C8460,64.9,2023-06-01 21:45:59,Electronics
10001,C9351,43.32,2023-06-01 21:46:08,Grocery
7740,C2117,52.46,2023-06-01 21:47:32,Electronics
6303,C4110,62.31,2023-06-01 21:51:20,Restaurant
10228,C5752,63.48,2023-06-01 21:51:31,Entertainment
5657,C9535,65.14,2023-06-01 21:51:38,Electronics
4515,C9530,71.99,2023-06-01 21:52:03,Entertainment
10130,C3879,30.51,2023-06-01 21:53:52,Electronics
6042,C6478,1.2,2023-06-01 21:54:01,Electronics
8227,C1473,50.77,2023-06-01 21:54:02,Restaurant
2169,C6553,80.2,2023-06-01 21:54:21,Entertainment
10147,C7597,11.22,2023-06-01 21:54:23,Grocery
1454,C5011,69.25,2023-06-01 21:54:54,Grocery
4853,C6818,52.36,2023-06-01 21:57:27,Restaurant
5261,C3276,88.9,2023-06-01 22:00:40,Retail
9760,C4846,57.11,2023-06-01 22:00:53,Restaurant
5189,C1511,58.82,2023-06-01 22:02:07,Grocery
5884,C4109,58.18,2023-06-01 22:02:26,Retail
10404,C2587,46.98,2023-06-01 22:02:36,Electronics
2544,C2108,52.24,2023-06-01 22:05:24,Grocery
9478,C1238,0.57,2023-06-01 22:07:15,Entertainment
2291,C6129,65.19,2023-06-01 22:08:20,Grocery
3340,C2320,85.16,2023-06-01 22:08:57,Restaurant
10069,C4884,10.0,2023-06-01 22:09:20,Entertainment
8762,C2627,47.9,2023-06-01 22:09:24,Electronics
1500,C6502,1.42,2023-06-01 22:10:04,Electronics
7697,C9055,72.31,2023-06-01 22:11:45,Entertainment
5684,C7387,21.43,2023-06-01 22:13:21,Restaurant
2471,C9452,52.12,2023-06-01 22:13:24,Electronics
5877,C5107,6325.28,2023-06-01 22:14:39,Grocery
6883,C5429,8136.38,2023-06-01 22:15:05,Electronics
1453,C1757,11.44,2023-06-01 22:16:16,Grocery
6971,C3483,92.23,2023-06-01 22:19:22,Restaurant
9639,C6011,2830.49,2023-06-01 22:19:45,Entertainment
9369,C8539,1.47,2023-06-01 22:21:38,Grocery
1590,C6096,62.07,2023-06-01 22:21:58,Grocery
4960,C1881,122.52,2023-06-01 22:23:34,Retail
4762,C3732,58.88,2023-06-01 22:23:37,Entertainment
6301,C9456,39.07,2023-06-01 22:24:16,Retail
3514,C8357,38.49,2023-06-01 22:28:16,Restaurant
3582,C7985,15.8,2023-06-01 22:28:56,Grocery
5986,C6319,68.22,2023-06-01 22:29:03,Grocery
5958,C4537,10.0,2023-06-01 22:29:41,Restaurant
6857,C7533,39.36,2023-06-01 22:30:36,Electronics
5473,C5222,91.24,2023-06-01 22:32:09,Electronics
10874,C5589,63.68,2023-06-01 22:34:09,Electronics
7699,C7494,39.63,2023-06-01 22:34:25,Electronics
6077,C7540,68.76,2023-06-01 22:34:52,Electronics
6275,C3901,53.77,2023-06-01 22:35:38,Entertainment
3204,C5927,34.55,2023-06-01 22:35:59,Restaurant
4309,C3516,88.43,2023-06-01 22:36:01,Grocery
3966,C5444,74.2,2023-06-01 22:36:48,Entertainment
8036,C1448,10.0,2023-06-01 22:37:01,Entertainment
8288,C8594,44.0,2023-06-01 22:37:13,Restaurant
6635,C2070,35.08,2023-06-01 22:37:16,Grocery
4280,C6600,38.08,2023-06-01 22:38:15,Retail
8326,C3941,67.46,2023-06-01 22:38:28,Entertainment
9672,C6711,48.51,2023-06-01 22:38:36,Entertainment
7971,C3869,66.05,2023-06-01 22:38:56,Retail
2269,C3248,54.04,2023-06-01 22:38:58,Restaurant
8099,C3133,41.64,2023-06-01 22:40:18,Grocery
3064,C9998,40.16,2023-06-01 22:41:09,Electronics
7059,C9145,74.81,2023-06-01 22:41:20,Entertainment
8808,C1305,66.73,2023-06-01 22:41:35,Grocery
2521,C2996,74.17,2023-06-01 22:43:17,Entertainment
10908,C3532,35.52,2023-06-01 22:43:52,Retail
8782,C6243,78.52,2023-06-01 22:45:14,Retail
10350,C4758,117.27,2023-06-01 22:47:13,Grocery
7999,C6067,38.08,2023-06-01 22:47:24,Entertainment
2553,C7338,59.03,2023-06-01 22:48:04,Electronics
5134,C1891,37.01,2023-06-01 22:49:30,Retail
7401,C2990,81.92,2023-06-01 22:51:20,Grocery
4568,C4659,56.11,2023-06-01 22:53:23,Electronics
6169,C9709,26.09,2023-06-01 22:53:30,Electronics
9007,C7249,37.71,2023-06-01 22:57:12,Retail
2855,C1659,83.75,2023-06-01 22:57:49,Retail
7723,C8795,55.58,2023-06-01 22:58:11,Grocery
9992,C5509,31.42,2023-06-01 22:58:57,Electronics
7366,C7093,11.01,2023-06-01 22:59:18,Restaurant
7136,C3617,1000.0,2023-06-01 22:59:25,Grocery
7310,C8703,31.91,2023-06-01 23:00:51,Entertainment
6974,C1060,72.35,2023-06-01 23:03:24,Grocery
8547,C7443,47.93,2023-06-01 23:03:36,Entertainment
1330,C8007,47.4,2023-06-01 23:04:28,Retail
6850,C6653,81.73,2023-06-01 23:04:56,Retail
3935,C9128,73.97,2023-06-01 23:06:21,Grocery
9087,C4492,73.08,2023-06-01 23:07:47,Retail
3369,C4394,3118.85,2023-06-01 23:09:22,Retail
1939,C1474,59.4,2023-06-01 23:10:23,Restaurant
9281,C3276,55.4,2023-06-01 23:11:00,Retail
10838,C2528,5197.67,2023-06-01 23:11:00,Entertainment
1986,C1359,112.63,2023-06-01 23:12:46,Grocery
8656,C9408,101.75,2023-06-01 23:13:38,Entertainment
3173,C5739,3525.37,2023-06-01 23:14:53,Electronics
1741,C5335,46.51,2023-06-01 23:15:19,Electronics
7900,C4287,70.59,2023-06-01 23:15:52,Restaurant
9116,C6567,37.43,2023-06-01 23:16:15,Retail
10667,C6231,53.12,2023-06-01 23:17:28,Grocery
2305,C2734,24.72,2023-06-01 23:17:36,Retail
10383,C5046,1.06,2023-06-01 23:23:10,Grocery
4331,C2493,64.61,2023-06-01 23:23:14,Retail
9795,C3275,77.34,2023-06-01 23:24:14,Grocery
10339,C2884,99.21,2023-06-01 23:25:55,Restaurant
4361,C4860,26.99,2023-06-01 23:27:28,Restaurant
5633,C8987,62.44,2023-06-01 23:27:38,Retail
10931,C7578,46.24,2023-06-01 23:27:43,Grocery
9893,C4639,64.19,2023-06-01 23:28:13,Entertainment
5703,C8288,38.96,2023-06-01 23:30:32,Entertainment
7774,C1538,51.75,2023-06-01 23:33:24,Grocery
10158,C1866,41.17,2023-06-01 23:33:33,Electronics
10938,C8802,1.3,2023-06-01 23:35:35,Entertainment
8850,C3288,78.27,2023-06-01 23:39:30,Entertainment
7346,C2031,112.21,2023-06-01 23:41:25,Grocery
10831,C8814,43.49,2023-06-01 23:42:03,Electronics
3933,C5308,31.73,2023-06-01 23:42:23,Electronics
2899,C8225,73.83,2023-06-01 23:43:27,Electronics
1084,C9179,60.82,2023-06-01 23:44:08,Entertainment
4993,C1833,39.4,2023-06-01 23:44:47,Grocery
2879,C7035,94.77,2023-06-01 23:46:56,Entertainment
6061,C1827,41.66,2023-06-01 23:47:18,Retail
7570,C2678,62.07,2023-06-01 23:49:40,Grocery
9912,C3022,62.3,2023-06-01 23:49:50,Electronics
3928,C6488,70.22,2023-06-01 23:50:26,Entertainment
5228,C4834,60.08,2023-06-01 23:50:39,Entertainment
2535,C8032,65.18,2023-06-01 23:51:21,Grocery
6753,C3945,70.71,2023-06-01 23:51:37,Restaurant
5454,C6703,75.43,2023-06-01 23:53:15,Retail
1973,C7951,83.63,2023-06-01 23:54:52,Electronics
8328,C7438,106.77,2023-06-01 23:55:23,Electronics
1998,C3240,1000.0,2023-06-01 23:56:28,Retail
5497,C5314,54.01,2023-06-01 23:56:47,Restaurant
1507,C7275,66.6,2023-06-01 23:58:22,Electronics
3318,C1280,75.57,2023-06-01 23:58:46,Restaurant
2684,C2063,12.01,2023-06-01 23:59:55,Entertainment
5632,C9363,1.6,2023-06-02 00:00:19,Restaurant
2767,C1981,45.57,2023-06-02 00:01:01,Entertainment
3944,C5179,30.27,2023-06-02 00:01:36,Entertainment
4281,C3787,54.8,2023-06-02 00:05:08,Restaurant
7564,C5610,64.66,2023-06-02 00:06:15,Grocery
10395,C2650,3230.25,2023-06-02 00:07:09,Electronics
8754,C7798,1.33,2023-06-02 00:09:10,Grocery
7949,C2479,85.32,2023-06-02 00:09:22,Electronics
6067,C8076,78.66,2023-06-02 00:11:35,Retail
10378,C5411,52.36,2023-06-02 00:12:11,Retail
2988,C7846,49.17,2023-06-02 00:13:27,Grocery
6005,C3213,43.23,2023-06-02 00:13:45,Retail
9422,C5105,63.39,2023-06-02 00:13:55,Entertainment
9019,C1425,79.73,2023-06-02 00:16:23,Electronics
2281,C4770,29.14,2023-06-02 00:18:15,Restaurant
4653,C4087,19.37,2023-06-02 00:18:23,Grocery
2975,C7666,83.9,2023-06-02 00:18:29,Grocery
5170,C6432,7812.1,2023-06-02 00:18:52,Grocery
6227,C2111,100.31,2023-06-02 00:20:14,Electronics
10659,C5562,33.29,2023-06-02 00:20:30,Entertainment
1462,C7547,78.87,2023-06-02 00:20:38,Entertainment
6955,C2740,17.69,2023-06-02 00:24:14,Grocery
6719,C1510,10.0,2023-06-02 00:25:02,Restaurant
10330,C8961,61.47,2023-06-02 00:27:05,Electronics
10390,C6269,89.46,2023-06-02 00:28:38,Electronics
1772,C6039,49.18,2023-06-02 00:28:51,Entertainment
4592,C6614,52.21,2023-06-02 00:29:55,Electronics
9208,C6511,50.4,2023-06-02 00:30:05,Electronics
8987,C2567,10.0,2023-06-02 00:30:08,Electronics
6920,C4027,47.08,2023-06-02 00:30:26,Electronics
4691,C3247,86.57,2023-06-02 00:31:42,Entertainment
6799,C6431,47.22,2023-06-02 00:31:51,Electronics
1533,C4595,60.31,2023-06-02 00:31:53,Entertainment
6497,C6793,82.97,2023-06-02 00:32:33,Electronics
4049,C3693,86.5,2023-06-02 00:32:36,Retail
4736,C5760,6709.28,2023-06-02 00:32:43,Retail
6051,C5993,24.61,2023-06-02 00:35:02,Electronics
6338,C2494,74.94,2023-06-02 00:36:06,Entertainment
5294,C3725,92.27,2023-06-02 00:36:26,Entertainment
6133,C9814,32.79,2023-06-02 00:36:59,Restaurant
7488,C8571,53.39,2023-06-02 00:37:39,Electronics
10387,C1669,51.42,2023-06-02 00:38:52,Restaurant
10078,C5544,73.24,2023-06-02 00:40:23,Restaurant
10138,C5440,55.23,2023-06-02 00:40:52,Entertainment
4936,C4275,40.71,2023-06-02 00:41:23,Entertainment
5307,C4594,61.64,2023-06-02 00:41:27,Entertainment
6556,C8649,57.01,2023-06-02 00:41:52,Entertainment
5501,C7536,46.0,2023-06-02 00:41:57,Retail
1200,C7735,75.82,2023-06-02 00:42:30,Electronics
9085,C4772,6082.27,2023-06-02 00:43:58,Electronics
8952,C8354,26.3,2023-06-02 00:45:46,Electronics
7840,C6282,0.41,2023-06-02 00:46:53,Electronics
3310,C9719,0.81,2023-06-02 00:47:06,Grocery
5851,C8786,46.39,2023-06-02 00:47:32,Retail
3262,C1749,72.52,2023-06-02 00:49:15,Electronics
7491,C4047,1.25,2023-06-02 00:50:54,Restaurant
6938,C6450,53.93,2023-06-02 00:50:59,Retail
6641,C3798,34.12,2023-06-02 00:51:09,Electronics
5791,C4558,30.48,2023-06-02 00:51:34,Restaurant
3833,C7291,25.02,2023-06-02 00:51:43,Restaurant
6911,C1388,46.73,2023-06-02 00:52:24,Entertainment
3888,C3501,129.5,2023-06-02 00:53:52,Restaurant
9659,C7113,33.65,2023-06-02 00:54:05,Retail
1957,C9153,67.79,2023-06-02 00:54:13,Restaurant
8643,C5320,80.74,2023-06-02 00:55:49,Retail
3106,C2196,69.53,2023-06-02 00:55:50,Restaurant
4463,C8478,6528.54,2023-06-02 00:56:44,Electronics
8845,C2145,1.46,2023-06-02 00:56:59,Electronics
4389,C6343,28.65,2023-06-02 00:57:05,Restaurant
10189,C7946,65.73,2023-06-02 00:58:19,Restaurant
5096,C8170,88.12,2023-06-02 00:58:22,Electronics
3669,C9808,10.0,2023-06-02 00:59:39,Restaurant
4130,C1999,53.86,2023-06-02 01:00:44,Electronics
9157,C1872,64.29,2023-06-02 01:02:26,Restaurant
5356,C4809,94.08,2023-06-02 01:02:38,Entertainment
9878,C7025,25.26,2023-06-02 01:03:09,Entertainment
1390,C5349,68.79,2023-06-02 01:04:03,Restaurant
6841,C3376,51.9,2023-06-02 01:04:16,Entertainment
8115,C7056,72.01,2023-06-02 01:05:48,Retail
7090,C1256,14.9,2023-06-02 01:06:06,Grocery
8040,C3229,69.86,2023-06-02 01:06:57,Entertainment
5799,C6410,39.49,2023-06-02 01:07:09,Retail
3871,C1273,36.54,2023-06-02 01:07:39,Electronics
8508,C8194,81.29,2023-06-02 01:07:54,Restaurant
8734,C9235,17.82,2023-06-02 01:08:14,Electronics
9443,C3034,96.74,2023-06-02 01:08:49,Grocery
10646,C5348,42.03,2023-06-02 01:09:17,Grocery
6847,C8211,51.76,2023-06-02 01:09:33,Retail
6157,C5445,29.02,2023-06-02 01:09:44,Entertainment
10005,C5484,66.73,2023-06-02 01:11:20,Grocery
7982,C6185,71.91,2023-06-02 01:12:03,Entertainment
1808,C6260,42.39,2023-06-02 01:13:19,Grocery
8554,C7586,82.38,2023-06-02 01:14:26,Entertainment
8313,C9366,46.68,2023-06-02 01:14:56,Entertainment
1408,C6967,40.5,2023-06-02 01:15:44,Electronics
4498,C1145,44.71,2023-06-02 01:16:05,Grocery
5493,C6785,61.35,2023-06-02 01:16:27,Retail
3027,C2562,24.43,2023-06-02 01:16:46,Retail
7010,C2390,91.09,2023-06-02 01:17:01,Retail
3876,C1652,28.26,2023-06-02 01:18:36,Electronics
4838,C8474,65.61,2023-06-02 01:19:13,Restaurant
6270,C7767,54.17,2023-06-02 01:20:18,Electronics
1634,C7209,47.52,2023-06-02 01:20:44,Restaurant
2743,C2530,94.73,2023-06-02 01:21:32,Entertainment
6736,C7835,58.63,2023-06-02 01:23:24,Entertainment
10252,C4050,77.76,2023-06-02 01:23:32,Retail
9995,C1190,55.47,2023-06-02 01:24:37,Retail
4185,C9035,56.05,2023-06-02 01:24:38,Restaurant
9218,C7264,55.16,2023-06-02 01:25:12,Electronics
7996,C4926,33.27,2023-06-02 01:26:19,Entertainment
3223,C1844,27.0,2023-06-02 01:27:13,Restaurant
3352,C8109,10.48,2023-06-02 01:27:31,Entertainment
10008,C7290,62.43,2023-06-02 01:27:50,Grocery
2451,C4918,58.35,2023-06-02 01:29:26,Electronics
9505,C7588,70.01,2023-06-02 01:29:57,Retail
6108,C3773,45.38,2023-06-02 01:33:55,Entertainment
4785,C1202,50.2,2023-06-02 01:37:21,Entertainment
8248,C7534,91.24,2023-06-02 01:38:29,Entertainment
7885,C9443,1679.8,2023-06-02 01:39:37,Grocery
10869,C6139,70.0,2023-06-02 01:39:57,Retail
2513,C3449,57.35,2023-06-02 01:41:15,Retail
2574,C8498,73.79,2023-06-02 01:44:22,Restaurant
6700,C6187,66.42,2023-06-02 01:44:33,Retail
5712,C6688,46.12,2023-06-02 01:45:11,Restaurant
10320,C1223,121.03,2023-06-02 01:45:48,Grocery
9102,C3333,1.3,2023-06-02 01:45:58,Electronics
3578,C9454,70.4,2023-06-02 01:46:23,Entertainment
5718,C6044,59.61,2023-06-02 01:49:18,Entertainment
8428,C8688,35.66,2023-06-02 01:50:09,Restaurant
3251,C6892,60.63,2023-06-02 01:50:56,Restaurant
4216,C3580,82.45,2023-06-02 01:51:05,Grocery
6461,C5614,57.41,2023-06-02 01:51:44,Grocery
10748,C3843,25.29,2023-06-02 01:53:05,Entertainment
1499,C5451,78.02,2023-06-02 01:53:27,Electronics
3837,C3290,60.52,2023-06-02 01:56:02,Grocery
2900,C6139,10.0,2023-06-02 01:57:42,Grocery
9721,C1025,65.35,2023-06-02 01:58:08,Electronics
10405,C1223,74.34,2023-06-02 01:58:22,Restaurant
5355,C8817,20.8,2023-06-02 01:59:59,Electronics
10903,C5306,59.94,2023-06-02 02:02:28,Retail
8904,C9090,43.58,2023-06-02 02:03:16,Grocery
10980,C5864,40.27,2023-06-02 02:05:19,Electronics
4168,C1916,0.72,2023-06-02 02:07:08,Grocery
3780,C2350,54.66,2023-06-02 02:08:12,Restaurant
4321,C3798,58.93,2023-06-02 02:08:26,Restaurant
9408,C4397,51.14,2023-06-02 02:10:58,Entertainment
4146,C6636,30.42,2023-06-02 02:11:36,Grocery
8092,C4677,67.1,2023-06-02 02:14:22,Retail
7929,C7914,45.94,2023-06-02 02:16:03,Entertainment
9355,C4325,61.97,2023-06-02 02:16:27,Retail
8835,C5477,46.02,2023-06-02 02:17:18,Retail
5621,C6638,54.85,2023-06-02 02:20:03,Grocery
1666,C8753,41.99,2023-06-02 02:22:40,Grocery
4958,C7825,62.14,2023-06-02 02:23:47,Entertainment
9507,C1196,63.69,2023-06-02 02:25:41,Grocery
3641,C9022,1810.89,2023-06-02 02:25:43,Electronics
10772,C2264,77.74,2023-06-02 02:28:41,Electronics
5207,C7500,82.37,2023-06-02 02:28:47,Electronics
6234,C6221,34.53,2023-06-02 02:28:48,Grocery
7285,C2097,54.47,2023-06-02 02:31:44,Entertainment
8694,C6712,78.1,2023-06-02 02:32:03,Electronics
8779,C5882,3341.92,2023-06-02 02:33:06,Retail
10397,C4028,14.77,2023-06-02 02:35:58,Retail
3647,C1878,99.01,2023-06-02 02:36:08,Restaurant
1339,C8041,0.22,2023-06-02 02:37:01,Entertainment
8333,C6143,55.16,2023-06-02 02:38:15,Entertainment
2984,C4804,0.95,2023-06-02 02:38:23,Restaurant
10145,C6655,79.16,2023-06-02 02:38:50,Grocery
2953,C4505,58.35,2023-06-02 02:39:03,Grocery
5034,C5633,10.0,2023-06-02 02:39:08,Restaurant
10615,C4700,77.87,2023-06-02 02:39:08,Electronics
6013,C5521,85.59,2023-06-02 02:39:21,Entertainment
2947,C5712,7480.52,2023-06-02 02:39:44,Grocery
5265,C2263,48.06,2023-06-02 02:41:21,Retail
5382,C5514,111.05,2023-06-02 02:41:25,Grocery
6953,C8065,76.07,2023-06-02 02:41:32,Electronics
9559,C1621,50.74,2023-06-02 02:42:13,Grocery
9417,C7542,0.04,2023-06-02 02:42:14,Entertainment
4520,C7131,22.96,2023-06-02 02:43:01,Electronics
7063,C7983,42.45,2023-06-02 02:43:07,Grocery
2304,C8155,114.91,2023-06-02 02:43:22,Grocery
9252,C5906,98.78,2023-06-02 02:44:53,Entertainment
2651,C7095,48.68,2023-06-02 02:48:23,Retail
2011,C4289,57.33,2023-06-02 02:48:27,Retail
8910,C1116,48.99,2023-06-02 02:49:33,Entertainment
4287,C6536,28.87,2023-06-02 02:50:29,Grocery
6193,C5221,34.6,2023-06-02 02:51:34,Restaurant
4725,C2659,67.7,2023-06-02 02:51:38,Restaurant
9580,C7250,90.9,2023-06-02 02:52:24,Grocery
4767,C2699,78.63,2023-06-02 02:54:20,Electronics
7070,C6268,48.58,2023-06-02 02:55:08,Electronics
2056,C9071,53.06,2023-06-02 02:55:50,Electronics
10067,C2622,60.35,2023-06-02 02:57:23,Electronics
5771,C9060,91.43,2023-06-02 02:57:23,Electronics
5133,C3971,22.52,2023-06-02 02:59:55,Restaurant
2821,C8710,64.5,2023-06-02 03:01:10,Entertainment
2092,C1349,79.42,2023-06-02 03:01:34,Grocery
1282,C2188,59.02,2023-06-02 03:04:00,Grocery
6585,C5440,55.9,2023-06-02 03:04:19,Entertainment
10976,C1880,47.86,2023-06-02 03:04:57,Entertainment
9998,C2353,46.47,2023-06-02 03:07:35,Retail
8444,C5627,11.07,2023-06-02 03:07:37,Entertainment
6807,C5267,30.24,2023-06-02 03:08:07,Retail
4132,C5583,75.4,2023-06-02 03:11:09,Entertainment
9932,C7427,59.34,2023-06-02 03:11:52,Restaurant
4640,C2069,39.87,2023-06-02 03:12:24,Entertainment
3725,C5055,52.88,2023-06-02 03:13:46,Retail
5422,C5693,74.39,2023-06-02 03:14:36,Entertainment
8455,C5975,66.72,2023-06-02 03:15:56,Entertainment
3265,C1265,71.98,2023-06-02 03:17:46,Electronics
4982,C5329,76.95,2023-06-02 03:18:46,Electronics
6576,C5483,79.57,2023-06-02 03:20:21,Restaurant
9867,C4823,75.48,2023-06-02 03:20:22,Grocery
6606,C3932,53.8,2023-06-02 03:22:37,Retail
9835,C3753,51.73,2023-06-02 03:23:31,Entertainment
9200,C5834,50.77,2023-06-02 03:24:11,Grocery
8702,C7181,65.59,2023-06-02 03:24:31,Restaurant
10610,C7998,40.34,2023-06-02 03:25:35,Electronics
8588,C1456,53.25,2023-06-02 03:25:39,Grocery
8954,C1084,44.6,2023-06-02 03:26:11,Restaurant
7658,C2758,46.29,2023-06-02 03:26:12,Restaurant
3089,C2489,107.82,2023-06-02 03:28:08,Restaurant
8308,C1781,106.39,2023-06-02 03:31:09,Entertainment
6610,C6444,46.7,2023-06-02 03:32:25,Electronics
8388,C8724,47.31,2023-06-02 03:34:05,Electronics
3949,C1042,66.33,2023-06-02 03:35:00,Entertainment
10183,C3705,4514.7,2023-06-02 03:37:53,Entertainment
4058,C8404,109.68,2023-06-02 03:37:57,Entertainment
5117,C9800,73.59,2023-06-02 03:38:00,Retail
5569,C5413,100.47,2023-06-02 03:38:28,Entertainment
9850,C7283,31.73,2023-06-02 03:38:32,Electronics
3620,C2388,2196.22,2023-06-02 03:40:12,Retail
2064,C7078,60.18,2023-06-02 03:41:26,Grocery
2494,C7142,47.25,2023-06-02 03:42:09,Grocery
5022,C2879,35.53,2023-06-02 03:43:34,Retail
5194,C9904,10.0,2023-06-02 03:45:05,Restaurant
1047,C4150,88.56,2023-06-02 03:45:51,Grocery
3809,C2678,96.16,2023-06-02 03:46:27,Restaurant
1610,C1207,10031.6,2023-06-02 03:47:37,Retail
2015,C9697,44.71,2023-06-02 03:48:14,Grocery
5574,C9171,95.56,2023-06-02 03:48:44,Restaurant
10666,C6777,49.41,2023-06-02 03:50:29,Entertainment
7024,C9748,28.89,2023-06-02 03:53:14,Electronics
10821,C3122,36.28,2023-06-02 03:53:14,Restaurant
5723,C5973,42.76,2023-06-02 03:53:27,Grocery
2919,C9734,118.45,2023-06-02 03:54:05,Entertainment
6509,C6050,71.16,2023-06-02 03:54:28,Retail
5125,C9397,45.08,2023-06-02 03:54:52,Electronics
4591,C4281,81.49,2023-06-02 03:54:59,Electronics
1569,C1853,98.45,2023-06-02 03:56:57,Retail
8020,C2312,12.38,2023-06-02 04:01:02,Retail
7422,C3284,1.29,2023-06-02 04:01:55,Restaurant
7284,C3871,60.01,2023-06-02 04:01:56,Grocery
10727,C2294,1.35,2023-06-02 04:02:22,Retail
9984,C7498,30.05,2023-06-02 04:02:36,Restaurant
9190,C4581,60.58,2023-06-02 04:03:36,Grocery
9982,C2946,58.72,2023-06-02 04:04:48,Entertainment
5831,C3001,39.54,2023-06-02 04:05:32,Retail
7649,C9800,83.95,2023-06-02 04:06:31,Grocery
4508,C7168,51.59,2023-06-02 04:08:45,Entertainment
4649,C3192,86.6,2023-06-02 04:10:09,Electronics
5881,C5828,95.38,2023-06-02 04:10:19,Entertainment
9137,C8106,83.57,2023-06-02 04:12:12,Retail
4674,C1790,30.05,2023-06-02 04:13:13,Entertainment
5610,C1983,51.83,2023-06-02 04:13:56,Entertainment
4656,C1313,1.76,2023-06-02 04:14:27,Entertainment
9623,C7925,62.7,2023-06-02 04:15:34,Electronics
6733,C4083,15.47,2023-06-02 04:17:02,Entertainment
1969,C2210,72.3,2023-06-02 04:17:38,Retail
1654,C4937,63.61,2023-06-02 04:18:33,Electronics
8614,C5661,76.39,2023-06-02 04:20:06,Entertainment
8731,C9548,72.44,2023-06-02 04:21:09,Electronics
8499,C9288,82.91,2023-06-02 04:25:31,Retail
1177,C1964,79.27,2023-06-02 04:25:32,Electronics
8794,C9333,92.21,2023-06-02 04:29:20,Electronics
5392,C6641,42.07,2023-06-02 04:30:26,Retail
10275,C6971,54.98,2023-06-02 04:31:25,Restaurant
9661,C9020,59.51,2023-06-02 04:31:49,Grocery
9211,C8660,44.3,2023-06-02 04:32:14,Restaurant
2663,C4048,74.56,2023-06-02 04:32:20,Restaurant
9807,C1051,76.26,2023-06-02 04:34:22,Grocery
8201,C6727,68.29,2023-06-02 04:34:23,Entertainment
8243,C1909,67.24,2023-06-02 04:34:34,Electronics
6924,C5826,37.59,2023-06-02 04:35:09,Entertainment
9862,C2059,53.0,2023-06-02 04:35:37,Electronics
8018,C1555,81.42,2023-06-02 04:35:40,Entertainment
4530,C5278,75.83,2023-06-02 04:36:05,Entertainment
1955,C7267,55.68,2023-06-02 04:38:18,Electronics
1907,C8213,36.28,2023-06-02 04:39:39,Restaurant
10824,C7672,47.82,2023-06-02 04:42:15,Electronics
8070,C1376,0.75,2023-06-02 04:42:46,Restaurant
3234,C1251,82.03,2023-06-02 04:45:02,Retail
8181,C1894,80.83,2023-06-02 04:46:00,Restaurant
7044,C1312,72.02,2023-06-02 04:47:14,Grocery
6396,C6424,31.09,2023-06-02 04:47:14,Electronics
2811,C7442,79.23,2023-06-02 04:47:38,Electronics
1208,C5073,70.93,2023-06-02 04:49:06,Entertainment
3441,C4977,66.44,2023-06-02 04:51:06,Electronics
9789,C6833,1.17,2023-06-02 04:54:47,Entertainment
3910,C6067,119.71,2023-06-02 04:55:18,Grocery
1448,C6085,29.72,2023-06-02 04:55:39,Restaurant
10888,C1648,4687.97,2023-06-02 04:56:46,Grocery
5597,C7906,69.01,2023-06-02 04:57:12,Retail
1431,C5700,83.22,2023-06-02 04:58:00,Retail
6406,C6901,35.3,2023-06-02 04:58:12,Retail
9169,C9342,114.76,2023-06-02 04:58:34,Entertainment
4607,C4430,55.78,2023-06-02 04:59:07,Restaurant
4169,C4594,38.47,2023-06-02 04:59:45,Restaurant
5777,C9764,90.27,2023-06-02 05:00:10,Restaurant
4979,C1665,27.76,2023-06-02 05:01:19,Grocery
4908,C5897,69.02,2023-06-02 05:01:23,Entertainment
6321,C3945,56.02,2023-06-02 05:01:38,Entertainment
10501,C6692,50.19,2023-06-02 05:02:10,Retail
5693,C3795,73.61,2023-06-02 05:03:44,Grocery
5568,C4885,41.03,2023-06-02 05:03:44,Retail
3617,C8501,40.78,2023-06-02 05:04:00,Retail
5875,C6868,82.3,2023-06-02 05:04:30,Grocery
5368,C1117,61.13,2023-06-02 05:05:06,Restaurant
1138,C9005,78.05,2023-06-02 05:05:12,Retail
2135,C1710,74.6,2023-06-02 05:06:00,Electronics
7531,C6237,117.04,2023-06-02 05:06:37,Grocery
9077,C3658,75.08,2023-06-02 05:07:49,Restaurant
9944,C9978,56.39,2023-06-02 05:07:51,Electronics
3865,C7895,26.5,2023-06-02 05:07:55,Entertainment
4905,C3263,4395.74,2023-06-02 05:09:57,Restaurant
10167,C9228,17.98,2023-06-02 05:11:14,Entertainment
5858,C2497,52.1,2023-06-02 05:11:55,Restaurant
7104,C9570,86.67,2023-06-02 05:17:52,Entertainment
10839,C4794,20.86,2023-06-02 05:18:40,Restaurant
1527,C7389,71.95,2023-06-02 05:18:58,Electronics
8933,C1032,121.38,2023-06-02 05:20:11,Grocery
3813,C5902,16.14,2023-06-02 05:20:41,Electronics
9811,C1749,47.38,2023-06-02 05:21:48,Electronics
9747,C7697,64.01,2023-06-02 05:21:59,Restaurant
5348,C8899,71.66,2023-06-02 05:26:06,Entertainment
2490,C7126,31.96,2023-06-02 05:26:07,Grocery
6094,C5362,37.09,2023-06-02 05:26:36,Entertainment
5737,C8052,49.26,2023-06-02 05:26:53,Restaurant
8575,C7389,56.02,2023-06-02 05:27:49,Grocery
6903,C2702,63.11,2023-06-02 05:28:40,Restaurant
10569,C1222,46.33,2023-06-02 05:29:02,Entertainment
1921,C6383,4320.42,2023-06-02 05:29:32,Entertainment
1659,C2524,50.16,2023-06-02 05:33:45,Restaurant
4226,C5825,59.49,2023-06-02 05:33:55,Entertainment
6925,C8650,10.74,2023-06-02 05:35:09,Restaurant
5840,C4866,40.67,2023-06-02 05:37:37,Restaurant
5141,C2608,40.84,2023-06-02 05:37:42,Restaurant
9060,C9308,76.88,2023-06-02 05:38:57,Restaurant
3050,C7642,100.92,2023-06-02 05:39:30,Entertainment
4385,C2097,85.18,2023-06-02 05:40:01,Entertainment
2973,C1084,19.36,2023-06-02 05:40:38,Grocery
3215,C4331,57.8,2023-06-02 05:41:58,Electronics
9219,C1404,51.63,2023-06-02 05:44:42,Entertainment
5820,C8550,53.22,2023-06-02 05:45:06,Grocery
9464,C8274,10.0,2023-06-02 05:45:11,Electronics
7729,C8448,39.15,2023-06-02 05:46:15,Retail
5969,C3931,101.91,2023-06-02 05:47:11,Electronics
10998,C1232,116.9,2023-06-02 05:48:04,Retail
4008,C2703,1.16,2023-06-02 05:48:07,Restaurant
3983,C8483,61.93,2023-06-02 05:48:20,Entertainment
1192,C8749,10.0,2023-06-02 05:50:13,Grocery
2908,C2020,55.4,2023-06-02 05:51:52,Electronics
5991,C4943,54.66,2023-06-02 05:53:03,Restaurant
10584,C8871,61.03,2023-06-02 05:53:11,Electronics
2554,C7116,43.71,2023-06-02 05:54:20,Entertainment
10587,C6036,16.44,2023-06-02 05:54:31,Restaurant
3529,C1725,45.27,2023-06-02 05:56:12,Retail
10949,C1513,61.96,2023-06-02 05:57:23,Retail
4932,C7240,49.77,2023-06-02 05:58:22,Restaurant
9209,C7981,0.11,2023-06-02 05:58:26,Electronics
4046,C2785,50.4,2023-06-02 05:59:22,Retail
1117,C2827,54.78,2023-06-02 06:03:51,Electronics
3326,C4948,51.51,2023-06-02 06:04:09,Retail
6359,C6071,69.55,2023-06-02 06:04:26,Entertainment
10399,C9049,72.46,2023-06-02 06:05:42,Grocery
2109,C5106,101.62,2023-06-02 06:05:51,Grocery
10884,C8242,51.05,2023-06-02 06:06:22,Restaurant
1890,C4090,64.41,2023-06-02 06:07:36,Grocery
9556,C3484,61.83,2023-06-02 06:07:52,Restaurant
6085,C8879,103.4,2023-06-02 06:08:14,Entertainment
3315,C5501,59.11,2023-06-02 06:08:18,Retail
9805,C7768,43.0,2023-06-02 06:08:31,Electronics
2827,C3194,55.52,2023-06-02 06:09:19,Electronics
3237,C2922,52.98,2023-06-02 06:17:07,Restaurant
7500,C4678,10.0,2023-06-02 06:17:50,Entertainment
9602,C8652,36.15,2023-06-02 06:19:13,Retail
6826,C1232,18.46,2023-06-02 06:21:14,Restaurant
2468,C8873,47.19,2023-06-02 06:21:35,Restaurant
3596,C4519,105.95,2023-06-02 06:22:58,Grocery
5625,C6752,54.42,2023-06-02 06:23:02,Grocery
10479,C5971,49.97,2023-06-02 06:23:50,Electronics
1416,C6067,68.55,2023-06-02 06:24:11,Electronics
9078,C2717,98.24,2023-06-02 06:24:45,Entertainment
3023,C9442,55.56,2023-06-02 06:26:36,Entertainment
1645,C5581,50.76,2023-06-02 06:28:55,Entertainment
6161,C5792,57.79,2023-06-02 06:29:02,Restaurant
10347,C3968,38.15,2023-06-02 06:31:29,Retail
6921,C2816,124.49,2023-06-02 06:32:46,Restaurant
5929,C2753,54.38,2023-06-02 06:33:27,Retail
6815,C8942,87.19,2023-06-02 06:38:06,Restaurant
10227,C2931,65.2,2023-06-02 06:38:38,Entertainment
2034,C9791,43.96,2023-06-02 06:42:45,Retail
9820,C8800,28.75,2023-06-02 06:43:07,Electronics
7068,C9943,53.3,2023-06-02 06:43:31,Electronics
1009,C2424,36.12,2023-06-02 06:43:36,Restaurant
10460,C2228,69.86,2023-06-02 06:43:36,Electronics
7608,C2273,8835.3,2023-06-02 06:43:41,Retail
8427,C4149,99.72,2023-06-02 06:43:49,Entertainment
10906,C5011,57.13,2023-06-02 06:44:02,Restaurant
1663,C4986,66.47,2023-06-02 06:44:06,Retail
9595,C3845,58.86,2023-06-02 06:44:29,Entertainment
10951,C2022,87.7,2023-06-02 06:45:02,Retail
5901,C1011,81.62,2023-06-02 06:45:06,Electronics
2459,C7256,43.46,2023-06-02 06:45:12,Entertainment
4061,C5341,45.06,2023-06-02 06:45:26,Restaurant
1337,C7049,10.0,2023-06-02 06:47:10,Restaurant
5426,C8192,35.15,2023-06-02 06:47:46,Grocery
8211,C9618,53.55,2023-06-02 06:47:47,Retail
10112,C9984,0.54,2023-06-02 06:47:48,Retail
2685,C9882,23.8,2023-06-02 06:48:36,Restaurant
2677,C2213,1.11,2023-06-02 06:48:38,Restaurant
2103,C3417,73.58,2023-06-02 06:49:24,Entertainment
5897,C5314,102.11,2023-06-02 06:50:26,Grocery
3455,C5521,11.45,2023-06-02 06:52:01,Grocery
6323,C3216,63.72,2023-06-02 06:54:52,Retail
5498,C5067,31.14,2023-06-02 06:57:08,Grocery
3437,C5781,44.69,2023-06-02 06:58:13,Restaurant
8127,C2196,67.99,2023-06-02 06:58:19,Restaurant
1868,C9327,39.16,2023-06-02 07:01:45,Electronics
2957,C5450,107.21,2023-06-02 07:01:51,Restaurant
8602,C1782,22.13,2023-06-02 07:01:59,Entertainment
8941,C9491,91.99,2023-06-02 07:02:27,Grocery
10983,C6722,1.24,2023-06-02 07:03:52,Restaurant
6687,C2483,95.62,2023-06-02 07:04:16,Restaurant
10099,C3687,84.75,2023-06-02 07:05:13,Electronics
7979,C9740,62.1,2023-06-02 07:05:21,Entertainment
4738,C6123,1.13,2023-06-02 07:07:09,Entertainment
10009,C8932,66.94,2023-06-02 07:07:50,Entertainment
6521,C9603,52.83,2023-06-02 07:08:29,Restaurant
7132,C3444,90.93,2023-06-02 07:12:28,Electronics
6615,C3159,96.17,2023-06-02 07:14:11,Electronics
1989,C1132,59.6,2023-06-02 07:15:37,Restaurant
2915,C7173,36.72,2023-06-02 07:17:06,Retail
5920,C2809,18.63,2023-06-02 07:17:22,Restaurant
9151,C4098,49.8,2023-06-02 07:17:30,Restaurant
6168,C8940,84.4,2023-06-02 07:20:04,Electronics
6240,C3489,18.22,2023-06-02 07:20:44,Entertainment
5534,C5501,72.15,2023-06-02 07:20:55,Retail
6132,C4424,84.22,2023-06-02 07:21:53,Retail
2807,C6055,71.12,2023-06-02 07:21:55,Restaurant
9481,C2035,67.41,2023-06-02 07:22:27,Electronics
10388,C1008,70.63,2023-06-02 07:22:54,Electronics
8082,C2459,34.37,2023-06-02 07:23:13,Entertainment
7858,C5708,33.54,2023-06-02 07:23:28,Restaurant
10491,C3427,52.28,2023-06-02 07:25:35,Electronics
3289,C1962,60.8,2023-06-02 07:26:55,Retail
5453,C5661,74.5,2023-06-02 07:27:07,Electronics
8369,C4428,26.98,2023-06-02 07:28:24,Retail
3086,C2904,23.31,2023-06-02 07:29:09,Restaurant
6066,C4638,56.05,2023-06-02 07:29:23,Electronics
1924,C6188,55.06,2023-06-02 07:29:46,Grocery
9304,C2043,69.49,2023-06-02 07:29:59,Grocery
6525,C7131,29.48,2023-06-02 07:30:43,Electronics
4889,C3903,10.0,2023-06-02 07:31:15,Entertainment
9810,C6901,59.18,2023-06-02 07:31:43,Grocery
3109,C6644,62.4,2023-06-02 07:32:38,Grocery
9662,C6043,40.44,2023-06-02 07:33:24,Restaurant
2593,C6438,73.96,2023-06-02 07:33:31,Restaurant
4907,C9393,62.87,2023-06-02 07:35:29,Entertainment
10919,C6716,86.42,2023-06-02 07:35:42,Electronics
6741,C1190,67.69,2023-06-02 07:36:06,Electronics
4222,C4657,47.35,2023-06-02 07:36:50,Restaurant
6299,C1643,45.09,2023-06-02 07:37:20,Entertainment
5653,C7479,70.81,2023-06-02 07:37:23,Grocery
3560,C4389,1.03,2023-06-02 07:37:50,Electronics
8801,C8615,38.73,2023-06-02 07:38:06,Grocery
6596,C3131,93.2,2023-06-02 07:40:19,Entertainment
6742,C2175,55.37,2023-06-02 07:41:11,Electronics
7129,C1869,72.7,2023-06-02 07:41:39,Retail
1058,C6977,47.87,2023-06-02 07:41:57,Entertainment
2146,C8267,62.24,2023-06-02 07:42:05,Grocery
8494,C4365,5741.81,2023-06-02 07:44:35,Retail
7080,C3753,56.58,2023-06-02 07:44:44,Restaurant
9813,C8279,53.43,2023-06-02 07:45:30,Entertainment
5021,C1144,72.63,2023-06-02 07:45:38,Restaurant
10684,C7301,7201.85,2023-06-02 07:45:41,Entertainment
6335,C6309,94.2,2023-06-02 07:46:34,Entertainment
3235,C4470,40.1,2023-06-02 07:47:02,Grocery
3313,C1274,96.95,2023-06-02 07:47:02,Retail
3293,C1794,44.23,2023-06-02 07:47:13,Entertainment
6664,C4411,14.47,2023-06-02 07:49:54,Entertainment
4598,C2324,64.86,2023-06-02 07:50:57,Retail
8245,C9964,64.88,2023-06-02 07:51:22,Entertainment
3039,C6400,75.08,2023-06-02 07:52:01,Entertainment
10148,C8812,76.13,2023-06-02 07:52:15,Restaurant
2201,C4485,51.55,2023-06-02 07:53:22,Entertainment
1288,C4492,0.81,2023-06-02 07:53:54,Retail
7007,C2749,92.32,2023-06-02 07:54:05,Retail
7390,C4361,49.48,2023-06-02 07:54:12,Electronics
1789,C1423,10.16,2023-06-02 07:54:13,Retail
2969,C6411,68.17,2023-06-02 07:55:38,Retail
2279,C7229,26.94,2023-06-02 07:56:14,Electronics
5327,C3450,64.67,2023-06-02 07:57:05,Retail
3666,C1535,53.96,2023-06-02 07:57:34,Entertainment
6403,C5659,44.76,2023-06-02 08:01:00,Entertainment
6913,C1931,60.58,2023-06-02 08:02:50,Restaurant
4879,C8493,67.68,2023-06-02 08:03:24,Entertainment
2892,C7229,38.02,2023-06-02 08:03:27,Retail
7634,C5544,0.83,2023-06-02 08:04:02,Entertainment
5524,C2964,60.71,2023-06-02 08:04:59,Electronics
5867,C8992,20.44,2023-06-02 08:05:18,Retail
10472,C4568,15.98,2023-06-02 08:06:31,Electronics
7509,C7834,71.1,2023-06-02 08:08:30,Grocery
4219,C6198,67.64,2023-06-02 08:08:57,Entertainment
2551,C8702,51.61,2023-06-02 08:09:56,Restaurant
10070,C1601,69.8,2023-06-02 08:11:12,Entertainment
6992,C1904,50.06,2023-06-02 08:11:13,Electronics
1674,C6023,50.82,2023-06-02 08:11:16,Restaurant
4930,C2744,43.72,2023-06-02 08:11:28,Entertainment
2149,C6277,94.55,2023-06-02 08:11:46,Electronics
6752,C7974,54.7,2023-06-02 08:11:47,Grocery
7437,C4206,63.81,2023-06-02 08:11:58,Retail
4549,C6622,52.41,2023-06-02 08:13:50,Electronics
5000,C4603,93.03,2023-06-02 08:15:56,Entertainment
6833,C5280,62.83,2023-06-02 08:17:13,Entertainment
8430,C8178,30.2,2023-06-02 08:17:24,Grocery
7377,C3986,28.86,2023-06-02 08:17:38,Grocery
6298,C7481,85.59,2023-06-02 08:19:04,Electronics
9695,C7297,74.54,2023-06-02 08:19:29,Retail
7852,C8143,94.37,2023-06-02 08:19:43,Retail
2621,C8305,56.72,2023-06-02 08:20:31,Electronics
6470,C6460,35.32,2023-06-02 08:21:09,Electronics
2585,C9897,65.6,2023-06-02 08:21:12,Retail
3432,C6798,76.4,2023-06-02 08:21:46,Restaurant
7200,C3804,31.47,2023-06-02 08:22:41,Retail
9324,C5650,65.85,2023-06-02 08:23:48,Retail
7562,C3243,85.03,2023-06-02 08:24:03,Restaurant
2328,C3399,28.04,2023-06-02 08:25:12,Retail
3559,C8460,10.0,2023-06-02 08:25:34,Restaurant
3107,C1742,98.48,2023-06-02 08:26:05,Entertainment
7770,C7165,61.46,2023-06-02 08:26:12,Restaurant
8637,C2279,62.28,2023-06-02 08:26:15,Retail
5464,C7670,79.58,2023-06-02 08:26:26,Retail
4851,C1035,41.79,2023-06-02 08:26:29,Electronics
5894,C3539,111.92,2023-06-02 08:27:05,Retail
9432,C4969,55.32,2023-06-02 08:28:05,Restaurant
7936,C5233,52.92,2023-06-02 08:29:19,Entertainment
9081,C9125,92.2,2023-06-02 08:29:27,Entertainment
8854,C9270,75.93,2023-06-02 08:32:31,Restaurant
6740,C3200,24.62,2023-06-02 08:34:19,Entertainment
5339,C1019,91.81,2023-06-02 08:34:29,Electronics
8756,C9649,70.47,2023-06-02 08:34:34,Grocery
5080,C6183,45.52,2023-06-02 08:34:53,Entertainment
7583,C3150,76.72,2023-06-02 08:35:23,Restaurant
8863,C4450,43.57,2023-06-02 08:36:12,Restaurant
9983,C4946,21.68,2023-06-02 08:36:22,Electronics
7160,C7865,94.46,2023-06-02 08:39:23,Restaurant
9435,C8713,73.05,2023-06-02 08:40:40,Retail
8880,C1507,55.79,2023-06-02 08:42:08,Electronics
4816,C4850,74.61,2023-06-02 08:44:20,Entertainment
8966,C6394,42.65,2023-06-02 08:46:28,Grocery
1541,C3704,15.35,2023-06-02 08:46:42,Entertainment
8244,C2158,24.41,2023-06-02 08:49:05,Restaurant
6682,C2781,77.06,2023-06-02 08:49:18,Grocery
1981,C4886,61.92,2023-06-02 08:51:47,Grocery
10284,C3291,56.28,2023-06-02 08:54:28,Electronics
4314,C2435,42.19,2023-06-02 08:54:55,Retail
6564,C6257,105.65,2023-06-02 08:57:45,Retail
9817,C2333,76.15,2023-06-02 08:59:57,Grocery
5346,C8028,50.07,2023-06-02 09:00:16,Entertainment
2630,C5498,47.98,2023-06-02 09:01:01,Retail
9518,C7735,30.8,2023-06-02 09:03:12,Entertainment
4718,C2458,20.92,2023-06-02 09:04:12,Grocery
10992,C1162,29.73,2023-06-02 09:04:45,Retail
7977,C1916,91.07,2023-06-02 09:05:05,Grocery
4160,C6856,43.54,2023-06-02 09:08:07,Restaurant
10104,C7208,35.54,2023-06-02 09:10:26,Restaurant
6063,C8300,74.47,2023-06-02 09:10:42,Grocery
10886,C3031,92.76,2023-06-02 09:11:34,Electronics
8426,C5718,21.1,2023-06-02 09:12:10,Grocery
1059,C3664,101.97,2023-06-02 09:12:34,Entertainment
5252,C4651,10.0,2023-06-02 09:13:45,Electronics
7778,C9052,75.48,2023-06-02 09:15:46,Restaurant
5179,C2343,61.61,2023-06-02 09:17:55,Retail
6621,C8625,60.7,2023-06-02 09:18:50,Electronics
5380,C7939,35.36,2023-06-02 09:18:54,Electronics
1788,C5102,65.48,2023-06-02 09:19:05,Grocery
4443,C7671,69.9,2023-06-02 09:21:54,Electronics
10475,C8461,64.99,2023-06-02 09:22:22,Restaurant
1837,C5375,48.62,2023-06-02 09:22:26,Retail
8717,C6554,89.06,2023-06-02 09:24:06,Retail
10530,C3550,84.45,2023-06-02 09:24:33,Electronics
7288,C6487,39.32,2023-06-02 09:25:34,Restaurant
2129,C6931,0.48,2023-06-02 09:25:40,Electronics
5153,C8960,29.08,2023-06-02 09:28:55,Retail
7617,C1971,74.12,2023-06-02 09:32:14,Grocery
2016,C9221,5060.36,2023-06-02 09:32:19,Retail
5642,C7911,87.8,2023-06-02 09:35:05,Restaurant
5917,C6285,32.52,2023-06-02 09:35:14,Entertainment
3538,C9366,48.25,2023-06-02 09:35:46,Restaurant
8529,C7773,79.15,2023-06-02 09:41:36,Entertainment
3085,C8239,78.46,2023-06-02 09:42:20,Entertainment
9128,C6544,32.0,2023-06-02 09:43:02,Retail
7771,C8250,10.0,2023-06-02 09:43:33,Restaurant
7816,C5056,54.66,2023-06-02 09:44:13,Grocery
10934,C6198,62.73,2023-06-02 09:45:29,Entertainment
6162,C7332,114.6,2023-06-02 09:46:11,Electronics
7253,C8452,98.0,2023-06-02 09:49:17,Restaurant
8120,C3182,66.43,2023-06-02 09:49:42,Electronics
1595,C7498,24.1,2023-06-02 09:51:10,Restaurant
2485,C1436,45.45,2023-06-02 09:53:04,Grocery
6633,C8987,61.95,2023-06-02 09:53:17,Electronics
7748,C2578,81.81,2023-06-02 09:53:20,Entertainment
5789,C1241,90.15,2023-06-02 09:54:15,Restaurant
4820,C8341,26.35,2023-06-02 09:56:11,Entertainment
6770,C7012,69.14,2023-06-02 09:56:28,Retail
1781,C9847,46.84,2023-06-02 09:56:38,Retail
9654,C7131,63.67,2023-06-02 09:56:51,Restaurant
7121,C2567,71.84,2023-06-02 09:57:31,Entertainment
7970,C2750,91.96,2023-06-02 09:58:10,Entertainment
9886,C4110,98.69,2023-06-02 09:58:32,Entertainment
9005,C1855,64.66,2023-06-02 10:02:09,Retail
3284,C3293,50.0,2023-06-02 10:02:54,Restaurant
7829,C8551,12.38,2023-06-02 10:03:55,Entertainment
10577,C1153,14.7,2023-06-02 10:05:40,Entertainment
10836,C8587,3276.54,2023-06-02 10:08:04,Restaurant
7221,C4643,69.01,2023-06-02 10:08:55,Electronics
9325,C4373,121.14,2023-06-02 10:09:28,Retail
3165,C7590,94.95,2023-06-02 10:10:33,Entertainment
3059,C8834,39.04,2023-06-02 10:10:38,Entertainment
8722,C2450,76.67,2023-06-02 10:10:39,Entertainment
7894,C8656,30.33,2023-06-02 10:11:58,Retail
7175,C8936,21.68,2023-06-02 10:12:33,Restaurant
1051,C5741,56.75,2023-06-02 10:13:05,Electronics
8166,C8046,46.27,2023-06-02 10:13:43,Restaurant
5419,C7296,91.54,2023-06-02 10:14:17,Retail
8624,C8443,22.19,2023-06-02 10:14:32,Grocery
7451,C7513,58.11,2023-06-02 10:14:56,Grocery
7067,C2979,10.0,2023-06-02 10:15:08,Retail
6329,C3930,92.56,2023-06-02 10:15:48,Restaurant
2006,C2476,63.73,2023-06-02 10:17:43,Electronics
4246,C8317,50.81,2023-06-02 10:19:26,Retail
3595,C1072,82.19,2023-06-02 10:22:45,Grocery
3703,C4390,76.65,2023-06-02 10:24:10,Electronics
7753,C4308,63.47,2023-06-02 10:24:20,Restaurant
9560,C4900,1000.0,2023-06-02 10:25:35,Grocery
5047,C2349,39.99,2023-06-02 10:28:13,Retail
2060,C9807,32.44,2023-06-02 10:29:14,Electronics
1639,C3979,80.83,2023-06-02 10:29:45,Grocery
8252,C7535,74.62,2023-06-02 10:30:45,Retail
7839,C7394,44.14,2023-06-02 10:32:22,Retail
1468,C4585,73.52,2023-06-02 10:32:45,Retail
3677,C5389,1000.0,2023-06-02 10:33:36,Grocery
2290,C2275,69.98,2023-06-02 10:34:22,Entertainment
3742,C1040,76.63,2023-06-02 10:35:51,Restaurant
1459,C4185,0.88,2023-06-02 10:36:23,Electronics
7358,C8503,55.07,2023-06-02 10:36:34,Retail
2644,C7001,54.03,2023-06-02 10:39:53,Entertainment
7384,C6187,36.13,2023-06-02 10:40:00,Restaurant
8783,C3334,68.57,2023-06-02 10:40:07,Restaurant
1583,C4571,34.0,2023-06-02 10:40:52,Grocery
7716,C4815,80.75,2023-06-02 10:41:48,Entertainment
2426,C3538,24.44,2023-06-02 10:42:46,Retail
9698,C9495,58.26,2023-06-02 10:43:07,Retail
3116,C5703,83.46,2023-06-02 10:43:42,Restaurant
5175,C6004,51.67,2023-06-02 10:46:14,Restaurant
2041,C2775,10.0,2023-06-02 10:46:30,Electronics
6102,C6706,66.94,2023-06-02 10:48:35,Grocery
5936,C9615,39.92,2023-06-02 10:49:37,Electronics
2607,C5369,86.27,2023-06-02 10:50:40,Entertainment
7827,C6343,84.86,2023-06-02 10:51:28,Restaurant
8358,C7471,68.81,2023-06-02 10:51:48,Restaurant
6989,C6463,63.94,2023-06-02 10:51:56,Grocery
8325,C8583,102.1,2023-06-02 10:52:42,Restaurant
4387,C7358,64.58,2023-06-02 10:52:58,Grocery
2641,C3068,12.68,2023-06-02 10:53:46,Restaurant
3885,C2350,40.52,2023-06-02 10:55:00,Electronics
1147,C2403,87.0,2023-06-02 10:55:09,Grocery
1199,C7939,69.56,2023-06-02 10:57:29,Entertainment
10603,C9381,10.0,2023-06-02 10:57:32,Grocery
2833,C7563,29.9,2023-06-02 10:58:15,Electronics
7737,C1486,101.94,2023-06-02 11:00:44,Grocery
2098,C2124,38.66,2023-06-02 11:01:08,Entertainment
8612,C6739,74.26,2023-06-02 11:02:20,Restaurant
7162,C6336,70.72,2023-06-02 11:03:52,Retail
5778,C1362,24.82,2023-06-02 11:04:02,Entertainment
8507,C4307,67.45,2023-06-02 11:04:36,Entertainment
5344,C1711,33.75,2023-06-02 11:05:31,Retail
3294,C1104,84.06,2023-06-02 11:06:02,Restaurant
1793,C5415,72.42,2023-06-02 11:06:30,Electronics
8422,C8345,79.79,2023-06-02 11:07:08,Entertainment
9953,C3253,1.51,2023-06-02 11:08:54,Electronics
9296,C1527,1.19,2023-06-02 11:09:24,Entertainment
5776,C1813,44.48,2023-06-02 11:12:15,Grocery
3438,C7779,86.35,2023-06-02 11:12:53,Grocery
4159,C9674,46.03,2023-06-02 11:16:32,Retail
8553,C7869,32.42,2023-06-02 11:16:38,Grocery
10804,C2393,30.26,2023-06-02 11:17:53,Electronics
2175,C7992,39.14,2023-06-02 11:19:28,Grocery
5268,C4465,34.91,2023-06-02 11:22:50,Restaurant
1804,C8700,68.46,2023-06-02 11:23:21,Restaurant
10420,C1672,45.46,2023-06-02 11:23:41,Electronics
3488,C4971,44.28,2023-06-02 11:24:25,Retail
6098,C2843,79.4,2023-06-02 11:24:39,Grocery
3791,C4496,83.14,2023-06-02 11:30:29,Entertainment
9529,C6440,31.97,2023-06-02 11:30:36,Electronics
6245,C1429,38.06,2023-06-02 11:31:52,Restaurant
7277,C2818,65.6,2023-06-02 11:31:57,Grocery
1307,C2891,24.25,2023-06-02 11:32:54,Grocery
8973,C1393,0.73,2023-06-02 11:35:18,Entertainment
4678,C7230,64.39,2023-06-02 11:35:42,Retail
5687,C5053,68.27,2023-06-02 11:38:08,Grocery
5746,C7467,52.37,2023-06-02 11:39:46,Electronics
3726,C7434,4622.76,2023-06-02 11:39:56,Restaurant
3319,C9228,52.26,2023-06-02 11:40:48,Retail
1962,C8529,86.35,2023-06-02 11:41:09,Restaurant
2329,C5193,62.88,2023-06-02 11:41:40,Grocery
6934,C5543,65.06,2023-06-02 11:42:01,Grocery
3998,C7718,31.29,2023-06-02 11:43:44,Retail
5580,C7563,57.94,2023-06-02 11:43:45,Retail
9061,C1894,1.79,2023-06-02 11:44:21,Retail
4511,C5128,44.32,2023-06-02 11:45:12,Retail
2525,C8489,45.9,2023-06-02 11:46:16,Retail
3414,C2745,0.12,2023-06-02 11:46:46,Entertainment
8873,C7769,95.04,2023-06-02 11:48:16,Entertainment
4352,C9871,58.48,2023-06-02 11:49:35,Electronics
8258,C7592,78.99,2023-06-02 11:49:40,Entertainment
8077,C1815,0.77,2023-06-02 11:49:42,Entertainment
10219,C9118,76.11,2023-06-02 11:50:35,Restaurant
4611,C2442,26.69,2023-06-02 11:52:42,Electronics
5924,C1717,71.1,2023-06-02 11:55:18,Grocery
10973,C4507,104.14,2023-06-02 11:55:19,Electronics
10441,C2923,73.58,2023-06-02 11:55:21,Entertainment
10742,C1216,35.22,2023-06-02 11:55:39,Grocery
1241,C7930,37.45,2023-06-02 11:56:18,Retail
5779,C4046,69.97,2023-06-02 11:57:41,Restaurant
4068,C6370,60.76,2023-06-02 11:58:17,Entertainment
6113,C1735,40.66,2023-06-02 12:00:01,Grocery
3134,C9664,67.35,2023-06-02 12:00:27,Entertainment
4663,C3768,101.26,2023-06-02 12:02:06,Electronics
9052,C6618,21.56,2023-06-02 12:02:14,Entertainment
2806,C9171,31.81,2023-06-02 12:02:19,Grocery
5675,C1881,35.74,2023-06-02 12:03:10,Retail
3863,C3162,64.49,2023-06-02 12:03:40,Retail
8526,C4738,55.63,2023-06-02 12:08:22,Retail
5184,C5312,87.43,2023-06-02 12:08:37,Electronics
5132,C2877,101.63,2023-06-02 12:08:42,Restaurant
3794,C3174,81.56,2023-06-02 12:09:55,Entertainment
4438,C7828,41.01,2023-06-02 12:11:18,Retail
2673,C9047,86.76,2023-06-02 12:13:09,Retail
2930,C5876,15.5,2023-06-02 12:13:13,Restaurant
7865,C2552,101.81,2023-06-02 12:15:25,Restaurant
3610,C9646,76.59,2023-06-02 12:18:32,Restaurant
8561,C3406,79.15,2023-06-02 12:19:58,Grocery
4437,C5414,67.08,2023-06-02 12:20:16,Grocery
3382,C9204,84.84,2023-06-02 12:22:40,Entertainment
1701,C1893,1.6,2023-06-02 12:23:11,Restaurant
10177,C6123,20.68,2023-06-02 12:24:26,Grocery
7020,C2032,52.35,2023-06-02 12:24:38,Electronics
6761,C4044,66.07,2023-06-02 12:25:23,Entertainment
10247,C5888,57.21,2023-06-02 12:28:11,Grocery
8669,C7055,85.82,2023-06-02 12:30:11,Entertainment
2496,C1461,72.06,2023-06-02 12:30:24,Grocery
9242,C4221,54.3,2023-06-02 12:33:03,Retail
6590,C2167,51.83,2023-06-02 12:34:28,Retail
8495,C6925,80.51,2023-06-02 12:34:45,Restaurant
4268,C8855,45.83,2023-06-02 12:34:46,Restaurant
9186,C4325,55.6,2023-06-02 12:36:24,Entertainment
6004,C9480,69.16,2023-06-02 12:37:18,Electronics
3226,C1647,102.8,2023-06-02 12:37:26,Electronics
4270,C3664,49.63,2023-06-02 12:38:29,Retail
7304,C6656,64.49,2023-06-02 12:38:45,Retail
2933,C9011,57.52,2023-06-02 12:38:56,Electronics
1222,C1828,4438.01,2023-06-02 12:40:06,Retail
3535,C2615,40.02,2023-06-02 12:40:07,Electronics
9112,C3853,76.64,2023-06-02 12:40:49,Electronics
9881,C7229,47.36,2023-06-02 12:42:24,Entertainment
10647,C2251,124.3,2023-06-02 12:43:16,Electronics
5270,C4062,79.83,2023-06-02 12:43:39,Restaurant
7628,C4277,36.79,2023-06-02 12:46:14,Grocery
2199,C2697,34.07,2023-06-02 12:50:10,Retail
7698,C2723,8157.64,2023-06-02 12:51:02,Entertainment
8260,C3525,31.22,2023-06-02 12:52:01,Restaurant
6517,C7088,57.79,2023-06-02 12:52:23,Electronics
6813,C1447,54.01,2023-06-02 12:53:44,Grocery
5926,C3926,64.44,2023-06-02 12:53:48,Entertainment
5656,C6950,50.82,2023-06-02 12:54:40,Grocery
7751,C9064,29.14,2023-06-02 12:55:04,Electronics
4751,C7105,31.17,2023-06-02 12:56:22,Retail
8284,C2522,63.72,2023-06-02 12:58:28,Electronics
4366,C1568,12.27,2023-06-02 12:58:51,Restaurant
6330,C8433,45.58,2023-06-02 12:59:51,Retail
7485,C5478,39.86,2023-06-02 13:01:32,Retail
10701,C6912,81.45,2023-06-02 13:01:48,Electronics
3506,C3280,87.53,2023-06-02 13:02:13,Retail
4411,C1613,1.3,2023-06-02 13:02:32,Restaurant
2133,C9254,81.17,2023-06-02 13:02:34,Electronics
7264,C9698,31.68,2023-06-02 13:03:48,Entertainment
6432,C5705,10.0,2023-06-02 13:05:24,Grocery
4330,C5341,89.41,2023-06-02 13:05:47,Electronics
6284,C7232,61.3,2023-06-02 13:06:51,Grocery
3386,C8161,52.27,2023-06-02 13:09:51,Retail
4821,C2442,101.84,2023-06-02 13:10:59,Electronics
6457,C6728,95.51,2023-06-02 13:12:02,Restaurant
6055,C9846,52.5,2023-06-02 13:12:43,Entertainment
10658,C8003,0.5,2023-06-02 13:12:48,Retail
10214,C3184,46.62,2023-06-02 13:12:58,Entertainment
9625,C8101,1222.81,2023-06-02 13:16:28,Entertainment
10187,C9074,49.6,2023-06-02 13:16:45,Retail
2558,C2106,96.09,2023-06-02 13:16:52,Retail
2097,C4362,89.93,2023-06-02 13:17:14,Entertainment
1860,C7807,59.17,2023-06-02 13:17:47,Grocery
9838,C8899,87.05,2023-06-02 13:18:01,Entertainment
8606,C1085,55.98,2023-06-02 13:19:06,Entertainment
9159,C3071,74.55,2023-06-02 13:19:16,Restaurant
10865,C2428,60.22,2023-06-02 13:20:09,Retail
7361,C6021,98.08,2023-06-02 13:20:38,Retail
6310,C3727,64.85,2023-06-02 13:21:24,Restaurant
4343,C8619,91.86,2023-06-02 13:22:08,Grocery
10912,C3592,66.31,2023-06-02 13:22:18,Electronics
4578,C1879,51.94,2023-06-02 13:23:36,Entertainment
3877,C1990,0.98,2023-06-02 13:24:21,Entertainment
6646,C2686,65.58,2023-06-02 13:24:28,Entertainment
5872,C4161,38.05,2023-06-02 13:25:00,Entertainment
7319,C2430,57.14,2023-06-02 13:25:10,Entertainment
3532,C8052,24.94,2023-06-02 13:25:36,Restaurant
4992,C6285,97.52,2023-06-02 13:27:26,Grocery
7349,C9513,37.26,2023-06-02 13:27:27,Retail
8101,C4385,73.83,2023-06-02 13:28:20,Retail
3771,C8009,43.57,2023-06-02 13:28:57,Restaurant
6706,C1133,1000.0,2023-06-02 13:30:34,Grocery
3727,C9019,86.45,2023-06-02 13:30:46,Grocery
8239,C4463,53.53,2023-06-02 13:31:15,Electronics
5218,C3395,74.81,2023-06-02 13:31:48,Restaurant
4359,C9773,26.49,2023-06-02 13:33:03,Electronics
1523,C8814,98.48,2023-06-02 13:33:17,Restaurant
4961,C1212,52.51,2023-06-02 13:34:26,Restaurant
8178,C1871,60.46,2023-06-02 13:34:30,Restaurant
7344,C5776,56.21,2023-06-02 13:34:33,Entertainment
3287,C4015,98.73,2023-06-02 13:35:01,Grocery
3025,C2421,141.08,2023-06-02 13:35:36,Restaurant
5927,C1512,43.01,2023-06-02 13:35:36,Retail
9272,C6129,82.25,2023-06-02 13:35:37,Retail
9140,C3366,17.82,2023-06-02 13:37:37,Entertainment
2416,C1298,46.25,2023-06-02 13:39:23,Electronics
3550,C2712,37.03,2023-06-02 13:42:17,Entertainment
6980,C2148,73.68,2023-06-02 13:42:35,Grocery
1490,C5543,72.0,2023-06-02 13:43:37,Retail
4471,C7503,100.11,2023-06-02 13:44:10,Electronics
6601,C7284,72.47,2023-06-02 13:46:54,Entertainment
2704,C2077,81.61,2023-06-02 13:47:56,Electronics
3413,C6909,78.38,2023-06-02 13:48:45,Electronics
8411,C9655,1406.13,2023-06-02 13:50:35,Grocery
9993,C8292,68.71,2023-06-02 13:50:47,Entertainment
3024,C6372,39.39,2023-06-02 13:51:52,Retail
4599,C8988,76.66,2023-06-02 13:52:07,Retail
10707,C4973,55.1,2023-06-02 13:53:00,Restaurant
5003,C2117,54.65,2023-06-02 13:53:51,Grocery
7148,C1859,77.96,2023-06-02 13:54:28,Entertainment
9188,C4840,77.25,2023-06-02 13:56:59,Grocery
6288,C9605,73.72,2023-06-02 13:57:58,Electronics
7675,C6918,40.52,2023-06-02 13:58:07,Entertainment
5273,C2938,65.27,2023-06-02 14:01:54,Entertainment
3991,C7033,34.2,2023-06-02 14:03:32,Grocery
8759,C5213,0.97,2023-06-02 14:04:19,Grocery
5496,C1159,28.74,2023-06-02 14:05:01,Restaurant
6001,C1567,44.06,2023-06-02 14:05:29,Restaurant
9352,C8778,68.66,2023-06-02 14:06:30,Electronics
9827,C9267,12.03,2023-06-02 14:06:37,Grocery
2996,C1151,65.18,2023-06-02 14:08:26,Entertainment
3241,C7498,75.32,2023-06-02 14:09:09,Entertainment
1391,C1626,1.03,2023-06-02 14:11:18,Electronics
7216,C8014,67.7,2023-06-02 14:11:30,Electronics
4546,C7361,73.41,2023-06-02 14:12:08,Grocery
5480,C6565,58.05,2023-06-02 14:14:50,Electronics
9146,C7131,67.54,2023-06-02 14:15:20,Electronics
2795,C7293,48.57,2023-06-02 14:17:44,Retail
8484,C8173,0.89,2023-06-02 14:20:41,Entertainment
5586,C2636,44.86,2023-06-02 14:21:14,Restaurant
4464,C1828,34.9,2023-06-02 14:23:22,Grocery
1624,C8616,78.87,2023-06-02 14:23:30,Restaurant
1915,C2225,99.49,2023-06-02 14:23:46,Restaurant
5407,C1086,49.71,2023-06-02 14:24:03,Entertainment
8304,C5073,75.95,2023-06-02 14:24:09,Restaurant
5508,C4580,64.21,2023-06-02 14:26:14,Entertainment
6507,C4070,29.29,2023-06-02 14:26:53,Electronics
4758,C5453,75.52,2023-06-02 14:28:05,Grocery
4517,C2676,62.34,2023-06-02 14:29:29,Restaurant
6333,C2477,62.21,2023-06-02 14:30:58,Entertainment
9439,C1295,75.97,2023-06-02 14:31:41,Restaurant
6698,C4205,53.9,2023-06-02 14:31:41,Retail
8584,C9541,59.85,2023-06-02 14:32:31,Grocery
6414,C8001,109.17,2023-06-02 14:33:41,Electronics
2446,C8277,88.65,2023-06-02 14:34:56,Electronics
3976,C7568,99.04,2023-06-02 14:37:28,Grocery
9068,C6595,44.8,2023-06-02 14:37:51,Entertainment
7258,C7068,78.53,2023-06-02 14:39:12,Entertainment
2163,C2874,33.55,2023-06-02 14:39:16,Grocery
9837,C2895,88.4,2023-06-02 14:39:42,Electronics
3433,C2524,82.96,2023-06-02 14:39:53,Entertainment
2633,C7655,52.18,2023-06-02 14:40:24,Retail
9387,C7447,76.77,2023-06-02 14:40:59,Entertainment
9040,C1991,78.37,2023-06-02 14:41:28,Restaurant
3879,C9300,77.71,2023-06-02 14:41:56,Grocery
5519,C4322,31.78,2023-06-02 14:42:11,Retail
2823,C9793,35.6,2023-06-02 14:42:34,Restaurant
9389,C4927,8088.81,2023-06-02 14:43:11,Grocery
10661,C2481,20.73,2023-06-02 14:44:55,Grocery
5711,C6073,85.64,2023-06-02 14:46:13,Retail
10627,C2939,101.99,2023-06-02 14:46:20,Grocery
10977,C2514,35.72,2023-06-02 14:47:20,Retail
7874,C2256,49.24,2023-06-02 14:47:29,Electronics
6976,C9039,105.81,2023-06-02 14:48:17,Grocery
3803,C3165,60.85,2023-06-02 14:50:45,Retail
7461,C6047,108.09,2023-06-02 14:52:16,Retail
2173,C2557,89.73,2023-06-02 14:53:07,Restaurant
7077,C5487,35.58,2023-06-02 14:53:21,Electronics
9071,C8657,79.82,2023-06-02 14:55:16,Restaurant
1171,C6539,26.1,2023-06-02 14:56:06,Entertainment
5734,C8816,6237.07,2023-06-02 14:56:49,Retail
3952,C5006,88.84,2023-06-02 14:59:16,Electronics
3738,C7046,76.8,2023-06-02 15:00:17,Electronics
9248,C3258,74.27,2023-06-02 15:04:41,Grocery
1030,C4527,61.02,2023-06-02 15:07:22,Retail
8139,C7241,10.0,2023-06-02 15:08:03,Entertainment
6800,C7897,70.99,2023-06-02 15:08:24,Restaurant
1763,C2880,90.45,2023-06-02 15:08:29,Entertainment
5565,C4066,70.61,2023-06-02 15:09:06,Retail
9428,C8558,74.76,2023-06-02 15:09:33,Restaurant
10468,C4390,35.69,2023-06-02 15:09:43,Retail
9717,C6047,78.94,2023-06-02 15:10:43,Entertainment
1941,C6314,42.51,2023-06-02 15:13:16,Restaurant
3261,C7781,36.23,2023-06-02 15:14:28,Restaurant
9544,C3032,34.02,2023-06-02 15:15:18,Electronics
6371,C9169,6981.03,2023-06-02 15:17:01,Entertainment
2520,C5934,101.68,2023-06-02 15:24:24,Restaurant
7877,C5913,19.09,2023-06-02 15:24:29,Electronics
5800,C2314,89.02,2023-06-02 15:25:12,Restaurant
9940,C9648,90.77,2023-06-02 15:25:16,Retail
6050,C1886,0.49,2023-06-02 15:25:25,Restaurant
8550,C1947,111.88,2023-06-02 15:26:08,Electronics
5288,C3639,67.32,2023-06-02 15:26:13,Grocery
9181,C5396,54.61,2023-06-02 15:26:54,Grocery
10351,C2973,58.47,2023-06-02 15:26:59,Restaurant
10258,C9061,70.64,2023-06-02 15:29:00,Entertainment
8418,C8755,28.25,2023-06-02 15:29:37,Restaurant
5169,C3200,63.5,2023-06-02 15:34:30,Retail
2610,C2293,22.11,2023-06-02 15:36:30,Grocery
1628,C5022,98.4,2023-06-02 15:37:15,Restaurant
2588,C1599,82.3,2023-06-02 15:38:46,Retail
2849,C6990,65.63,2023-06-02 15:39:50,Grocery
2590,C5687,62.54,2023-06-02 15:42:03,Entertainment
1795,C3870,17.69,2023-06-02 15:42:24,Restaurant
10712,C2920,64.01,2023-06-02 15:44:25,Restaurant
3747,C9756,42.22,2023-06-02 15:45:21,Electronics
10551,C7458,81.68,2023-06-02 15:45:35,Entertainment
8439,C7829,47.89,2023-06-02 15:45:53,Retail
2693,C2988,71.8,2023-06-02 15:46:24,Restaurant
3678,C9898,74.68,2023-06-02 15:47:02,Restaurant
10065,C9365,86.82,2023-06-02 15:47:31,Retail
6561,C1368,1.65,2023-06-02 15:49:09,Restaurant
10802,C4937,49.09,2023-06-02 15:49:47,Electronics
3366,C3938,64.8,2023-06-02 15:51:06,Retail
7099,C8798,79.71,2023-06-02 15:53:23,Entertainment
8657,C9669,55.99,2023-06-02 15:53:32,Retail
4631,C4707,67.29,2023-06-02 15:54:43,Restaurant
3770,C1011,46.93,2023-06-02 15:54:44,Retail
7021,C9856,0.31,2023-06-02 15:54:53,Grocery
1683,C4138,71.41,2023-06-02 15:55:00,Entertainment
1001,C2824,77.26,2023-06-02 15:55:20,Restaurant
3504,C7703,87.4,2023-06-02 15:55:42,Grocery
7664,C9425,71.69,2023-06-02 15:58:35,Entertainment
9682,C1565,103.81,2023-06-02 15:59:36,Grocery
6872,C8353,54.51,2023-06-02 15:59:44,Entertainment
9692,C1202,72.88,2023-06-02 16:00:00,Entertainment
8285,C1662,55.67,2023-06-02 16:01:43,Retail
3937,C9368,78.28,2023-06-02 16:02:26,Grocery
6273,C4351,43.77,2023-06-02 16:05:07,Electronics
1778,C7594,37.27,2023-06-02 16:06:26,Electronics
1048,C2139,58.21,2023-06-02 16:07:40,Entertainment
2145,C9032,10.89,2023-06-02 16:08:51,Restaurant
4846,C6952,77.32,2023-06-02 16:09:39,Retail
2126,C2041,58.42,2023-06-02 16:09:47,Grocery
2839,C7329,49.92,2023-06-02 16:09:55,Restaurant
7638,C9202,75.09,2023-06-02 16:10:17,Entertainment
1405,C9518,35.26,2023-06-02 16:14:19,Retail
7807,C7235,1.2,2023-06-02 16:16:50,Entertainment
6582,C9888,19.84,2023-06-02 16:17:45,Retail
1988,C5497,63.17,2023-06-02 16:19:03,Restaurant
10511,C1938,106.92,2023-06-02 16:19:18,Electronics
4162,C3615,59.22,2023-06-02 16:20:56,Electronics
2379,C8172,68.99,2023-06-02 16:23:43,Retail
6197,C4695,53.59,2023-06-02 16:23:58,Retail
6748,C2387,122.46,2023-06-02 16:25:19,Electronics
10184,C1940,68.04,2023-06-02 16:26:55,Retail
7140,C5670,80.95,2023-06-02 16:27:12,Grocery
5688,C5655,65.81,2023-06-02 16:27:46,Entertainment
6721,C8073,8081.45,2023-06-02 16:27:55,Entertainment
8474,C8968,1.43,2023-06-02 16:31:19,Entertainment
5222,C4585,59.39,2023-06-02 16:32:21,Electronics
8716,C7478,46.62,2023-06-02 16:32:30,Electronics
8043,C4278,94.61,2023-06-02 16:35:31,Grocery
6868,C9690,54.38,2023-06-02 16:35:51,Entertainment
3410,C3527,0.06,2023-06-02 16:36:41,Retail
9373,C5717,46.03,2023-06-02 16:38:01,Entertainment
3539,C9499,62.18,2023-06-02 16:38:14,Grocery
4652,C6885,54.26,2023-06-02 16:38:38,Restaurant
6972,C6403,46.41,2023-06-02 16:38:51,Electronics
8728,C4152,60.11,2023-06-02 16:39:31,Electronics
8636,C8309,79.41,2023-06-02 16:40:41,Restaurant
8096,C5717,62.1,2023-06-02 16:44:39,Entertainment
1644,C6576,51.65,2023-06-02 16:47:07,Restaurant
1078,C7572,5094.87,2023-06-02 16:47:16,Electronics
1294,C5002,55.43,2023-06-02 16:47:44,Retail
5975,C2705,51.85,2023-06-02 16:48:21,Entertainment
4642,C5885,10.0,2023-06-02 16:49:25,Entertainment
7892,C9178,56.78,2023-06-02 16:51:21,Electronics
1685,C8933,61.08,2023-06-02 16:51:28,Restaurant
2626,C8325,110.61,2023-06-02 16:51:32,Electronics
3719,C5543,41.62,2023-06-02 16:53:45,Entertainment
9611,C5675,32.04,2023-06-02 16:54:56,Entertainment
1501,C6238,6598.68,2023-06-02 16:55:33,Restaurant
8540,C2389,74.8,2023-06-02 16:55:43,Retail
4020,C9515,58.05,2023-06-02 16:57:31,Electronics
7501,C1439,105.79,2023-06-02 16:58:35,Retail
4489,C3669,101.05,2023-06-02 16:58:37,Retail
3878,C7520,67.74,2023-06-02 17:00:42,Restaurant
6943,C8218,54.62,2023-06-02 17:01:54,Restaurant
4368,C9467,21.82,2023-06-02 17:03:21,Grocery
7967,C7928,79.18,2023-06-02 17:04:52,Retail
10590,C3531,45.08,2023-06-02 17:06:00,Retail
7450,C6915,1000.0,2023-06-02 17:06:19,Restaurant
8297,C8165,36.94,2023-06-02 17:13:58,Restaurant
6352,C3459,74.65,2023-06-02 17:14:07,Electronics
3044,C4871,43.09,2023-06-02 17:14:54,Retail
5495,C9776,10.0,2023-06-02 17:15:33,Grocery
8066,C7447,57.62,2023-06-02 17:15:37,Entertainment
8150,C6557,43.21,2023-06-02 17:15:55,Electronics
3626,C2916,12.15,2023-06-02 17:15:56,Retail
1433,C8043,52.92,2023-06-02 17:18:21,Restaurant
6679,C6046,61.1,2023-06-02 17:20:00,Electronics
5649,C6136,57.06,2023-06-02 17:21:20,Retail
7780,C3203,75.9,2023-06-02 17:21:21,Grocery
3286,C9000,104.94,2023-06-02 17:21:31,Retail
7203,C5835,113.87,2023-06-02 17:23:15,Entertainment
4479,C8775,65.86,2023-06-02 17:23:21,Electronics
4997,C2194,71.52,2023-06-02 17:25:12,Entertainment
1688,C5636,14.16,2023-06-02 17:25:24,Entertainment
7825,C1322,47.9,2023-06-02 17:27:04,Grocery
1018,C4257,30.16,2023-06-02 17:27:24,Grocery
7462,C8300,108.63,2023-06-02 17:27:53,Electronics
4206,C9622,66.17,2023-06-02 17:29:32,Restaurant
8990,C2401,40.94,2023-06-02 17:30:16,Restaurant
5314,C6614,20.13,2023-06-02 17:30:28,Restaurant
3905,C2412,25.86,2023-06-02 17:31:17,Electronics
5589,C8081,95.31,2023-06-02 17:33:43,Entertainment
5679,C2363,16.03,2023-06-02 17:33:53,Electronics
5547,C1533,20.35,2023-06-02 17:35:05,Restaurant
3812,C7022,127.58,2023-06-02 17:35:09,Grocery
8471,C4714,51.98,2023-06-02 17:35:32,Electronics
10508,C7690,77.01,2023-06-02 17:35:40,Entertainment
9873,C2824,66.45,2023-06-02 17:36:22,Restaurant
5274,C4773,48.7,2023-06-02 17:38:26,Grocery
4842,C4652,66.51,2023-06-02 17:39:17,Retail
3144,C7214,10.92,2023-06-02 17:41:12,Grocery
4220,C3854,51.97,2023-06-02 17:41:14,Entertainment
5759,C9715,63.79,2023-06-02 17:41:19,Retail
3141,C9920,46.68,2023-06-02 17:42:35,Grocery
10359,C1289,28.16,2023-06-02 17:43:41,Entertainment
3965,C6241,50.31,2023-06-02 17:49:35,Restaurant
3668,C4683,1000.0,2023-06-02 17:49:42,Restaurant
4840,C6953,18.97,2023-06-02 17:50:50,Restaurant
5369,C7144,48.86,2023-06-02 17:52:24,Electronics
7477,C8776,27.93,2023-06-02 17:54:06,Restaurant
5751,C4614,47.1,2023-06-02 17:55:05,Restaurant
3345,C7179,89.77,2023-06-02 17:56:14,Grocery
4199,C3907,57.61,2023-06-02 17:56:23,Retail
9398,C2986,71.78,2023-06-02 17:57:31,Entertainment
5202,C3193,16.55,2023-06-02 17:58:56,Entertainment
2120,C5347,40.23,2023-06-02 18:00:08,Retail
8050,C9460,41.8,2023-06-02 18:01:56,Entertainment
4440,C4079,71.66,2023-06-02 18:03:40,Entertainment
10853,C1655,56.98,2023-06-02 18:03:45,Retail
8842,C1745,4741.35,2023-06-02 18:06:30,Entertainment
5434,C9451,137.82,2023-06-02 18:07:39,Electronics
5752,C5308,81.06,2023-06-02 18:07:52,Retail
5630,C6818,66.71,2023-06-02 18:08:18,Retail
2638,C3339,7972.13,2023-06-02 18:08:20,Restaurant
8746,C6249,58.58,2023-06-02 18:08:31,Entertainment
2243,C2336,89.59,2023-06-02 18:11:01,Retail
2583,C9444,53.28,2023-06-02 18:11:13,Grocery
3826,C7745,96.55,2023-06-02 18:11:28,Retail
10915,C4654,31.17,2023-06-02 18:11:31,Electronics
3232,C6455,45.76,2023-06-02 18:11:52,Grocery
9523,C3809,0.59,2023-06-02 18:12:49,Entertainment
1856,C9165,86.57,2023-06-02 18:16:19,Entertainment
3307,C8993,58.34,2023-06-02 18:17:00,Restaurant
5384,C4337,64.62,2023-06-02 18:17:48,Electronics
10087,C8472,6751.51,2023-06-02 18:17:58,Grocery
4938,C3636,63.81,2023-06-02 18:18:07,Grocery
4941,C3399,70.24,2023-06-02 18:20:20,Entertainment
5293,C1916,89.15,2023-06-02 18:20:50,Entertainment
7600,C4712,68.35,2023-06-02 18:22:25,Restaurant
7873,C6690,10.04,2023-06-02 18:22:54,Electronics
6548,C7350,61.61,2023-06-02 18:25:43,Restaurant
5978,C7579,44.87,2023-06-02 18:26:13,Electronics
9972,C3943,53.81,2023-06-02 18:26:34,Electronics
10505,C9999,52.0,2023-06-02 18:27:15,Electronics
1146,C2290,1797.7,2023-06-02 18:29:07,Entertainment
1919,C7512,29.58,2023-06-02 18:29:29,Restaurant
5267,C5600,65.21,2023-06-02 18:31:36,Retail
1818,C2442,1.47,2023-06-02 18:32:24,Retail
1474,C2988,68.66,2023-06-02 18:32:36,Restaurant
5312,C5333,58.3,2023-06-02 18:32:48,Restaurant
4341,C5313,78.22,2023-06-02 18:33:29,Entertainment
10833,C5753,66.82,2023-06-02 18:33:54,Grocery
3622,C6131,79.16,2023-06-02 18:34:21,Retail
4362,C8803,67.86,2023-06-02 18:35:14,Restaurant
8416,C5388,38.4,2023-06-02 18:36:57,Retail
3807,C7276,48.71,2023-06-02 18:36:58,Electronics
7700,C8177,70.04,2023-06-02 18:38:16,Electronics
9588,C2146,35.39,2023-06-02 18:39:24,Restaurant
10318,C6638,91.96,2023-06-02 18:39:30,Entertainment
10533,C8109,38.47,2023-06-02 18:39:45,Entertainment
2943,C6654,23.04,2023-06-02 18:41:33,Electronics
4788,C6542,39.84,2023-06-02 18:42:52,Electronics
2019,C5210,56.0,2023-06-02 18:43:09,Electronics
2086,C5520,74.74,2023-06-02 18:43:49,Entertainment
6385,C5556,72.42,2023-06-02 18:44:49,Retail
3589,C7481,27.28,2023-06-02 18:44:59,Entertainment
7924,C5023,60.57,2023-06-02 18:45:11,Entertainment
9498,C4807,83.52,2023-06-02 18:45:40,Restaurant
1724,C5978,91.48,2023-06-02 18:46:23,Electronics
9182,C7569,42.2,2023-06-02 18:46:38,Entertainment
8459,C1297,59.36,2023-06-02 18:49:36,Electronics
5182,C9824,39.36,2023-06-02 18:51:25,Grocery
10410,C9664,64.41,2023-06-02 18:51:33,Entertainment
2311,C7484,34.83,2023-06-02 18:51:56,Entertainment
8467,C2043,63.05,2023-06-02 18:52:07,Grocery
5956,C5979,52.97,2023-06-02 18:53:07,Electronics
9197,C2388,0.89,2023-06-02 18:54:13,Entertainment
4833,C1002,47.81,2023-06-02 18:55:17,Restaurant
5053,C2072,43.57,2023-06-02 18:55:38,Grocery
1585,C5198,37.95,2023-06-02 18:56:10,Grocery
4781,C1753,53.84,2023-06-02 18:56:17,Retail
9205,C1674,84.45,2023-06-02 18:58:24,Entertainment
6100,C7939,62.22,2023-06-02 18:58:47,Grocery
5993,C4504,39.43,2023-06-02 18:59:43,Restaurant
2518,C5720,91.81,2023-06-02 19:00:47,Entertainment
5770,C5458,65.69,2023-06-02 19:02:10,Entertainment
5773,C6253,48.89,2023-06-02 19:02:17,Electronics
4052,C6145,76.49,2023-06-02 19:02:56,Grocery
6876,C1672,56.42,2023-06-02 19:04:15,Restaurant
6112,C8216,37.73,2023-06-02 19:05:09,Grocery
9547,C8020,91.11,2023-06-02 19:05:56,Electronics
6053,C1674,39.54,2023-06-02 19:07:29,Grocery
3317,C5697,85.77,2023-06-02 19:08:02,Retail
10344,C8764,51.95,2023-06-02 19:11:15,Entertainment
1803,C2494,56.86,2023-06-02 19:11:49,Entertainment
2391,C6482,109.59,2023-06-02 19:15:39,Restaurant
4981,C5572,1.76,2023-06-02 19:16:34,Grocery
10537,C2535,42.02,2023-06-02 19:17:00,Restaurant
5050,C9814,78.53,2023-06-02 19:17:42,Grocery
3887,C9808,0.26,2023-06-02 19:18:24,Entertainment
7075,C2035,0.46,2023-06-02 19:19:12,Retail
2503,C5700,52.26,2023-06-02 19:19:43,Entertainment
1120,C3591,10.0,2023-06-02 19:20:37,Grocery
4683,C3508,47.71,2023-06-02 19:21:13,Retail
2791,C3308,39.89,2023-06-02 19:26:06,Restaurant
9776,C8961,7259.57,2023-06-02 19:26:22,Electronics
5124,C7760,56.38,2023-06-02 19:27:20,Retail
10150,C5244,75.71,2023-06-02 19:27:53,Entertainment
7332,C4346,10.0,2023-06-02 19:28:39,Restaurant
7719,C5563,10.0,2023-06-02 19:30:12,Electronics
6093,C2173,72.57,2023-06-02 19:33:24,Retail
6111,C3389,70.41,2023-06-02 19:33:47,Entertainment
3458,C8933,66.26,2023-06-02 19:33:59,Grocery
1588,C2876,64.08,2023-06-02 19:34:01,Retail
8579,C5651,62.03,2023-06-02 19:36:01,Retail
1884,C6654,10.0,2023-06-02 19:37:10,Electronics
8429,C6633,50.92,2023-06-02 19:37:59,Restaurant
5108,C3360,43.04,2023-06-02 19:38:02,Entertainment
7492,C7254,52.8,2023-06-02 19:38:21,Restaurant
2904,C4340,127.76,2023-06-02 19:38:36,Restaurant
10385,C1779,13.13,2023-06-02 19:38:42,Restaurant
3171,C3295,110.56,2023-06-02 19:40:30,Restaurant
4022,C7102,14.22,2023-06-02 19:42:27,Grocery
7764,C1517,89.87,2023-06-02 19:43:01,Grocery
2958,C3249,48.61,2023-06-02 19:45:04,Restaurant
3875,C4534,21.71,2023-06-02 19:47:46,Entertainment
7005,C5896,51.84,2023-06-02 19:50:21,Restaurant
6280,C5043,83.92,2023-06-02 19:50:43,Entertainment
1283,C1152,27.11,2023-06-02 19:56:07,Restaurant
5719,C6992,86.33,2023-06-02 19:56:34,Grocery
2350,C2215,68.04,2023-06-02 19:58:21,Retail
6608,C6826,10.0,2023-06-02 19:58:45,Entertainment
6334,C5097,57.42,2023-06-02 19:59:45,Retail
2619,C5843,51.23,2023-06-02 20:00:20,Entertainment
6737,C3527,14.04,2023-06-02 20:01:06,Retail
6983,C1054,64.16,2023-06-02 20:01:32,Entertainment
1906,C2644,0.15,2023-06-02 20:01:39,Electronics
1063,C5374,60.35,2023-06-02 20:01:40,Retail
2856,C1742,99.34,2023-06-02 20:02:23,Restaurant
2158,C5831,45.41,2023-06-02 20:02:53,Restaurant
10384,C6240,48.39,2023-06-02 20:02:57,Entertainment
2423,C4145,37.31,2023-06-02 20:03:25,Entertainment
6881,C5466,48.26,2023-06-02 20:09:07,Restaurant
5713,C8891,47.25,2023-06-02 20:09:30,Entertainment
5135,C9992,21.21,2023-06-02 20:09:40,Grocery
2623,C3730,54.48,2023-06-02 20:12:59,Restaurant
5474,C9813,62.28,2023-06-02 20:14:32,Entertainment
7030,C6533,60.95,2023-06-02 20:15:13,Electronics
4558,C5813,45.72,2023-06-02 20:15:46,Restaurant
5461,C1076,45.73,2023-06-02 20:16:51,Entertainment
3579,C3858,83.85,2023-06-02 20:17:17,Electronics
5197,C3435,54.95,2023-06-02 20:18:24,Restaurant
7516,C9078,64.02,2023-06-02 20:19:15,Retail
6661,C7288,88.4,2023-06-02 20:19:17,Restaurant
10115,C6396,74.99,2023-06-02 20:20:12,Entertainment
4415,C3356,58.98,2023-06-02 20:21:56,Retail
1740,C4457,25.52,2023-06-02 20:23:29,Electronics
3507,C5961,51.61,2023-06-02 20:23:39,Restaurant
10538,C9125,62.43,2023-06-02 20:24:50,Grocery
8994,C6132,84.1,2023-06-02 20:25:20,Retail
2474,C2374,70.49,2023-06-02 20:25:36,Entertainment
4945,C9866,24.17,2023-06-02 20:26:11,Restaurant
7426,C7580,81.31,2023-06-02 20:26:49,Entertainment
8531,C8516,54.22,2023-06-02 20:27:45,Entertainment
8984,C4878,106.83,2023-06-02 20:28:14,Electronics
6889,C4961,58.57,2023-06-02 20:31:47,Electronics
6765,C4878,50.92,2023-06-02 20:32:03,Electronics
3008,C5470,1.43,2023-06-02 20:33:23,Electronics
8029,C9295,104.54,2023-06-02 20:33:25,Entertainment
6937,C7366,10.0,2023-06-02 20:33:37,Entertainment
5164,C5033,100.93,2023-06-02 20:33:58,Restaurant
3854,C7322,0.73,2023-06-02 20:36:10,Entertainment
10810,C2527,17.38,2023-06-02 20:37:15,Electronics
4205,C2817,106.42,2023-06-02 20:38:07,Retail
1721,C1878,61.16,2023-06-02 20:39:47,Restaurant
2186,C2582,81.73,2023-06-02 20:40:54,Grocery
6045,C7824,58.13,2023-06-02 20:41:29,Retail
10702,C3283,50.24,2023-06-02 20:42:24,Retail
4732,C1820,77.32,2023-06-02 20:43:36,Retail
8898,C6862,64.74,2023-06-02 20:48:12,Electronics
10262,C9426,10.0,2023-06-02 20:51:11,Electronics
2882,C7824,53.82,2023-06-02 20:51:31,Grocery
9844,C2465,19.52,2023-06-02 20:51:36,Retail
8177,C8208,2140.88,2023-06-02 20:53:19,Entertainment
6124,C1225,131.71,2023-06-02 20:53:34,Restaurant
9406,C3700,85.77,2023-06-02 20:54:35,Grocery
3760,C6631,45.95,2023-06-02 20:56:52,Restaurant
8604,C8352,50.48,2023-06-02 20:57:53,Restaurant
6145,C1712,71.45,2023-06-02 20:58:46,Grocery
4617,C8821,81.82,2023-06-02 20:59:52,Restaurant
4715,C4842,4912.48,2023-06-02 21:00:04,Grocery
6292,C8399,42.26,2023-06-02 21:00:04,Grocery
10755,C5227,78.3,2023-06-02 21:02:13,Entertainment
8720,C8259,72.2,2023-06-02 21:03:01,Electronics
7111,C9190,1.25,2023-06-02 21:03:55,Grocery
8191,C9108,43.52,2023-06-02 21:04:52,Grocery
8007,C7438,57.6,2023-06-02 21:05:40,Electronics
3766,C3035,42.18,2023-06-02 21:06:18,Retail
10171,C9529,44.8,2023-06-02 21:07:19,Retail
6025,C4817,57.7,2023-06-02 21:07:21,Entertainment
8268,C2574,95.95,2023-06-02 21:08:12,Grocery
7895,C5389,53.78,2023-06-02 21:08:26,Retail
10444,C8910,107.93,2023-06-02 21:09:28,Retail
6175,C1352,30.26,2023-06-02 21:10:55,Retail
10845,C9573,78.07,2023-06-02 21:12:27,Electronics
9848,C3625,85.24,2023-06-02 21:13:05,Electronics
9202,C9500,77.65,2023-06-02 21:15:48,Retail
3613,C7431,85.79,2023-06-02 21:16:53,Electronics
2277,C3878,77.56,2023-06-02 21:17:01,Grocery
1529,C9818,88.39,2023-06-02 21:17:09,Electronics
10827,C9227,114.75,2023-06-02 21:18:14,Retail
1863,C4993,4259.25,2023-06-02 21:18:17,Electronics
4175,C6210,50.17,2023-06-02 21:18:41,Restaurant
10782,C4190,121.31,2023-06-02 21:19:13,Electronics
4542,C5843,1.03,2023-06-02 21:19:38,Electronics
9613,C4299,103.05,2023-06-02 21:23:35,Retail
2469,C7081,75.14,2023-06-02 21:24:59,Entertainment
5240,C9542,79.38,2023-06-02 21:25:01,Restaurant
8262,C5891,59.87,2023-06-02 21:26:15,Restaurant
7286,C4354,41.09,2023-06-02 21:26:27,Grocery
2209,C5564,38.0,2023-06-02 21:28:19,Entertainment
2835,C4189,32.97,2023-06-02 21:30:30,Electronics
3029,C3303,44.83,2023-06-02 21:31:07,Retail
7087,C2637,64.55,2023-06-02 21:31:26,Restaurant
2924,C8932,46.8,2023-06-02 21:31:27,Grocery
7342,C8272,29.65,2023-06-02 21:33:34,Entertainment
1791,C4750,35.84,2023-06-02 21:35:54,Grocery
8766,C3359,57.16,2023-06-02 21:36:26,Entertainment
4441,C8237,78.95,2023-06-02 21:36:44,Entertainment
1920,C2315,94.5,2023-06-02 21:38:28,Retail
7528,C3668,62.32,2023-06-02 21:39:05,Entertainment
9470,C5091,74.33,2023-06-02 21:39:16,Electronics
3913,C1207,69.98,2023-06-02 21:40:41,Retail
10182,C2534,42.42,2023-06-02 21:41:34,Restaurant
1156,C9645,24.59,2023-06-02 21:41:47,Retail
6512,C5448,75.22,2023-06-02 21:41:58,Restaurant
3969,C2956,78.3,2023-06-02 21:45:04,Retail
9706,C9735,38.62,2023-06-02 21:45:39,Entertainment
2753,C5336,34.04,2023-06-02 21:45:50,Retail
9882,C1027,61.2,2023-06-02 21:47:10,Electronics
10523,C4377,13.26,2023-06-02 21:48:10,Grocery
10045,C9292,13305.12,2023-06-02 21:48:40,Retail
4405,C6633,32.7,2023-06-02 21:48:53,Entertainment
9284,C1158,95.07,2023-06-02 21:48:59,Electronics
8424,C1340,50.61,2023-06-02 21:50:02,Entertainment
7499,C8593,46.4,2023-06-02 21:51:06,Entertainment
8016,C6196,32.69,2023-06-02 21:51:40,Entertainment
8344,C8107,65.38,2023-06-02 21:53:39,Electronics
9340,C2814,50.63,2023-06-02 21:54:26,Grocery
5812,C1206,46.56,2023-06-02 21:54:32,Grocery
1090,C5040,70.52,2023-06-02 21:54:56,Electronics
3828,C4559,54.93,2023-06-02 21:57:38,Restaurant
4994,C5934,37.85,2023-06-02 22:00:03,Electronics
6510,C6152,50.96,2023-06-02 22:00:24,Retail
5469,C5821,47.67,2023-06-02 22:03:06,Grocery
9476,C7908,4711.36,2023-06-02 22:03:14,Restaurant
4668,C5190,51.27,2023-06-02 22:05:54,Entertainment
7954,C9196,76.97,2023-06-02 22:07:31,Grocery
2972,C3252,44.16,2023-06-02 22:07:45,Restaurant
9594,C2503,63.16,2023-06-02 22:08:49,Retail
8511,C5019,67.56,2023-06-02 22:09:36,Retail
1560,C6529,36.89,2023-06-02 22:11:02,Entertainment
6260,C9051,66.24,2023-06-02 22:12:49,Restaurant
3705,C6747,63.35,2023-06-02 22:14:21,Grocery
4077,C5262,96.7,2023-06-02 22:16:38,Electronics
2932,C4396,10239.47,2023-06-02 22:18:57,Restaurant
2382,C9564,48.8,2023-06-02 22:20:04,Restaurant
9503,C3844,48.23,2023-06-02 22:20:08,Retail
2271,C5742,106.6,2023-06-02 22:21:34,Electronics
9640,C8431,77.14,2023-06-02 22:24:57,Restaurant
2748,C6531,1.14,2023-06-02 22:25:05,Retail
8651,C9286,94.8,2023-06-02 22:27:01,Entertainment
7093,C1104,121.58,2023-06-02 22:27:25,Grocery
2809,C1379,47.3,2023-06-02 22:28:51,Retail
10034,C6149,60.13,2023-06-02 22:29:16,Grocery
7475,C4404,55.3,2023-06-02 22:29:44,Entertainment
8671,C1659,64.42,2023-06-02 22:31:10,Entertainment
2184,C2527,48.67,2023-06-02 22:33:10,Restaurant
5891,C3627,95.72,2023-06-02 22:33:45,Entertainment
3778,C6905,10.0,2023-06-02 22:34:51,Restaurant
8080,C5262,73.68,2023-06-02 22:34:57,Grocery
9567,C9533,50.47,2023-06-02 22:35:57,Electronics
4211,C2655,72.64,2023-06-02 22:38:03,Electronics
7969,C3363,71.83,2023-06-02 22:38:52,Grocery
7917,C4868,77.17,2023-06-02 22:39:01,Entertainment
9497,C2979,70.59,2023-06-02 22:40:24,Entertainment
3893,C9377,65.41,2023-06-02 22:42:36,Restaurant
6324,C7440,50.0,2023-06-02 22:45:38,Grocery
1716,C2869,31.53,2023-06-02 22:47:11,Restaurant
5628,C3859,97.53,2023-06-02 22:47:44,Retail
3842,C5668,52.12,2023-06-02 22:47:46,Electronics
9185,C4596,58.61,2023-06-02 22:47:52,Grocery
5472,C9409,28.43,2023-06-02 22:49:34,Retail
4601,C3897,62.63,2023-06-02 22:51:03,Grocery
5130,C5140,79.87,2023-06-02 22:53:55,Restaurant
4955,C1769,46.53,2023-06-02 22:54:10,Electronics
4779,C7738,26.99,2023-06-02 22:54:16,Grocery
10096,C4156,69.59,2023-06-02 22:55:19,Electronics
4510,C8520,73.91,2023-06-02 22:56:06,Restaurant
10272,C7477,65.8,2023-06-02 22:58:12,Restaurant
10638,C3461,82.88,2023-06-02 22:58:14,Grocery
9381,C3942,39.58,2023-06-02 22:58:15,Entertainment
10131,C9625,53.35,2023-06-02 22:58:24,Retail
1982,C7248,81.27,2023-06-02 22:59:41,Grocery
4643,C5764,4251.03,2023-06-02 23:01:38,Entertainment
9994,C7018,4959.49,2023-06-02 23:02:41,Grocery
6092,C4970,39.57,2023-06-02 23:03:16,Entertainment
3090,C9361,58.57,2023-06-02 23:04:18,Electronics
6717,C2797,57.13,2023-06-02 23:04:23,Entertainment
1737,C1986,96.88,2023-06-02 23:05:11,Grocery
10372,C2005,47.23,2023-06-02 23:05:27,Grocery
4632,C6641,1.3,2023-06-02 23:08:04,Grocery
3864,C7337,70.64,2023-06-02 23:09:07,Electronics
3151,C4088,74.71,2023-06-02 23:10:23,Grocery
1006,C3286,73.78,2023-06-02 23:12:26,Entertainment
5316,C2127,1000.0,2023-06-02 23:14:13,Restaurant
8844,C9750,46.19,2023-06-02 23:14:23,Retail
7508,C5713,58.17,2023-06-02 23:15:06,Electronics
6206,C7837,82.84,2023-06-02 23:15:21,Entertainment
3231,C4422,77.03,2023-06-02 23:16:44,Entertainment
4041,C5455,95.91,2023-06-02 23:16:59,Restaurant
8576,C3064,18.58,2023-06-02 23:19:29,Retail
7547,C4175,9241.31,2023-06-02 23:19:40,Entertainment
6243,C3155,84.91,2023-06-02 23:24:04,Restaurant
8849,C3014,67.53,2023-06-02 23:24:45,Retail
8489,C1687,1.35,2023-06-02 23:25:03,Restaurant
6963,C8305,69.85,2023-06-02 23:25:38,Restaurant
3583,C8570,66.7,2023-06-02 23:25:48,Electronics
5726,C9574,48.94,2023-06-02 23:26:36,Electronics
5247,C6985,39.73,2023-06-02 23:27:02,Grocery
7429,C6855,57.62,2023-06-02 23:27:38,Retail
6656,C4908,73.68,2023-06-02 23:28:27,Entertainment
2458,C5616,66.44,2023-06-02 23:33:13,Entertainment
1881,C8316,39.91,2023-06-02 23:33:23,Retail
6251,C6886,10.0,2023-06-02 23:33:56,Electronics
5685,C6068,21.86,2023-06-02 23:35:58,Electronics
8454,C9089,13.12,2023-06-02 23:37:08,Grocery
4717,C1208,70.71,2023-06-02 23:42:05,Retail
5041,C8975,91.38,2023-06-02 23:43:01,Retail
3422,C3170,76.01,2023-06-02 23:43:23,Grocery
2828,C5333,8332.73,2023-06-02 23:44:25,Grocery
8585,C6582,89.46,2023-06-02 23:45:20,Grocery
3006,C9261,87.16,2023-06-02 23:45:35,Retail
10085,C3675,44.25,2023-06-02 23:45:45,Entertainment
2180,C8770,91.39,2023-06-02 23:47:22,Grocery
4154,C4588,63.42,2023-06-02 23:48:56,Entertainment
4249,C4435,55.09,2023-06-02 23:49:01,Entertainment
10518,C1256,80.84,2023-06-02 23:49:25,Restaurant
7702,C2392,81.97,2023-06-02 23:49:35,Entertainment
1511,C7797,56.81,2023-06-02 23:49:37,Retail
8596,C1982,52.05,2023-06-02 23:49:42,Entertainment
1326,C3143,100.19,2023-06-02 23:50:15,Restaurant
6128,C8373,60.74,2023-06-02 23:50:42,Restaurant
6680,C7648,37.18,2023-06-02 23:51:21,Grocery
9880,C6134,55.13,2023-06-02 23:51:29,Entertainment
8856,C6613,46.24,2023-06-02 23:51:35,Retail
3364,C9897,71.87,2023-06-02 23:51:40,Entertainment
1954,C2293,87.62,2023-06-02 23:51:44,Entertainment
8419,C2915,72.1,2023-06-02 23:51:48,Grocery
4374,C4471,105.14,2023-06-02 23:52:00,Entertainment
10520,C2743,53.5,2023-06-02 23:52:26,Entertainment
9088,C4916,34.96,2023-06-02 23:53:36,Electronics
1605,C8018,74.09,2023-06-02 23:56:17,Electronics
2921,C9950,37.81,2023-06-02 23:56:24,Entertainment
4395,C7874,60.44,2023-06-02 23:59:11,Electronics
2433,C1618,59.7,2023-06-02 23:59:20,Retail
5892,C2128,28.27,2023-06-03 00:00:36,Entertainment
10398,C5133,61.21,2023-06-03 00:01:18,Electronics
8816,C2374,67.82,2023-06-03 00:03:17,Grocery
6291,C2791,50.67,2023-06-03 00:04:23,Grocery
4436,C6257,53.9,2023-06-03 00:04:31,Entertainment
9570,C1388,58.24,2023-06-03 00:07:15,Electronics
9366,C9615,10.0,2023-06-03 00:07:58,Entertainment
5476,C8254,60.66,2023-06-03 00:09:57,Grocery
7027,C1606,72.5,2023-06-03 00:11:09,Entertainment
6031,C2264,39.29,2023-06-03 00:12:28,Electronics
6818,C9283,60.61,2023-06-03 00:13:25,Electronics
8797,C2885,86.2,2023-06-03 00:14:13,Entertainment
1601,C2983,88.61,2023-06-03 00:14:40,Grocery
1949,C9702,112.31,2023-06-03 00:14:56,Grocery
9139,C2941,39.55,2023-06-03 00:15:57,Restaurant
2987,C3868,54.41,2023-06-03 00:20:31,Entertainment
8781,C2617,79.01,2023-06-03 00:21:58,Entertainment
10017,C4029,67.61,2023-06-03 00:22:10,Retail
8628,C7751,68.92,2023-06-03 00:22:45,Grocery
5695,C1575,80.18,2023-06-03 00:22:50,Electronics
5556,C6171,60.84,2023-06-03 00:22:54,Retail
7768,C8374,55.92,2023-06-03 00:24:27,Entertainment
8871,C1156,38.73,2023-06-03 00:25:44,Restaurant
3591,C4232,56.41,2023-06-03 00:25:59,Entertainment
7522,C8799,47.72,2023-06-03 00:26:09,Restaurant
3124,C7184,54.16,2023-06-03 00:26:37,Retail
1239,C8454,107.5,2023-06-03 00:27:22,Entertainment
3250,C5285,59.39,2023-06-03 00:27:29,Retail
2581,C6170,85.76,2023-06-03 00:27:50,Electronics
9235,C2942,87.99,2023-06-03 00:28:00,Entertainment
9167,C9333,94.1,2023-06-03 00:28:47,Retail
10437,C5137,3694.26,2023-06-03 00:28:59,Restaurant
10176,C7660,45.58,2023-06-03 00:29:01,Grocery
10303,C2946,63.99,2023-06-03 00:30:14,Entertainment
8450,C3561,72.6,2023-06-03 00:30:35,Restaurant
5127,C3637,2607.69,2023-06-03 00:31:53,Restaurant
3132,C9802,44.72,2023-06-03 00:33:14,Electronics
10993,C4253,0.74,2023-06-03 00:34:05,Electronics
6926,C2240,1.54,2023-06-03 00:34:17,Grocery
3547,C6651,48.2,2023-06-03 00:35:51,Electronics
2160,C9282,108.33,2023-06-03 00:36:30,Entertainment
9322,C2138,33.07,2023-06-03 00:36:39,Grocery
7782,C7374,38.27,2023-06-03 00:36:55,Grocery
4708,C3627,74.07,2023-06-03 00:36:59,Restaurant
6188,C5953,20.05,2023-06-03 00:37:15,Restaurant
8548,C1607,44.86,2023-06-03 00:38:04,Retail
8942,C8644,65.09,2023-06-03 00:38:45,Entertainment
6663,C6582,38.43,2023-06-03 00:39:10,Retail
4327,C7512,56.46,2023-06-03 00:39:11,Electronics
9031,C5198,1.11,2023-06-03 00:41:39,Restaurant
1122,C1053,42.45,2023-06-03 00:41:50,Retail
2723,C9238,31.43,2023-06-03 00:42:17,Retail
1912,C3361,75.88,2023-06-03 00:47:38,Restaurant
9522,C9784,81.42,2023-06-03 00:47:44,Restaurant
5859,C6544,90.46,2023-06-03 00:48:06,Restaurant
6191,C5519,104.27,2023-06-03 00:48:15,Electronics
3883,C7939,58.88,2023-06-03 00:50:35,Grocery
4073,C7492,66.5,2023-06-03 00:50:36,Restaurant
10335,C9376,22.93,2023-06-03 00:51:58,Restaurant
10430,C4309,8606.75,2023-06-03 00:52:45,Grocery
2033,C5332,20.74,2023-06-03 00:52:45,Electronics
5429,C9489,75.48,2023-06-03 00:56:13,Retail
3544,C8586,109.41,2023-06-03 00:57:22,Electronics
4254,C2770,32.15,2023-06-03 00:57:44,Grocery
3295,C7756,103.17,2023-06-03 00:58:37,Retail
6600,C2735,61.9,2023-06-03 00:58:48,Retail
5572,C6995,69.88,2023-06-03 01:00:13,Retail
3007,C8668,78.55,2023-06-03 01:01:32,Restaurant
3730,C7786,14.26,2023-06-03 01:01:39,Restaurant
4164,C5060,108.83,2023-06-03 01:02:43,Grocery
2896,C2800,50.69,2023-06-03 01:02:54,Grocery
5415,C4633,105.47,2023-06-03 01:03:25,Retail
1784,C2317,24.93,2023-06-03 01:05:19,Grocery
1832,C6927,55.11,2023-06-03 01:07:55,Retail
1364,C7267,70.42,2023-06-03 01:08:13,Retail
7823,C6531,51.04,2023-06-03 01:08:52,Grocery
9282,C3102,35.44,2023-06-03 01:09:22,Grocery
2434,C6517,58.6,2023-06-03 01:09:57,Restaurant
7548,C4002,47.13,2023-06-03 01:10:38,Grocery
7607,C2830,68.69,2023-06-03 01:10:46,Grocery
8760,C2491,73.53,2023-06-03 01:14:04,Entertainment
6155,C2091,52.0,2023-06-03 01:14:26,Electronics
10119,C5476,59.17,2023-06-03 01:15:16,Entertainment
3612,C7367,33.44,2023-06-03 01:15:28,Retail
10436,C7851,68.44,2023-06-03 01:15:58,Entertainment
7172,C4615,57.97,2023-06-03 01:17:15,Retail
8645,C7937,39.75,2023-06-03 01:18:09,Grocery
9271,C2406,4906.22,2023-06-03 01:18:14,Restaurant
3435,C7311,67.03,2023-06-03 01:18:43,Electronics
10077,C6882,45.15,2023-06-03 01:21:49,Entertainment
7055,C3796,68.44,2023-06-03 01:22:11,Retail
8735,C1305,49.18,2023-06-03 01:23:24,Grocery
7635,C6698,0.97,2023-06-03 01:24:47,Grocery
2213,C5381,57.39,2023-06-03 01:24:53,Retail
6248,C4804,57.35,2023-06-03 01:25:15,Entertainment
2190,C6400,3857.92,2023-06-03 01:25:18,Electronics
3080,C9792,63.4,2023-06-03 01:25:54,Restaurant
6568,C5532,26.72,2023-06-03 01:26:31,Retail
5680,C2702,10.0,2023-06-03 01:28:26,Retail
4369,C3415,22.02,2023-06-03 01:28:52,Grocery
4871,C8488,54.77,2023-06-03 01:28:52,Entertainment
9473,C4276,59.1,2023-06-03 01:31:26,Grocery
9674,C9005,92.24,2023-06-03 01:34:07,Grocery
1518,C4388,70.2,2023-06-03 01:36:33,Grocery
6178,C9673,30.56,2023-06-03 01:38:52,Restaurant
7447,C6206,102.78,2023-06-03 01:43:08,Retail
7267,C7977,77.99,2023-06-03 01:47:44,Entertainment
9945,C7451,36.34,2023-06-03 01:48:15,Grocery
9046,C6098,67.54,2023-06-03 01:49:06,Retail
9302,C4345,73.71,2023-06-03 01:50:50,Grocery
10027,C3033,69.95,2023-06-03 01:51:49,Grocery
9576,C9836,75.21,2023-06-03 01:52:45,Grocery
4399,C3428,112.33,2023-06-03 01:53:31,Restaurant
9969,C2573,27.81,2023-06-03 01:56:22,Grocery
2226,C1502,11.32,2023-06-03 02:00:06,Electronics
6890,C4193,61.71,2023-06-03 02:00:08,Entertainment
8777,C1445,106.22,2023-06-03 02:02:14,Electronics
6705,C2462,86.23,2023-06-03 02:04:16,Entertainment
8364,C4126,58.29,2023-06-03 02:08:16,Retail
9533,C2106,59.81,2023-06-03 02:08:51,Grocery
2532,C4963,64.6,2023-06-03 02:09:36,Electronics
5484,C8896,68.51,2023-06-03 02:10:39,Grocery
1202,C1887,87.1,2023-06-03 02:10:43,Retail
7930,C1606,2580.44,2023-06-03 02:13:56,Grocery
1404,C1027,60.46,2023-06-03 02:13:58,Restaurant
6728,C9931,64.95,2023-06-03 02:16:20,Electronics
1143,C4923,68.35,2023-06-03 02:16:21,Electronics
8778,C1958,91.17,2023-06-03 02:17:05,Restaurant
2705,C6067,38.29,2023-06-03 02:17:26,Grocery
10040,C2438,42.99,2023-06-03 02:19:09,Retail
1255,C9701,51.01,2023-06-03 02:19:36,Retail
7881,C4278,38.23,2023-06-03 02:19:38,Grocery
10305,C9012,59.21,2023-06-03 02:22:00,Restaurant
1485,C3607,52.44,2023-06-03 02:22:35,Retail
3160,C1550,0.11,2023-06-03 02:22:50,Retail
6290,C9530,12.21,2023-06-03 02:23:32,Entertainment
3383,C6666,39.94,2023-06-03 02:23:46,Retail
6417,C8713,52.27,2023-06-03 02:24:33,Retail
6616,C2522,1055.36,2023-06-03 02:24:54,Retail
8480,C3476,55.11,2023-06-03 02:25:17,Entertainment
4750,C2522,77.32,2023-06-03 02:26:52,Entertainment
9796,C1420,29.99,2023-06-03 02:27:32,Retail
5618,C6914,79.19,2023-06-03 02:27:39,Retail
2114,C1243,35.68,2023-06-03 02:27:54,Electronics
4082,C5093,67.17,2023-06-03 02:28:17,Electronics
4837,C4389,49.69,2023-06-03 02:29:16,Entertainment
6665,C8063,111.88,2023-06-03 02:29:19,Entertainment
6174,C8503,60.58,2023-06-03 02:30:44,Entertainment
10962,C3885,59.52,2023-06-03 02:31:15,Entertainment
3193,C6222,1.2,2023-06-03 02:31:19,Electronics
2653,C2259,50.39,2023-06-03 02:31:25,Grocery
7948,C6954,0.93,2023-06-03 02:32:43,Entertainment
6494,C1306,35.21,2023-06-03 02:32:57,Retail
7943,C2375,62.94,2023-06-03 02:34:58,Entertainment
4285,C9962,35.84,2023-06-03 02:35:54,Electronics
7297,C5380,52.8,2023-06-03 02:37:01,Grocery
4295,C2659,40.04,2023-06-03 02:38:45,Electronics
6947,C7432,1.42,2023-06-03 02:39:21,Grocery
10946,C3384,59.47,2023-06-03 02:39:49,Grocery
7219,C6362,72.66,2023-06-03 02:40:23,Entertainment
8037,C1853,56.88,2023-06-03 02:40:32,Grocery
6532,C8907,44.22,2023-06-03 02:40:50,Grocery
5326,C7877,12.17,2023-06-03 02:41:54,Electronics
7503,C3523,47.25,2023-06-03 02:42:18,Grocery
8473,C4671,53.21,2023-06-03 02:44:02,Grocery
2864,C9446,1712.39,2023-06-03 02:44:31,Retail
9711,C2790,59.0,2023-06-03 02:44:58,Electronics
4259,C7875,100.72,2023-06-03 02:45:05,Restaurant
6839,C6617,68.3,2023-06-03 02:46:03,Restaurant
6681,C2140,21.62,2023-06-03 02:46:46,Retail
6368,C1200,75.83,2023-06-03 02:46:52,Grocery
8067,C7182,78.78,2023-06-03 02:47:26,Retail
5919,C6276,79.75,2023-06-03 02:49:31,Electronics
4028,C7461,66.31,2023-06-03 02:50:37,Retail
7096,C2460,13.95,2023-06-03 02:51:09,Grocery
8836,C5110,52.35,2023-06-03 02:51:22,Entertainment
7762,C9955,97.32,2023-06-03 02:53:04,Electronics
10652,C3421,37.38,2023-06-03 02:54:49,Entertainment
1918,C6546,77.95,2023-06-03 02:57:01,Grocery
1684,C4545,58.1,2023-06-03 02:57:03,Electronics
2527,C2816,58.23,2023-06-03 02:58:28,Entertainment
7106,C7750,23.54,2023-06-03 03:01:19,Grocery
10800,C4305,0.62,2023-06-03 03:03:50,Entertainment
2040,C7086,65.47,2023-06-03 03:04:15,Electronics
2591,C6848,45.19,2023-06-03 03:04:20,Retail
10116,C2457,37.54,2023-06-03 03:04:57,Restaurant
7472,C3286,95.68,2023-06-03 03:05:30,Grocery
7586,C6705,46.3,2023-06-03 03:11:13,Grocery
6440,C9514,77.05,2023-06-03 03:11:16,Retail
2768,C3589,44.98,2023-06-03 03:13:11,Entertainment
9615,C8883,45.19,2023-06-03 03:13:39,Grocery
3707,C5605,94.37,2023-06-03 03:14:55,Electronics
4791,C2560,20.25,2023-06-03 03:15:10,Restaurant
5823,C4415,46.71,2023-06-03 03:17:13,Electronics
10860,C2595,58.55,2023-06-03 03:18:00,Grocery
5720,C7753,52.24,2023-06-03 03:18:17,Retail
10319,C9192,64.76,2023-06-03 03:21:38,Entertainment
5144,C6420,35.05,2023-06-03 03:25:07,Restaurant
5437,C1590,78.73,2023-06-03 03:25:51,Grocery
3979,C5625,88.18,2023-06-03 03:26:58,Grocery
8725,C6060,12.85,2023-06-03 03:28:36,Retail
2048,C8606,65.79,2023-06-03 03:30:08,Restaurant
8290,C3540,60.81,2023-06-03 03:34:49,Restaurant
9970,C6825,72.83,2023-06-03 03:36:06,Retail
6898,C2113,10.0,2023-06-03 03:37:40,Retail
5582,C8384,65.21,2023-06-03 03:37:41,Entertainment
4070,C2494,42.11,2023-06-03 03:39:06,Entertainment
2214,C1474,47.98,2023-06-03 03:40:29,Restaurant
4693,C2718,71.17,2023-06-03 03:41:35,Retail
1333,C2232,60.02,2023-06-03 03:44:28,Grocery
7726,C9379,20.06,2023-06-03 03:44:39,Grocery
8918,C4174,25.85,2023-06-03 03:44:40,Restaurant
10471,C3621,98.34,2023-06-03 03:44:40,Electronics
2409,C6381,96.17,2023-06-03 03:48:07,Entertainment
7992,C6049,74.35,2023-06-03 03:50:35,Retail
3142,C7948,64.08,2023-06-03 03:54:15,Restaurant
9508,C7376,54.65,2023-06-03 03:55:04,Retail
1082,C6155,63.1,2023-06-03 03:57:13,Retail
2257,C5640,103.62,2023-06-03 03:58:46,Electronics
10955,C4496,19.22,2023-06-03 03:58:47,Grocery
8740,C5504,111.36,2023-06-03 03:59:33,Entertainment
4694,C9381,81.33,2023-06-03 04:00:56,Retail
6489,C1917,18.69,2023-06-03 04:02:14,Entertainment
8286,C9410,0.57,2023-06-03 04:03:13,Grocery
6855,C3745,97.24,2023-06-03 04:03:13,Entertainment
7117,C4860,10.84,2023-06-03 04:04:08,Restaurant
3076,C2011,0.88,2023-06-03 04:04:29,Retail
4582,C9199,68.8,2023-06-03 04:05:11,Restaurant
4302,C5612,26.39,2023-06-03 04:06:52,Electronics
6281,C8005,31.9,2023-06-03 04:07:31,Retail
6852,C5331,25.75,2023-06-03 04:07:54,Electronics
8118,C1169,35.67,2023-06-03 04:08:33,Retail
10594,C5382,41.23,2023-06-03 04:08:38,Electronics
7255,C3271,44.56,2023-06-03 04:10:59,Entertainment
7239,C1203,22.66,2023-06-03 04:12:18,Retail
1556,C6363,27.38,2023-06-03 04:12:40,Restaurant
6747,C3224,7020.42,2023-06-03 04:13:19,Electronics
6342,C2397,35.54,2023-06-03 04:13:19,Entertainment
4593,C7704,53.13,2023-06-03 04:15:23,Entertainment
2354,C1616,22.57,2023-06-03 04:15:52,Grocery
3739,C8449,61.55,2023-06-03 04:15:54,Entertainment
5819,C4263,53.39,2023-06-03 04:17:03,Entertainment
8545,C8111,0.48,2023-06-03 04:18:30,Retail
2141,C8847,67.23,2023-06-03 04:20:42,Retail
10071,C4081,89.14,2023-06-03 04:21:52,Restaurant
9341,C3115,40.13,2023-06-03 04:22:39,Grocery
5623,C7746,40.19,2023-06-03 04:24:04,Restaurant
1798,C8245,71.27,2023-06-03 04:25:49,Entertainment
10964,C3322,67.84,2023-06-03 04:26:55,Retail
1305,C3200,72.23,2023-06-03 04:29:56,Entertainment
8751,C6569,59.74,2023-06-03 04:30:25,Retail
7976,C5166,101.34,2023-06-03 04:30:57,Grocery
3479,C6253,98.32,2023-06-03 04:33:34,Grocery
8447,C3115,80.58,2023-06-03 04:33:51,Restaurant
9258,C8733,10.0,2023-06-03 04:35:43,Restaurant
1746,C2229,62.32,2023-06-03 04:36:20,Retail
7536,C1866,10.0,2023-06-03 04:36:32,Entertainment
4760,C8835,90.84,2023-06-03 04:36:44,Retail
10418,C3137,37.02,2023-06-03 04:37:22,Retail
9027,C2106,50.37,2023-06-03 04:37:26,Electronics
10141,C3797,55.24,2023-06-03 04:37:50,Restaurant
8437,C5806,65.67,2023-06-03 04:38:19,Electronics
8884,C7166,5323.28,2023-06-03 04:38:53,Entertainment
1265,C2964,54.64,2023-06-03 04:39:34,Entertainment
9797,C3013,29.85,2023-06-03 04:41:09,Restaurant
7724,C7626,54.36,2023-06-03 04:41:10,Entertainment
7335,C5803,44.93,2023-06-03 04:42:27,Electronics
7735,C4781,59.51,2023-06-03 04:42:42,Restaurant
7233,C8852,54.43,2023-06-03 04:44:46,Grocery
3731,C7146,11.34,2023-06-03 04:44:55,Retail
2928,C5890,60.51,2023-06-03 04:45:04,Entertainment
5143,C8982,88.04,2023-06-03 04:45:54,Electronics
1244,C4111,45.19,2023-06-03 04:46:12,Grocery
4646,C9587,43.3,2023-06-03 04:46:23,Restaurant
10515,C5582,29.75,2023-06-03 04:47:00,Retail
9225,C6883,62.59,2023-06-03 04:47:56,Grocery
9786,C7528,31.03,2023-06-03 04:48:09,Electronics
7287,C3267,59.52,2023-06-03 04:49:33,Retail
9424,C3236,25.79,2023-06-03 04:50:28,Grocery
9715,C4432,79.25,2023-06-03 04:50:56,Restaurant
1626,C5397,1.49,2023-06-03 04:51:40,Retail
8004,C8248,94.72,2023-06-03 04:51:47,Retail
2737,C5105,50.75,2023-06-03 04:52:43,Entertainment
9688,C3414,35.05,2023-06-03 04:53:05,Grocery
2950,C8247,59.27,2023-06-03 04:54:27,Restaurant
6073,C2352,44.64,2023-06-03 04:54:48,Retail
6459,C1185,70.9,2023-06-03 04:58:13,Grocery
3970,C9225,62.06,2023-06-03 05:02:16,Grocery
4712,C4402,97.51,2023-06-03 05:03:30,Electronics
10489,C5781,57.66,2023-06-03 05:05:40,Retail
3882,C7806,1.71,2023-06-03 05:06:05,Retail
2185,C8075,7487.45,2023-06-03 05:06:43,Restaurant
10201,C7962,35.56,2023-06-03 05:07:01,Entertainment
8332,C5876,29.52,2023-06-03 05:07:21,Restaurant
5075,C7678,76.1,2023-06-03 05:07:53,Restaurant
1521,C1320,72.06,2023-06-03 05:09:02,Retail
4297,C4367,70.78,2023-06-03 05:10:09,Grocery
7354,C8965,64.28,2023-06-03 05:11:35,Grocery
2020,C8894,52.23,2023-06-03 05:12:49,Entertainment
2250,C5475,59.15,2023-06-03 05:13:35,Restaurant
2951,C5201,92.85,2023-06-03 05:14:26,Grocery
4469,C8605,86.82,2023-06-03 05:14:45,Grocery
4064,C3582,54.24,2023-06-03 05:15:02,Grocery
3844,C5942,67.03,2023-06-03 05:15:40,Retail
5627,C9821,49.1,2023-06-03 05:18:54,Electronics
9865,C7252,0.57,2023-06-03 05:19:09,Entertainment
4633,C6113,83.74,2023-06-03 05:20:29,Grocery
4365,C7468,91.09,2023-06-03 05:20:51,Electronics
5541,C3101,76.16,2023-06-03 05:22:16,Entertainment
2422,C8967,48.13,2023-06-03 05:22:29,Entertainment
8446,C8911,59.39,2023-06-03 05:23:22,Grocery
2449,C4833,51.1,2023-06-03 05:23:47,Restaurant
4595,C3346,101.64,2023-06-03 05:24:07,Restaurant
7460,C6756,52.96,2023-06-03 05:25:22,Electronics
8551,C9516,57.67,2023-06-03 05:25:24,Restaurant
8486,C2817,5542.61,2023-06-03 05:25:43,Retail
7094,C1118,31.88,2023-06-03 05:27:28,Grocery
3255,C2615,74.41,2023-06-03 05:27:49,Electronics
1439,C9375,39.35,2023-06-03 05:28:29,Entertainment
3734,C2525,82.49,2023-06-03 05:29:24,Grocery
1771,C3718,69.57,2023-06-03 05:29:34,Grocery
5024,C8301,96.39,2023-06-03 05:29:47,Grocery
9213,C7700,60.82,2023-06-03 05:29:49,Grocery
1544,C9751,77.74,2023-06-03 05:32:21,Electronics
8598,C5255,111.28,2023-06-03 05:32:30,Electronics
2952,C8849,48.92,2023-06-03 05:33:04,Entertainment
5277,C2856,112.07,2023-06-03 05:33:05,Electronics
6743,C1257,46.17,2023-06-03 05:33:24,Retail
3701,C3281,10.0,2023-06-03 05:34:48,Retail
1017,C1434,70.92,2023-06-03 05:35:38,Grocery
10858,C3496,58.75,2023-06-03 05:36:37,Restaurant
7387,C5266,69.82,2023-06-03 05:36:48,Grocery
7015,C4163,13.98,2023-06-03 05:38:08,Entertainment
6758,C7303,55.4,2023-06-03 05:39:30,Retail
6366,C1057,60.03,2023-06-03 05:39:32,Electronics
5865,C2759,80.6,2023-06-03 05:41:00,Grocery
5728,C6634,93.84,2023-06-03 05:43:25,Grocery
5142,C4234,46.26,2023-06-03 05:43:53,Restaurant
9036,C4046,5343.43,2023-06-03 05:44:15,Electronics
6718,C5623,35.18,2023-06-03 05:45:47,Entertainment
9649,C3535,62.86,2023-06-03 05:47:25,Retail
10854,C7350,90.06,2023-06-03 05:47:51,Entertainment
4133,C7275,56.13,2023-06-03 05:48:51,Restaurant
7783,C8986,54.22,2023-06-03 05:48:54,Entertainment
3389,C6580,100.14,2023-06-03 05:50:36,Restaurant
6651,C5949,91.88,2023-06-03 05:51:58,Electronics
8488,C2669,77.79,2023-06-03 05:52:03,Restaurant
1891,C4912,0.66,2023-06-03 05:55:10,Retail
3989,C4974,76.76,2023-06-03 05:56:27,Restaurant
5482,C8548,102.5,2023-06-03 05:59:14,Retail
9791,C2641,68.22,2023-06-03 05:59:23,Restaurant
3026,C7567,84.9,2023-06-03 06:00:04,Grocery
1227,C3724,39.95,2023-06-03 06:02:37,Grocery
9475,C1262,75.39,2023-06-03 06:03:05,Restaurant
6695,C5775,88.16,2023-06-03 06:04:08,Restaurant
6856,C8602,60.96,2023-06-03 06:04:27,Restaurant
10781,C7950,28.5,2023-06-03 06:04:58,Grocery
1748,C1043,37.91,2023-06-03 06:11:18,Electronics
3312,C1194,68.64,2023-06-03 06:11:52,Retail
9180,C8762,21.76,2023-06-03 06:14:41,Restaurant
5535,C9041,35.88,2023-06-03 06:19:03,Entertainment
3004,C9092,0.49,2023-06-03 06:19:59,Retail
9486,C1721,74.27,2023-06-03 06:20:25,Electronics
5463,C3867,89.48,2023-06-03 06:20:48,Grocery
6884,C5375,32.95,2023-06-03 06:21:03,Restaurant
9441,C3903,70.6,2023-06-03 06:21:33,Electronics
1068,C3677,47.68,2023-06-03 06:25:06,Entertainment
2464,C4271,89.07,2023-06-03 06:25:09,Restaurant
3722,C5090,71.04,2023-06-03 06:25:19,Retail
2454,C4178,30.69,2023-06-03 06:25:26,Retail
9803,C8785,1000.0,2023-06-03 06:25:46,Restaurant
5068,C2200,78.77,2023-06-03 06:25:46,Entertainment
6064,C9269,68.53,2023-06-03 06:26:38,Restaurant
1109,C8668,75.66,2023-06-03 06:29:36,Grocery
3857,C9185,47.28,2023-06-03 06:30:17,Entertainment
7773,C1589,113.56,2023-06-03 06:30:23,Entertainment
6984,C7298,21.86,2023-06-03 06:30:46,Entertainment
5880,C8168,76.99,2023-06-03 06:34:39,Grocery
8024,C6451,36.85,2023-06-03 06:35:29,Entertainment
6704,C6640,81.9,2023-06-03 06:37:05,Restaurant
5760,C5404,84.89,2023-06-03 06:37:31,Grocery
6534,C3524,64.22,2023-06-03 06:37:33,Entertainment
7853,C4305,73.44,2023-06-03 06:40:38,Entertainment
3950,C1721,54.46,2023-06-03 06:42:51,Grocery
5701,C5463,12.07,2023-06-03 06:43:41,Grocery
9839,C9858,44.21,2023-06-03 06:45:09,Entertainment
8610,C9737,39.74,2023-06-03 06:45:52,Electronics
1221,C2604,89.74,2023-06-03 06:47:05,Grocery
2484,C6727,91.95,2023-06-03 06:47:09,Restaurant
6000,C1003,68.14,2023-06-03 06:49:51,Retail
10880,C8548,40.52,2023-06-03 06:50:09,Retail
4925,C9747,115.27,2023-06-03 06:50:43,Entertainment
4566,C4641,46.78,2023-06-03 06:52:02,Electronics
3424,C4070,45.74,2023-06-03 06:55:58,Entertainment
4355,C1999,57.06,2023-06-03 06:56:50,Electronics
6778,C3327,68.58,2023-06-03 06:56:58,Grocery
3176,C6253,74.12,2023-06-03 06:57:02,Grocery
7089,C3584,47.46,2023-06-03 06:58:33,Electronics
2195,C1842,2.27,2023-06-03 06:59:46,Retail
3714,C9428,100.81,2023-06-03 07:00:12,Retail
1375,C4164,65.19,2023-06-03 07:01:59,Retail
5635,C2284,48.22,2023-06-03 07:02:09,Grocery
1246,C4566,76.19,2023-06-03 07:02:30,Restaurant
1105,C7916,66.23,2023-06-03 07:04:13,Entertainment
1869,C3236,57.58,2023-06-03 07:04:39,Retail
2136,C9543,58.51,2023-06-03 07:05:26,Electronics
10534,C7039,76.12,2023-06-03 07:05:51,Entertainment
2906,C9221,94.81,2023-06-03 07:09:01,Retail
2447,C5668,1.19,2023-06-03 07:09:18,Grocery
3407,C5390,39.01,2023-06-03 07:09:43,Restaurant
7566,C8944,30.51,2023-06-03 07:11:02,Retail
4561,C3096,111.11,2023-06-03 07:12:35,Grocery
5118,C9970,37.62,2023-06-03 07:13:59,Grocery
8838,C6757,62.37,2023-06-03 07:14:14,Restaurant
9388,C1715,6550.48,2023-06-03 07:15:03,Grocery
10761,C5453,108.71,2023-06-03 07:15:21,Retail
6768,C7731,70.54,2023-06-03 07:15:25,Retail
7204,C3568,83.96,2023-06-03 07:15:37,Grocery
2941,C7220,28.28,2023-06-03 07:17:23,Electronics
8105,C7853,37.26,2023-06-03 07:17:39,Electronics
1968,C3588,0.45,2023-06-03 07:19:13,Electronics
8065,C3980,24.83,2023-06-03 07:19:28,Retail
9929,C3608,50.44,2023-06-03 07:19:49,Electronics
5550,C7450,32.81,2023-06-03 07:21:43,Grocery
5515,C4965,89.18,2023-06-03 07:22:35,Retail
5960,C2591,6676.09,2023-06-03 07:23:26,Retail
9259,C9399,26.26,2023-06-03 07:23:43,Retail
2883,C6040,111.94,2023-06-03 07:25:30,Restaurant
5357,C2373,83.94,2023-06-03 07:25:57,Entertainment
4104,C6432,30.56,2023-06-03 07:26:45,Entertainment
3651,C3236,27.89,2023-06-03 07:27:39,Entertainment
6754,C8444,70.9,2023-06-03 07:27:48,Grocery
7049,C1235,105.51,2023-06-03 07:28:00,Retail
5893,C9702,137.94,2023-06-03 07:29:11,Entertainment
1482,C7991,21.43,2023-06-03 07:29:20,Restaurant
5160,C8017,48.66,2023-06-03 07:31:32,Electronics
3055,C7021,25.04,2023-06-03 07:31:56,Entertainment
5932,C2617,70.71,2023-06-03 07:32:55,Entertainment
10784,C2776,76.26,2023-06-03 07:32:59,Retail
1207,C2790,27.39,2023-06-03 07:33:32,Entertainment
10413,C5521,73.95,2023-06-03 07:33:53,Grocery
2869,C7438,80.12,2023-06-03 07:36:12,Grocery
3629,C3316,75.84,2023-06-03 07:36:48,Entertainment
1264,C7615,24.79,2023-06-03 07:37:32,Entertainment
2788,C5382,76.72,2023-06-03 07:38:30,Electronics
6185,C6681,42.77,2023-06-03 07:38:42,Grocery
7261,C2158,39.1,2023-06-03 07:39:45,Restaurant
3058,C3188,10.0,2023-06-03 07:39:51,Entertainment
6141,C3315,66.21,2023-06-03 07:40:59,Retail
1571,C4673,77.58,2023-06-03 07:42:27,Restaurant
6075,C1807,98.88,2023-06-03 07:44:48,Retail
4027,C3187,57.92,2023-06-03 07:45:07,Retail
3271,C6404,46.2,2023-06-03 07:48:42,Entertainment
10223,C2855,5526.81,2023-06-03 07:49:52,Entertainment
10798,C6064,58.85,2023-06-03 07:49:59,Retail
2627,C1693,75.64,2023-06-03 07:50:24,Restaurant
5260,C9222,37.05,2023-06-03 07:51:39,Restaurant
4340,C1731,99.79,2023-06-03 07:51:41,Entertainment
1247,C1958,38.54,2023-06-03 07:51:43,Restaurant
1481,C9270,25.71,2023-06-03 07:51:49,Grocery
7098,C7819,71.79,2023-06-03 07:51:58,Grocery
8936,C6292,89.78,2023-06-03 07:51:58,Retail
2843,C2946,61.4,2023-06-03 07:52:16,Entertainment
5335,C2526,85.88,2023-06-03 07:53:35,Grocery
4731,C8606,99.75,2023-06-03 07:53:40,Entertainment
6319,C9202,57.07,2023-06-03 07:54:00,Grocery
4692,C7862,95.05,2023-06-03 07:54:35,Entertainment
4562,C5237,60.49,2023-06-03 07:56:08,Restaurant
4189,C4811,44.54,2023-06-03 07:56:19,Grocery
2025,C2233,124.0,2023-06-03 07:59:16,Retail
2714,C2215,98.31,2023-06-03 08:01:44,Entertainment
8295,C5762,7540.52,2023-06-03 08:03:57,Electronics
9020,C8439,61.02,2023-06-03 08:04:01,Entertainment
5795,C9165,89.64,2023-06-03 08:05:10,Entertainment
7701,C9563,54.05,2023-06-03 08:06:52,Restaurant
10844,C9459,66.98,2023-06-03 08:07:12,Entertainment
1175,C1117,51.37,2023-06-03 08:07:59,Electronics
7795,C7189,67.0,2023-06-03 08:08:35,Grocery
6483,C3545,108.82,2023-06-03 08:09:41,Restaurant
7733,C9017,33.11,2023-06-03 08:10:18,Retail
10572,C5068,65.61,2023-06-03 08:11:02,Restaurant
3690,C8368,35.31,2023-06-03 08:11:59,Grocery
1479,C6198,65.79,2023-06-03 08:12:53,Grocery
5944,C9051,3528.16,2023-06-03 08:13:29,Grocery
6785,C2449,83.78,2023-06-03 08:13:42,Entertainment
10331,C2353,89.68,2023-06-03 08:13:56,Electronics
4196,C4300,52.29,2023-06-03 08:16:58,Grocery
6056,C3450,68.38,2023-06-03 08:17:13,Grocery
10375,C1846,64.67,2023-06-03 08:17:56,Retail
6987,C9770,68.31,2023-06-03 08:19:29,Restaurant
9107,C1719,97.78,2023-06-03 08:20:29,Entertainment
9656,C7628,40.1,2023-06-03 08:21:54,Retail
7409,C1070,84.86,2023-06-03 08:23:14,Electronics
6688,C4565,40.19,2023-06-03 08:24:46,Electronics
9223,C5351,36.11,2023-06-03 08:26:45,Entertainment
1614,C8102,0.94,2023-06-03 08:29:12,Electronics
1866,C7284,90.72,2023-06-03 08:29:38,Entertainment
1085,C7482,150.0,2023-06-03 08:30:12,Restaurant
4499,C8767,60.86,2023-06-03 08:31:17,Electronics
1526,C5892,73.5,2023-06-03 08:31:28,Restaurant
1705,C2680,46.12,2023-06-03 08:32:58,Grocery
2872,C9311,62.65,2023-06-03 08:38:27,Grocery
10366,C6020,49.33,2023-06-03 08:39:08,Retail
2130,C9408,83.81,2023-06-03 08:39:20,Electronics
10529,C7479,86.13,2023-06-03 08:39:36,Grocery
1709,C8843,65.0,2023-06-03 08:40:03,Electronics
6269,C5421,90.92,2023-06-03 08:40:37,Restaurant
7442,C2431,50.17,2023-06-03 08:40:50,Retail
8196,C8499,76.81,2023-06-03 08:41:46,Entertainment
8586,C3621,10.0,2023-06-03 08:42:03,Grocery
10333,C5059,45.77,2023-06-03 08:45:30,Electronics
3792,C8812,103.16,2023-06-03 08:47:23,Entertainment
10023,C9004,43.58,2023-06-03 08:47:50,Electronics
9637,C7233,68.78,2023-06-03 08:51:05,Retail
10392,C5674,1000.0,2023-06-03 08:51:50,Restaurant
9295,C1380,45.19,2023-06-03 08:53:48,Entertainment
10521,C7258,58.48,2023-06-03 08:54:01,Electronics
6209,C7987,43.96,2023-06-03 08:54:01,Grocery
4614,C8035,77.54,2023-06-03 08:54:43,Restaurant
7289,C4909,63.63,2023-06-03 08:54:56,Entertainment
2867,C6218,103.2,2023-06-03 08:55:18,Electronics
2005,C3153,83.31,2023-06-03 08:55:34,Restaurant
1066,C9751,58.51,2023-06-03 08:57:11,Electronics
9909,C6245,19.2,2023-06-03 08:58:31,Electronics
10144,C3960,25.47,2023-06-03 08:59:13,Entertainment
8062,C2382,72.54,2023-06-03 09:04:37,Grocery
7939,C1691,65.28,2023-06-03 09:06:01,Restaurant
10953,C8046,120.99,2023-06-03 09:06:37,Restaurant
1231,C4502,35.76,2023-06-03 09:07:00,Electronics
8469,C8055,56.33,2023-06-03 09:07:27,Retail
6190,C9212,68.31,2023-06-03 09:07:34,Restaurant
1525,C6763,77.47,2023-06-03 09:10:07,Retail
8390,C8364,65.99,2023-06-03 09:10:30,Electronics
5559,C4452,72.23,2023-06-03 09:12:42,Grocery
2870,C5902,74.12,2023-06-03 09:12:52,Restaurant
3776,C5489,24.83,2023-06-03 09:13:04,Grocery
3847,C9348,94.11,2023-06-03 09:15:59,Grocery
6449,C1392,48.29,2023-06-03 09:16:04,Entertainment
5107,C5832,58.41,2023-06-03 09:19:16,Entertainment
7468,C5728,53.08,2023-06-03 09:21:05,Entertainment
4583,C2963,1.64,2023-06-03 09:23:01,Electronics
1811,C6403,82.55,2023-06-03 09:24:43,Retail
5506,C6142,88.06,2023-06-03 09:24:46,Restaurant
7164,C2804,10.0,2023-06-03 09:25:07,Retail
9535,C1289,30.58,2023-06-03 09:26:00,Restaurant
9172,C9501,60.55,2023-06-03 09:26:35,Restaurant
4771,C3969,1.86,2023-06-03 09:26:42,Electronics
10435,C4140,19.92,2023-06-03 09:26:45,Grocery
8813,C5990,65.82,2023-06-03 09:26:50,Entertainment
8785,C6311,63.61,2023-06-03 09:28:02,Electronics
4916,C3173,87.08,2023-06-03 09:28:56,Restaurant
6950,C2776,59.06,2023-06-03 09:30:35,Entertainment
3513,C2211,58.57,2023-06-03 09:36:11,Entertainment
10154,C3070,53.0,2023-06-03 09:38:38,Electronics
9198,C3200,0.84,2023-06-03 09:39:02,Grocery
9686,C5281,67.44,2023-06-03 09:39:47,Grocery
8535,C8251,50.56,2023-06-03 09:39:57,Retail
3258,C4328,3786.08,2023-06-03 09:41:14,Entertainment
9113,C4587,73.06,2023-06-03 09:41:14,Entertainment
4166,C5366,72.53,2023-06-03 09:41:29,Retail
3083,C6375,89.19,2023-06-03 09:41:45,Entertainment
1296,C5669,67.57,2023-06-03 09:42:06,Retail
8935,C1849,43.61,2023-06-03 09:43:33,Restaurant
1945,C7141,71.1,2023-06-03 09:44:28,Grocery
1951,C3950,36.89,2023-06-03 09:45:10,Entertainment
1163,C7118,91.31,2023-06-03 09:45:29,Restaurant
2506,C8685,16.43,2023-06-03 09:45:50,Retail
8175,C9049,102.79,2023-06-03 09:46:39,Entertainment
3500,C4434,53.66,2023-06-03 09:47:02,Grocery
10114,C2080,70.26,2023-06-03 09:47:11,Electronics
8491,C2727,74.54,2023-06-03 09:47:34,Retail
7797,C5660,123.95,2023-06-03 09:47:46,Electronics
5387,C3928,50.07,2023-06-03 09:47:52,Grocery
4966,C7025,57.2,2023-06-03 09:48:08,Grocery
2561,C2698,32.86,2023-06-03 09:48:10,Electronics
1882,C9824,42.69,2023-06-03 09:48:20,Retail
1799,C5557,67.72,2023-06-03 09:52:43,Electronics
2035,C3024,88.79,2023-06-03 09:53:23,Restaurant
1690,C4180,3702.02,2023-06-03 09:53:33,Grocery
7747,C5960,80.33,2023-06-03 09:53:40,Retail
3202,C4948,1.0,2023-06-03 09:53:48,Entertainment
3767,C3588,53.91,2023-06-03 09:54:33,Retail
2408,C7171,68.41,2023-06-03 09:54:36,Restaurant
3746,C2037,61.18,2023-06-03 09:55:10,Retail
3420,C5419,83.93,2023-06-03 09:55:55,Retail
6882,C6488,82.03,2023-06-03 09:56:03,Electronics
3129,C6697,29.05,2023-06-03 09:57:41,Grocery
9450,C3514,49.08,2023-06-03 09:58:26,Entertainment
8280,C7033,99.49,2023-06-03 09:59:04,Retail
5854,C2466,49.27,2023-06-03 09:59:13,Electronics
9895,C7476,58.47,2023-06-03 09:59:48,Electronics
3114,C8734,65.3,2023-06-03 10:00:06,Retail
5072,C2154,1.27,2023-06-03 10:00:50,Retail
7449,C1918,55.74,2023-06-03 10:01:42,Electronics
7542,C5749,29.45,2023-06-03 10:03:00,Restaurant
5187,C1305,40.92,2023-06-03 10:03:39,Retail
10564,C2633,77.9,2023-06-03 10:04:54,Electronics
2652,C8273,78.83,2023-06-03 10:05:26,Restaurant
4376,C3067,38.51,2023-06-03 10:06:02,Entertainment
3070,C9609,87.41,2023-06-03 10:06:02,Retail
7690,C8011,64.84,2023-06-03 10:06:28,Grocery
2363,C1672,132.95,2023-06-03 10:08:28,Retail
9512,C2081,70.7,2023-06-03 10:09:03,Entertainment
5232,C6918,114.13,2023-06-03 10:09:35,Retail
6888,C8554,46.28,2023-06-03 10:10:20,Grocery
2678,C8406,65.26,2023-06-03 10:12:20,Electronics
7789,C3560,67.22,2023-06-03 10:13:20,Retail
7703,C2953,65.02,2023-06-03 10:14:06,Retail
4121,C5585,114.25,2023-06-03 10:14:12,Electronics
8133,C8715,36.23,2023-06-03 10:16:17,Restaurant
3912,C2956,59.98,2023-06-03 10:16:55,Electronics
3199,C4012,68.3,2023-06-03 10:20:56,Entertainment
10623,C5617,41.63,2023-06-03 10:21:09,Electronics
9155,C6368,99.82,2023-06-03 10:23:22,Grocery
7593,C3821,49.76,2023-06-03 10:24:52,Entertainment
3476,C8055,26.51,2023-06-03 10:26:04,Restaurant
1596,C4249,55.22,2023-06-03 10:26:13,Electronics
9070,C8794,43.51,2023-06-03 10:29:26,Electronics
4212,C6514,62.42,2023-06-03 10:30:37,Grocery
10778,C3700,56.2,2023-06-03 10:30:44,Electronics
10621,C4678,9067.42,2023-06-03 10:32:01,Retail
9364,C7541,34.56,2023-06-03 10:32:16,Restaurant
4288,C8909,87.11,2023-06-03 10:32:20,Electronics
8152,C3161,61.93,2023-06-03 10:35:08,Electronics
4065,C5984,49.47,2023-06-03 10:35:32,Electronics
9175,C6272,78.55,2023-06-03 10:37:21,Grocery
10285,C6795,79.95,2023-06-03 10:41:02,Entertainment
4241,C6682,81.24,2023-06-03 10:41:15,Entertainment
4629,C1067,19.81,2023-06-03 10:41:33,Grocery
8375,C4127,1.13,2023-06-03 10:41:53,Grocery
1769,C2169,7349.47,2023-06-03 10:41:57,Restaurant
2457,C8564,78.17,2023-06-03 10:42:25,Retail
8233,C1095,0.7,2023-06-03 10:43:06,Retail
8945,C9474,76.05,2023-06-03 10:44:22,Retail
1401,C5173,41.68,2023-06-03 10:44:34,Restaurant
4184,C3876,63.92,2023-06-03 10:45:40,Restaurant
9647,C8688,25.56,2023-06-03 10:45:40,Restaurant
7410,C9948,74.84,2023-06-03 10:46:04,Restaurant
2027,C4696,34.79,2023-06-03 10:46:22,Entertainment
4252,C6742,85.63,2023-06-03 10:47:37,Retail
1129,C9317,55.74,2023-06-03 10:48:22,Retail
7474,C3353,1.81,2023-06-03 10:48:43,Grocery
1152,C3103,93.91,2023-06-03 10:49:46,Retail
3751,C4470,102.23,2023-06-03 10:50:45,Grocery
5216,C3608,122.79,2023-06-03 10:51:06,Grocery
8517,C2396,80.23,2023-06-03 10:51:07,Retail
10535,C3430,109.12,2023-06-03 10:51:27,Retail
2167,C4743,49.11,2023-06-03 10:51:55,Retail
5873,C1349,66.71,2023-06-03 10:52:53,Electronics
4491,C4626,54.36,2023-06-03 10:56:19,Grocery
4600,C6449,57.52,2023-06-03 10:56:19,Restaurant
2166,C8398,26.26,2023-06-03 10:57:11,Restaurant
9496,C8010,53.57,2023-06-03 10:57:41,Grocery
10819,C7400,41.34,2023-06-03 10:58:20,Electronics
9495,C7472,62.54,2023-06-03 11:01:57,Restaurant
1848,C1224,0.16,2023-06-03 11:02:09,Entertainment
9921,C3501,66.98,2023-06-03 11:02:38,Electronics
3494,C2865,89.08,2023-06-03 11:03:52,Electronics
4372,C3832,100.71,2023-06-03 11:05:23,Grocery
4764,C3171,51.79,2023-06-03 11:07:10,Restaurant
4410,C8750,28.08,2023-06-03 11:08:02,Grocery
2326,C4871,123.17,2023-06-03 11:11:45,Electronics
1384,C9785,44.7,2023-06-03 11:12:21,Entertainment
7051,C1818,77.79,2023-06-03 11:12:43,Retail
10120,C3397,10.0,2023-06-03 11:14:35,Grocery
5705,C9835,139.83,2023-06-03 11:16:10,Electronics
1435,C8618,70.01,2023-06-03 11:17:42,Restaurant
8683,C3328,101.02,2023-06-03 11:18:38,Entertainment
10474,C9401,67.79,2023-06-03 11:21:35,Entertainment
6177,C5053,1.06,2023-06-03 11:24:12,Electronics
2931,C5735,104.03,2023-06-03 11:25:17,Entertainment
9823,C5814,24.04,2023-06-03 11:25:40,Entertainment
7591,C9570,40.32,2023-06-03 11:26:38,Retail
8691,C1034,101.73,2023-06-03 11:27:02,Retail
7510,C3938,72.74,2023-06-03 11:28:24,Grocery
3662,C2354,59.24,2023-06-03 11:28:40,Restaurant
3285,C9954,88.44,2023-06-03 11:30:48,Restaurant
8878,C2270,48.16,2023-06-03 11:31:00,Entertainment
8634,C8802,87.29,2023-06-03 11:31:07,Entertainment
7604,C3133,94.39,2023-06-03 11:31:13,Entertainment
9493,C4393,53.55,2023-06-03 11:31:21,Grocery
6584,C6218,10.0,2023-06-03 11:32:34,Electronics
5081,C1276,70.9,2023-06-03 11:33:06,Electronics
3941,C3734,1.1,2023-06-03 11:33:17,Restaurant
8202,C2533,44.52,2023-06-03 11:35:01,Restaurant
5489,C4610,106.64,2023-06-03 11:36:01,Grocery
10348,C4091,20.4,2023-06-03 11:38:41,Electronics
1670,C6419,66.03,2023-06-03 11:39:49,Grocery
9401,C2723,0.88,2023-06-03 11:39:55,Grocery
2741,C5961,41.57,2023-06-03 11:41:29,Restaurant
5040,C8300,76.78,2023-06-03 11:42:31,Restaurant
8959,C1415,49.72,2023-06-03 11:42:39,Grocery
8094,C4121,36.46,2023-06-03 11:43:50,Electronics
10143,C7382,88.12,2023-06-03 11:45:29,Grocery
8222,C7458,81.02,2023-06-03 11:45:49,Entertainment
3890,C2369,63.14,2023-06-03 11:46:24,Restaurant
7043,C9010,83.66,2023-06-03 11:46:51,Entertainment
10209,C9577,1.2,2023-06-03 11:47:52,Grocery
6814,C5699,62.73,2023-06-03 11:48:25,Entertainment
9906,C5643,95.78,2023-06-03 11:48:31,Retail
5694,C1468,36.17,2023-06-03 11:49:15,Restaurant
1399,C7311,92.59,2023-06-03 11:49:35,Retail
1751,C8699,38.81,2023-06-03 11:49:41,Restaurant
10439,C6996,85.56,2023-06-03 11:50:22,Restaurant
10498,C9758,63.15,2023-06-03 11:50:48,Grocery
9358,C5512,88.51,2023-06-03 11:51:09,Grocery
4163,C2640,1000.0,2023-06-03 11:51:48,Retail
9055,C1132,70.08,2023-06-03 11:51:57,Entertainment
1014,C4582,81.26,2023-06-03 11:53:34,Grocery
8623,C6919,60.39,2023-06-03 11:54:05,Electronics
9962,C6934,105.04,2023-06-03 11:54:29,Grocery
4571,C6428,52.18,2023-06-03 11:55:29,Restaurant
9632,C5918,43.55,2023-06-03 11:56:10,Grocery
7710,C6959,85.17,2023-06-03 11:56:50,Restaurant
2938,C5715,81.5,2023-06-03 12:01:31,Grocery
6423,C7779,28.66,2023-06-03 12:01:48,Restaurant
8389,C1321,65.52,2023-06-03 12:01:54,Grocery
4682,C8772,84.05,2023-06-03 12:03:24,Entertainment
10816,C9195,29.01,2023-06-03 12:03:41,Restaurant
4700,C4254,89.55,2023-06-03 12:04:20,Retail
2679,C3828,52.94,2023-06-03 12:07:41,Retail
2272,C6375,68.69,2023-06-03 12:08:58,Retail
3699,C8015,41.63,2023-06-03 12:10:16,Retail
10696,C8764,35.38,2023-06-03 12:11:55,Grocery
7968,C4571,61.15,2023-06-03 12:12:16,Grocery
8693,C9970,50.94,2023-06-03 12:13:19,Grocery
7704,C3348,53.36,2023-06-03 12:13:49,Retail
8976,C5049,4151.72,2023-06-03 12:15:02,Retail
2992,C9116,44.76,2023-06-03 12:15:09,Entertainment
8953,C6181,55.72,2023-06-03 12:15:29,Electronics
5063,C1389,24.88,2023-06-03 12:17:04,Grocery
2857,C1637,10.0,2023-06-03 12:17:29,Restaurant
2335,C9095,72.84,2023-06-03 12:19:01,Entertainment
8621,C9461,103.26,2023-06-03 12:19:04,Grocery
7919,C4907,17.27,2023-06-03 12:21:38,Restaurant
7889,C1304,21.99,2023-06-03 12:22:46,Grocery
7371,C5659,44.82,2023-06-03 12:22:51,Restaurant
9648,C4206,95.5,2023-06-03 12:22:58,Retail
4112,C9128,58.29,2023-06-03 12:24:43,Retail
1298,C8179,44.33,2023-06-03 12:24:44,Electronics
10828,C3460,60.81,2023-06-03 12:24:58,Retail
7249,C5994,53.79,2023-06-03 12:25:49,Retail
3958,C3932,44.36,2023-06-03 12:26:27,Grocery
5468,C9243,54.23,2023-06-03 12:27:28,Restaurant
10035,C3015,31.11,2023-06-03 12:27:38,Electronics
2847,C7114,83.9,2023-06-03 12:28:38,Retail
1166,C8397,77.82,2023-06-03 12:28:55,Retail
10313,C2797,32.59,2023-06-03 12:29:17,Restaurant
2576,C5807,89.5,2023-06-03 12:29:55,Restaurant
5852,C3539,63.79,2023-06-03 12:30:08,Electronics
4672,C2771,27.02,2023-06-03 12:30:12,Entertainment
8155,C9690,53.5,2023-06-03 12:30:41,Entertainment
3917,C9133,44.71,2023-06-03 12:31:36,Entertainment
7854,C9142,1.84,2023-06-03 12:32:49,Grocery
4533,C3456,71.46,2023-06-03 12:35:56,Electronics
8349,C2911,41.24,2023-06-03 12:36:13,Grocery
5739,C4788,53.83,2023-06-03 12:36:14,Electronics
6472,C7488,65.72,2023-06-03 12:39:17,Grocery
7411,C9313,81.45,2023-06-03 12:41:27,Entertainment
8971,C8863,28.2,2023-06-03 12:41:29,Restaurant
8660,C8461,76.36,2023-06-03 12:42:07,Entertainment
3370,C3362,26.16,2023-06-03 12:43:07,Restaurant
4689,C9524,22.89,2023-06-03 12:43:50,Retail
1356,C1406,73.41,2023-06-03 12:45:22,Entertainment
7037,C9791,11.46,2023-06-03 12:45:45,Restaurant
3835,C8035,7925.6,2023-06-03 12:46:50,Restaurant
4973,C2220,57.28,2023-06-03 12:47:19,Restaurant
2664,C9176,52.12,2023-06-03 12:48:40,Electronics
3338,C4700,22.69,2023-06-03 12:49:34,Electronics
6808,C2006,65.43,2023-06-03 12:50:12,Electronics
3168,C9843,43.73,2023-06-03 12:50:48,Grocery
5666,C2311,43.91,2023-06-03 12:51:16,Entertainment
10532,C4796,68.94,2023-06-03 12:52:39,Grocery
4524,C8892,97.98,2023-06-03 12:55:38,Restaurant
1964,C1153,66.08,2023-06-03 12:55:59,Retail
10061,C6127,21.74,2023-06-03 12:56:35,Retail
4518,C1120,72.29,2023-06-03 12:57:37,Electronics
6106,C1396,46.26,2023-06-03 13:00:19,Retail
10380,C5596,63.13,2023-06-03 13:00:54,Entertainment
7902,C8577,43.02,2023-06-03 13:04:05,Grocery
8891,C7069,51.65,2023-06-03 13:04:26,Electronics
10995,C3369,59.43,2023-06-03 13:04:27,Electronics
3192,C9592,0.7,2023-06-03 13:04:33,Restaurant
10570,C1716,42.57,2023-06-03 13:06:16,Electronics
4877,C3018,13.99,2023-06-03 13:06:39,Grocery
3457,C5911,56.78,2023-06-03 13:07:35,Retail
9378,C3869,31.42,2023-06-03 13:07:58,Entertainment
10820,C6830,58.14,2023-06-03 13:10:00,Restaurant
10792,C3666,53.38,2023-06-03 13:11:56,Restaurant
4623,C7112,17.42,2023-06-03 13:12:12,Retail
9394,C2093,63.59,2023-06-03 13:12:55,Grocery
2602,C4060,41.51,2023-06-03 13:15:13,Entertainment
2903,C7765,39.53,2023-06-03 13:15:14,Retail
4116,C3831,84.22,2023-06-03 13:16:10,Grocery
1363,C2771,92.58,2023-06-03 13:16:12,Restaurant
4312,C1062,111.14,2023-06-03 13:17:03,Grocery
8676,C5995,69.23,2023-06-03 13:18:01,Entertainment
9237,C6902,76.36,2023-06-03 13:20:30,Grocery
2289,C8532,76.44,2023-06-03 13:23:23,Restaurant
1580,C3068,36.69,2023-06-03 13:25:51,Entertainment
5100,C8765,17.45,2023-06-03 13:28:36,Restaurant
6975,C9444,65.26,2023-06-03 13:29:15,Entertainment
6322,C9952,24.4,2023-06-03 13:31:15,Restaurant
6786,C5017,26.62,2023-06-03 13:35:21,Retail
5110,C7113,3983.99,2023-06-03 13:35:57,Grocery
2029,C6992,29.39,2023-06-03 13:36:25,Grocery
1342,C6050,22.0,2023-06-03 13:36:34,Grocery
8563,C8310,1000.0,2023-06-03 13:36:50,Restaurant
9937,C7412,68.02,2023-06-03 13:39:18,Electronics
10871,C5843,104.07,2023-06-03 13:39:32,Entertainment
10461,C3711,47.1,2023-06-03 13:42:54,Electronics
5178,C3879,80.33,2023-06-03 13:43:30,Electronics
7553,C6180,53.63,2023-06-03 13:43:44,Retail
8046,C2347,31.99,2023-06-03 13:44:58,Electronics
8853,C4454,47.7,2023-06-03 13:44:58,Restaurant
6381,C2300,68.35,2023-06-03 13:46:04,Grocery
7482,C2449,64.69,2023-06-03 13:46:46,Grocery
8727,C2395,68.06,2023-06-03 13:48:24,Restaurant
9875,C6574,58.59,2023-06-03 13:49:42,Grocery
1104,C3621,94.99,2023-06-03 13:50:11,Grocery
4244,C2453,59.42,2023-06-03 13:50:48,Restaurant
8042,C7564,59.86,2023-06-03 13:51:08,Grocery
10477,C9602,42.04,2023-06-03 13:51:11,Electronics
4534,C9475,50.84,2023-06-03 13:53:58,Restaurant
7303,C7108,84.1,2023-06-03 13:54:41,Entertainment
5766,C5744,1.25,2023-06-03 13:54:55,Retail
5089,C6860,38.83,2023-06-03 13:55:15,Restaurant
8665,C2945,6870.58,2023-06-03 13:59:38,Restaurant
5483,C1448,54.23,2023-06-03 14:01:00,Electronics
2680,C8292,36.52,2023-06-03 14:01:28,Grocery
7898,C1981,50.94,2023-06-03 14:01:54,Restaurant
5421,C9536,48.92,2023-06-03 14:02:32,Retail
7003,C7294,60.4,2023-06-03 14:03:15,Electronics
10632,C3917,75.69,2023-06-03 14:04:49,Electronics
2770,C7809,28.66,2023-06-03 14:07:27,Grocery
1301,C9666,33.2,2023-06-03 14:07:36,Entertainment
7792,C7412,66.51,2023-06-03 14:07:51,Retail
4149,C7363,10.0,2023-06-03 14:08:45,Retail
1875,C5377,16.97,2023-06-03 14:09:29,Restaurant
8399,C8074,86.88,2023-06-03 14:09:32,Retail
1900,C3492,0.6,2023-06-03 14:10:59,Retail
1515,C8633,66.4,2023-06-03 14:11:32,Restaurant
9638,C8596,75.89,2023-06-03 14:11:34,Grocery
5863,C3521,98.21,2023-06-03 14:11:35,Grocery
9516,C2103,35.25,2023-06-03 14:12:01,Restaurant
2971,C2647,39.1,2023-06-03 14:15:29,Grocery
2476,C5469,47.67,2023-06-03 14:15:55,Electronics
8346,C1293,54.83,2023-06-03 14:15:56,Electronics
5409,C3381,98.26,2023-06-03 14:16:01,Electronics
9321,C4260,47.99,2023-06-03 14:16:16,Retail
2636,C3621,2.0,2023-06-03 14:17:12,Electronics
6164,C7237,46.35,2023-06-03 14:18:35,Electronics
9350,C6075,26.84,2023-06-03 14:19:24,Electronics
10811,C6056,74.24,2023-06-03 14:20:13,Entertainment
7178,C3374,31.16,2023-06-03 14:20:22,Electronics
2736,C2292,89.92,2023-06-03 14:22:49,Retail
8397,C1129,90.76,2023-06-03 14:23:18,Restaurant
10942,C1627,47.03,2023-06-03 14:24:32,Restaurant
9798,C9693,54.77,2023-06-03 14:25:47,Restaurant
7989,C6947,42.12,2023-06-03 14:26:47,Restaurant
5329,C3906,68.77,2023-06-03 14:29:08,Restaurant
7863,C4700,69.93,2023-06-03 14:29:56,Entertainment
9066,C4297,78.34,2023-06-03 14:31:38,Restaurant
1210,C4116,81.72,2023-06-03 14:31:47,Grocery
8194,C6841,40.85,2023-06-03 14:32:21,Restaurant
10562,C3249,59.27,2023-06-03 14:32:24,Restaurant
6569,C9720,22.42,2023-06-03 14:32:39,Electronics
5067,C2433,36.58,2023-06-03 14:33:40,Entertainment
10360,C4270,89.68,2023-06-03 14:33:46,Electronics
10105,C1424,37.78,2023-06-03 14:33:49,Electronics
2080,C2627,40.4,2023-06-03 14:33:49,Entertainment
4711,C9132,10859.18,2023-06-03 14:35:31,Entertainment
3309,C1108,0.93,2023-06-03 14:35:44,Entertainment
6300,C7347,56.0,2023-06-03 14:36:16,Restaurant
3920,C9474,35.54,2023-06-03 14:37:43,Electronics
8498,C8233,24.83,2023-06-03 14:38:09,Grocery
1545,C1441,40.32,2023-06-03 14:40:47,Entertainment
10522,C5216,64.23,2023-06-03 14:41:35,Restaurant
3245,C7236,71.87,2023-06-03 14:42:12,Retail
1946,C8056,112.12,2023-06-03 14:44:16,Grocery
2249,C7785,37.11,2023-06-03 14:44:40,Electronics
10575,C3336,62.49,2023-06-03 14:45:06,Electronics
5843,C1246,8665.41,2023-06-03 14:45:34,Electronics
1312,C4450,31.11,2023-06-03 14:45:54,Retail
4673,C1323,83.65,2023-06-03 14:48:16,Electronics
10408,C6907,43.25,2023-06-03 14:48:52,Grocery
2248,C8242,47.41,2023-06-03 14:50:03,Entertainment
9114,C5292,72.73,2023-06-03 14:53:22,Retail
4278,C2715,49.41,2023-06-03 14:54:04,Restaurant
5607,C7527,68.11,2023-06-03 14:55:32,Electronics
6287,C9784,36.98,2023-06-03 14:55:40,Grocery
10332,C8027,58.41,2023-06-03 14:55:41,Restaurant
9393,C5782,58.44,2023-06-03 14:55:55,Entertainment
6977,C8833,38.35,2023-06-03 14:57:02,Retail
2262,C4612,56.25,2023-06-03 14:57:23,Entertainment
8768,C5187,10416.25,2023-06-03 14:59:50,Entertainment
9446,C3759,7238.07,2023-06-03 14:59:58,Entertainment
2708,C9612,53.63,2023-06-03 14:59:59,Electronics
4744,C3267,49.14,2023-06-03 15:00:45,Electronics
1219,C2235,59.9,2023-06-03 15:01:15,Retail
6781,C8617,1.67,2023-06-03 15:05:10,Electronics
8291,C9115,84.54,2023-06-03 15:05:16,Restaurant
6861,C9724,103.7,2023-06-03 15:06:54,Entertainment
2754,C4453,64.89,2023-06-03 15:07:20,Entertainment
1554,C5262,9772.39,2023-06-03 15:09:31,Electronics
2942,C7464,19.66,2023-06-03 15:10:10,Grocery
4863,C7704,10.0,2023-06-03 15:10:15,Retail
9959,C4573,0.68,2023-06-03 15:12:50,Restaurant
5191,C4485,39.44,2023-06-03 15:14:36,Grocery
6148,C1984,68.94,2023-06-03 15:16:07,Electronics
1235,C7209,77.74,2023-06-03 15:18:04,Restaurant
9511,C4606,64.62,2023-06-03 15:18:45,Entertainment
1618,C8135,68.11,2023-06-03 15:18:58,Entertainment
6408,C2525,80.39,2023-06-03 15:19:11,Entertainment
5085,C1096,33.23,2023-06-03 15:19:42,Grocery
5203,C8613,68.69,2023-06-03 15:21:40,Retail
10786,C2274,58.72,2023-06-03 15:22:02,Entertainment
7744,C7269,66.09,2023-06-03 15:22:12,Grocery
3260,C6126,88.19,2023-06-03 15:24:17,Restaurant
2994,C5742,55.71,2023-06-03 15:25:29,Grocery
9226,C2350,89.19,2023-06-03 15:26:00,Restaurant
5645,C2296,25.02,2023-06-03 15:26:16,Grocery
9859,C2481,67.63,2023-06-03 15:26:30,Grocery
8394,C7418,5471.44,2023-06-03 15:26:53,Electronics
10741,C8274,33.6,2023-06-03 15:28:38,Entertainment
1657,C8342,77.52,2023-06-03 15:29:13,Entertainment
5528,C9871,10.0,2023-06-03 15:29:53,Electronics
10556,C7986,44.03,2023-06-03 15:32:15,Restaurant
2860,C8761,22.65,2023-06-03 15:32:31,Restaurant
6539,C6084,40.44,2023-06-03 15:38:03,Retail
9376,C5873,85.75,2023-06-03 15:38:15,Retail
1131,C3504,20.73,2023-06-03 15:39:03,Restaurant
8748,C1737,53.18,2023-06-03 15:40:39,Grocery
3460,C6916,46.67,2023-06-03 15:40:44,Restaurant
9997,C2910,10.31,2023-06-03 15:43:05,Retail
7125,C4592,70.24,2023-06-03 15:46:36,Grocery
5512,C9175,119.23,2023-06-03 15:46:47,Electronics
5573,C4013,42.15,2023-06-03 15:52:07,Grocery
5729,C5698,73.49,2023-06-03 15:53:04,Electronics
7786,C9837,50.54,2023-06-03 15:53:40,Grocery
4304,C4891,70.91,2023-06-03 15:53:53,Entertainment
5514,C4847,37.66,2023-06-03 15:54:09,Retail
2303,C2443,64.44,2023-06-03 15:55:45,Restaurant
8383,C2908,102.31,2023-06-03 15:57:16,Restaurant
5121,C4441,64.04,2023-06-03 15:57:24,Entertainment
8340,C4032,18.14,2023-06-03 16:00:09,Entertainment
6993,C2485,25.85,2023-06-03 16:00:49,Restaurant
10789,C1459,68.32,2023-06-03 16:02:46,Restaurant
1977,C4263,9174.37,2023-06-03 16:04:17,Grocery
1691,C5853,89.89,2023-06-03 16:05:56,Restaurant
8206,C3757,0.44,2023-06-03 16:06:41,Grocery
7486,C7791,30.48,2023-06-03 16:07:32,Grocery
1046,C6925,24.09,2023-06-03 16:10:27,Restaurant
5587,C5422,36.36,2023-06-03 16:10:45,Entertainment
1703,C3068,67.41,2023-06-03 16:12:00,Retail
10361,C2489,13.7,2023-06-03 16:12:51,Electronics
7907,C8133,72.85,2023-06-03 16:13:47,Grocery
1577,C1333,17.44,2023-06-03 16:13:56,Entertainment
3387,C4803,58.07,2023-06-03 16:14:20,Grocery
10327,C8867,56.32,2023-06-03 16:16:37,Retail
3266,C5272,94.22,2023-06-03 16:16:44,Entertainment
10406,C3134,33.0,2023-06-03 16:18:45,Grocery
10640,C5702,33.95,2023-06-03 16:18:46,Restaurant
8957,C6483,85.54,2023-06-03 16:19:04,Entertainment
9626,C3553,62.54,2023-06-03 16:19:26,Retail
4971,C8353,16.51,2023-06-03 16:20:49,Entertainment
8402,C5764,47.93,2023-06-03 16:21:17,Electronics
4796,C7305,97.4,2023-06-03 16:22:12,Entertainment
7848,C6563,1.27,2023-06-03 16:24:48,Grocery
9319,C1439,36.22,2023-06-03 16:25:10,Electronics
7549,C2548,41.28,2023-06-03 16:25:28,Restaurant
3118,C3948,38.9,2023-06-03 16:25:56,Grocery
7374,C3634,32.34,2023-06-03 16:27:02,Grocery
2017,C5465,107.19,2023-06-03 16:30:06,Retail
7276,C1844,4030.77,2023-06-03 16:32:45,Entertainment
10111,C2802,44.38,2023-06-03 16:33:34,Retail
2891,C9589,10.0,2023-06-03 16:36:26,Entertainment
2360,C9307,59.4,2023-06-03 16:36:36,Retail
4959,C6122,77.23,2023-06-03 16:42:58,Restaurant
2871,C6511,48.82,2023-06-03 16:43:26,Entertainment
9049,C3415,84.89,2023-06-03 16:43:27,Grocery
6059,C4617,95.49,2023-06-03 16:43:52,Restaurant
2265,C1125,67.34,2023-06-03 16:44:41,Entertainment
7872,C4436,111.56,2023-06-03 16:45:21,Electronics
9539,C4808,50.87,2023-06-03 16:45:23,Retail
5258,C8898,38.99,2023-06-03 16:46:38,Restaurant
4888,C9328,49.09,2023-06-03 16:46:47,Electronics
5953,C9667,90.94,2023-06-03 16:47:38,Retail
1687,C9595,10.0,2023-06-03 16:48:07,Entertainment
4357,C9561,118.73,2023-06-03 16:48:56,Entertainment
1214,C7912,55.75,2023-06-03 16:49:42,Retail
4474,C4963,10.0,2023-06-03 16:50:07,Entertainment
9039,C1722,25.01,2023-06-03 16:53:35,Entertainment
9618,C7524,11080.45,2023-06-03 16:55:10,Grocery
4883,C1071,4145.63,2023-06-03 16:55:59,Retail
5478,C8923,31.92,2023-06-03 16:56:04,Grocery
2529,C9782,28.59,2023-06-03 16:57:07,Grocery
2672,C5678,80.51,2023-06-03 16:57:53,Restaurant
2511,C5193,106.35,2023-06-03 16:57:58,Electronics
3621,C3194,56.95,2023-06-03 16:59:26,Entertainment
7311,C9714,79.95,2023-06-03 17:02:11,Electronics
9964,C3418,88.58,2023-06-03 17:03:24,Grocery
9357,C8519,61.11,2023-06-03 17:03:51,Retail
2376,C3827,41.14,2023-06-03 17:03:52,Grocery
1591,C2771,72.61,2023-06-03 17:04:41,Grocery
10850,C5765,90.01,2023-06-03 17:07:28,Restaurant
3351,C9189,90.53,2023-06-03 17:08:52,Grocery
2429,C2657,37.59,2023-06-03 17:10:09,Restaurant
3688,C5877,55.79,2023-06-03 17:11:49,Electronics
7199,C7852,102.68,2023-06-03 17:13:23,Grocery
1396,C8149,54.86,2023-06-03 17:13:31,Retail
7626,C3028,67.81,2023-06-03 17:14:31,Restaurant
2824,C1133,36.23,2023-06-03 17:16:30,Retail
1211,C9786,71.56,2023-06-03 17:16:42,Electronics
2587,C5150,71.41,2023-06-03 17:17:14,Restaurant
6625,C3354,47.43,2023-06-03 17:18:41,Retail
5122,C6633,66.55,2023-06-03 17:18:43,Restaurant
10582,C4314,0.29,2023-06-03 17:20:03,Entertainment
6965,C9154,0.65,2023-06-03 17:20:22,Retail
5139,C2103,61.85,2023-06-03 17:20:45,Electronics
5262,C8207,44.97,2023-06-03 17:20:55,Restaurant
6998,C8530,45.61,2023-06-03 17:21:20,Entertainment
7446,C9035,67.7,2023-06-03 17:22:07,Retail
8986,C8184,40.68,2023-06-03 17:22:09,Electronics
10194,C9437,89.55,2023-06-03 17:22:14,Entertainment
2047,C2035,47.63,2023-06-03 17:23:28,Electronics
8458,C1770,66.13,2023-06-03 17:25:26,Entertainment
2087,C4109,45.54,2023-06-03 17:29:41,Electronics
9467,C1797,96.09,2023-06-03 17:29:58,Retail
2640,C1570,33.31,2023-06-03 17:30:23,Restaurant
3838,C5059,46.06,2023-06-03 17:31:38,Restaurant
10654,C8318,39.41,2023-06-03 17:32:02,Electronics
6544,C3174,83.2,2023-06-03 17:32:28,Electronics
2865,C3290,90.06,2023-06-03 17:33:39,Grocery
5774,C1317,81.02,2023-06-03 17:36:58,Retail
9466,C1076,4245.34,2023-06-03 17:38:21,Retail
5078,C7626,80.87,2023-06-03 17:38:57,Grocery
2745,C3762,58.01,2023-06-03 17:40:53,Restaurant
8867,C3190,44.72,2023-06-03 17:41:06,Entertainment
4747,C6857,43.71,2023-06-03 17:42:48,Electronics
3423,C2430,44.27,2023-06-03 17:43:11,Entertainment
5502,C6603,63.16,2023-06-03 17:45:23,Grocery
7026,C1268,56.65,2023-06-03 17:49:52,Grocery
8119,C8682,43.07,2023-06-03 17:50:47,Entertainment
5249,C9465,0.96,2023-06-03 17:51:06,Grocery
8524,C9677,84.31,2023-06-03 17:51:29,Entertainment
9344,C8835,64.2,2023-06-03 17:52:10,Restaurant
3136,C4648,7588.26,2023-06-03 17:52:57,Entertainment
9612,C8344,38.28,2023-06-03 17:53:44,Entertainment
1155,C5342,90.96,2023-06-03 17:53:55,Electronics
7693,C8793,45.08,2023-06-03 17:56:56,Restaurant
6402,C3643,10.0,2023-06-03 17:59:21,Entertainment
5364,C1116,53.08,2023-06-03 18:00:01,Retail
3968,C7108,9627.64,2023-06-03 18:00:20,Restaurant
10709,C4679,5807.92,2023-06-03 18:00:52,Electronics
7513,C1466,77.2,2023-06-03 18:01:47,Electronics
8686,C5999,50.77,2023-06-03 18:02:27,Retail
8711,C6328,104.68,2023-06-03 18:02:32,Electronics
8322,C9248,77.83,2023-06-03 18:02:36,Entertainment
7088,C7162,89.59,2023-06-03 18:04:56,Grocery
3526,C5067,10.0,2023-06-03 18:06:18,Electronics
8951,C9723,60.18,2023-06-03 18:06:44,Entertainment
2798,C3616,8585.53,2023-06-03 18:07:44,Electronics
10855,C4917,59.55,2023-06-03 18:11:10,Retail
3280,C8550,65.9,2023-06-03 18:12:40,Grocery
5098,C7473,42.33,2023-06-03 18:12:52,Grocery
1421,C3085,84.19,2023-06-03 18:13:48,Entertainment
10463,C9344,36.0,2023-06-03 18:14:21,Entertainment
3128,C3178,58.63,2023-06-03 18:14:28,Entertainment
3720,C3078,59.44,2023-06-03 18:15:17,Restaurant
7836,C1364,54.61,2023-06-03 18:15:48,Entertainment
9710,C2456,24.54,2023-06-03 18:19:35,Electronics
8220,C5657,58.23,2023-06-03 18:21:02,Retail
3557,C6110,50.61,2023-06-03 18:21:59,Retail
4391,C9514,69.71,2023-06-03 18:22:55,Restaurant
9573,C6615,87.97,2023-06-03 18:23:27,Grocery
1950,C7751,4078.85,2023-06-03 18:23:45,Retail
10558,C8455,71.56,2023-06-03 18:24:43,Restaurant
3060,C3509,24.68,2023-06-03 18:24:54,Electronics
3648,C6882,81.99,2023-06-03 18:25:29,Retail
7279,C6989,74.02,2023-06-03 18:25:30,Restaurant
9334,C1180,37.62,2023-06-03 18:26:07,Entertainment
9065,C4282,69.28,2023-06-03 18:26:28,Restaurant
9457,C4541,57.79,2023-06-03 18:26:40,Grocery
8837,C7228,36.84,2023-06-03 18:27:28,Retail
4757,C8479,57.15,2023-06-03 18:27:39,Entertainment
1535,C8140,31.21,2023-06-03 18:27:46,Electronics
6382,C1107,60.6,2023-06-03 18:28:17,Restaurant
4780,C8220,34.8,2023-06-03 18:28:18,Retail
6068,C5747,80.21,2023-06-03 18:28:25,Retail
9022,C6377,49.77,2023-06-03 18:29:00,Entertainment
7972,C4507,63.14,2023-06-03 18:29:47,Restaurant
8091,C2941,56.15,2023-06-03 18:30:21,Grocery
7646,C4138,57.99,2023-06-03 18:30:57,Electronics
3744,C8511,65.46,2023-06-03 18:32:26,Restaurant
9530,C3872,57.58,2023-06-03 18:36:03,Entertainment
1320,C2512,39.68,2023-06-03 18:37:22,Retail
10999,C3465,29.17,2023-06-03 18:38:36,Grocery
7647,C5617,52.45,2023-06-03 18:39:28,Electronics
1738,C2625,55.24,2023-06-03 18:40:01,Retail
10038,C4378,2463.34,2023-06-03 18:41:02,Entertainment
6420,C5496,38.47,2023-06-03 18:41:23,Retail
9117,C5029,43.75,2023-06-03 18:41:58,Grocery
2236,C6105,90.77,2023-06-03 18:43:45,Entertainment
10457,C9110,59.4,2023-06-03 18:44:47,Entertainment
7158,C8287,76.04,2023-06-03 18:45:53,Retail
10432,C3517,94.99,2023-06-03 18:47:07,Grocery
2646,C7272,5593.03,2023-06-03 18:48:36,Retail
7901,C6968,45.95,2023-06-03 18:48:42,Entertainment
8381,C7912,90.52,2023-06-03 18:50:26,Electronics
3221,C9775,60.89,2023-06-03 18:50:46,Electronics
9939,C2176,32.96,2023-06-03 18:51:03,Retail
5554,C9490,90.94,2023-06-03 18:51:26,Grocery
3822,C8210,57.62,2023-06-03 18:51:49,Entertainment
9851,C5593,92.78,2023-06-03 18:52:43,Electronics
5046,C9419,73.9,2023-06-03 18:53:06,Restaurant
9471,C7138,10.0,2023-06-03 18:53:37,Electronics
10597,C1347,58.41,2023-06-03 18:53:49,Grocery
9550,C1981,74.81,2023-06-03 18:54:19,Entertainment
3105,C4570,23.22,2023-06-03 18:55:44,Entertainment
10006,C2549,81.56,2023-06-03 18:55:47,Retail
4912,C4291,10.0,2023-06-03 18:56:41,Restaurant
5467,C2185,60.61,2023-06-03 18:56:45,Entertainment
8828,C1016,0.65,2023-06-03 18:58:19,Retail
6375,C4897,31.57,2023-06-03 18:59:00,Entertainment
10149,C3090,1.65,2023-06-03 18:59:28,Entertainment
6678,C3886,59.29,2023-06-03 19:02:01,Grocery
5842,C6316,79.27,2023-06-03 19:03:10,Grocery
2886,C5350,67.67,2023-06-03 19:04:16,Electronics
10222,C7115,59.44,2023-06-03 19:04:37,Grocery
5149,C5671,57.54,2023-06-03 19:05:16,Restaurant
2148,C2323,10.0,2023-06-03 19:06:15,Grocery
10677,C9144,84.9,2023-06-03 19:06:31,Restaurant
9772,C1118,60.53,2023-06-03 19:09:43,Grocery
3904,C5005,94.58,2023-06-03 19:10:30,Restaurant
7962,C3003,87.59,2023-06-03 19:11:13,Entertainment
1730,C9561,83.79,2023-06-03 19:12:44,Retail
5159,C6182,41.6,2023-06-03 19:13:02,Restaurant
9842,C4467,69.84,2023-06-03 19:13:16,Electronics
3336,C8520,88.72,2023-06-03 19:13:59,Grocery
7031,C1701,27.52,2023-06-03 19:14:31,Restaurant
8630,C2511,66.79,2023-06-03 19:16:59,Electronics
9411,C8572,49.65,2023-06-03 19:17:24,Retail
9872,C2436,76.74,2023-06-03 19:18:00,Entertainment
7040,C2180,42.74,2023-06-03 19:19:00,Entertainment
10873,C2116,43.36,2023-06-03 19:19:34,Entertainment
1776,C8679,24.18,2023-06-03 19:21:30,Entertainment
3659,C8272,62.77,2023-06-03 19:21:54,Restaurant
10042,C1573,65.02,2023-06-03 19:22:29,Retail
6057,C6354,63.41,2023-06-03 19:24:40,Grocery
10075,C3198,70.37,2023-06-03 19:24:56,Electronics
5797,C8597,63.52,2023-06-03 19:25:20,Entertainment
10255,C1145,34.51,2023-06-03 19:30:06,Restaurant
2620,C6021,68.99,2023-06-03 19:30:35,Retail
6383,C5009,43.43,2023-06-03 19:31:41,Retail
4949,C2679,47.9,2023-06-03 19:32:01,Electronics
5048,C2572,62.61,2023-06-03 19:32:37,Retail
10060,C9035,0.52,2023-06-03 19:33:08,Restaurant
3300,C1149,0.52,2023-06-03 19:34:47,Entertainment
8142,C7076,72.7,2023-06-03 19:36:04,Electronics
9105,C4185,10.0,2023-06-03 19:37:39,Retail
9591,C3318,19.81,2023-06-03 19:38:17,Electronics
4129,C8848,66.09,2023-06-03 19:38:22,Grocery
5114,C1684,66.37,2023-06-03 19:38:27,Electronics
10601,C5861,82.34,2023-06-03 19:39:27,Electronics
4922,C6771,65.64,2023-06-03 19:43:24,Electronics
6393,C3381,89.08,2023-06-03 19:44:51,Retail
9609,C5079,76.05,2023-06-03 19:46:00,Grocery
2902,C3481,31.98,2023-06-03 19:46:17,Entertainment
3031,C6301,31.26,2023-06-03 19:46:23,Grocery
9349,C4369,69.1,2023-06-03 19:46:34,Entertainment
5761,C7765,71.61,2023-06-03 19:47:40,Retail
5540,C4638,38.29,2023-06-03 19:47:48,Restaurant
6158,C6901,50.35,2023-06-03 19:47:53,Grocery
1528,C7865,33.66,2023-06-03 19:48:06,Electronics
5806,C9899,64.24,2023-06-03 19:50:06,Restaurant
7505,C5917,32.15,2023-06-03 19:52:15,Restaurant
1101,C1771,98.2,2023-06-03 19:52:56,Grocery
6487,C8577,62.66,2023-06-03 19:53:55,Electronics
5699,C8654,50.32,2023-06-03 19:54:28,Restaurant
8931,C5143,94.14,2023-06-03 19:54:39,Electronics
9063,C6633,57.26,2023-06-03 19:56:11,Retail
2622,C7981,98.51,2023-06-03 19:56:34,Retail
7817,C4844,86.26,2023-06-03 19:56:40,Entertainment
4188,C1920,44.79,2023-06-03 19:57:14,Grocery
7155,C2901,53.77,2023-06-03 19:58:18,Electronics
2486,C7797,81.64,2023-06-03 19:58:20,Grocery
6389,C3429,58.57,2023-06-03 19:58:45,Restaurant
8723,C3713,93.42,2023-06-03 19:59:14,Retail
1362,C3608,1.43,2023-06-03 20:01:02,Retail
3481,C8848,67.68,2023-06-03 20:01:49,Entertainment
4404,C9775,72.78,2023-06-03 20:01:58,Entertainment
6577,C2875,99.24,2023-06-03 20:02:43,Electronics
4684,C4366,26.32,2023-06-03 20:03:57,Retail
7171,C7152,79.42,2023-06-03 20:04:03,Restaurant
5481,C8517,67.45,2023-06-03 20:12:26,Retail
3758,C3139,41.37,2023-06-03 20:14:37,Entertainment
9292,C9808,81.59,2023-06-03 20:14:55,Grocery
2880,C6427,82.09,2023-06-03 20:15:13,Restaurant
3146,C5055,64.81,2023-06-03 20:15:30,Electronics
1400,C4114,77.47,2023-06-03 20:15:33,Grocery
3541,C8303,99.35,2023-06-03 20:15:57,Retail
7514,C2955,43.7,2023-06-03 20:16:12,Electronics
9899,C6176,100.98,2023-06-03 20:17:05,Electronics
1193,C7669,115.36,2023-06-03 20:18:45,Restaurant
2596,C7029,97.45,2023-06-03 20:19:43,Electronics
1280,C8491,61.5,2023-06-03 20:19:46,Electronics
10783,C5422,101.53,2023-06-03 20:20:13,Entertainment
5983,C8258,38.58,2023-06-03 20:20:54,Retail
3179,C3347,51.39,2023-06-03 20:21:26,Electronics
5583,C3947,111.71,2023-06-03 20:29:52,Grocery
2224,C2140,62.1,2023-06-03 20:32:21,Grocery
7072,C1746,51.93,2023-06-03 20:32:23,Grocery
2545,C9618,5157.12,2023-06-03 20:33:12,Grocery
2815,C4524,7242.64,2023-06-03 20:34:06,Grocery
4880,C9260,56.07,2023-06-03 20:34:14,Electronics
4597,C3954,79.87,2023-06-03 20:34:37,Entertainment
7008,C6886,64.42,2023-06-03 20:34:58,Electronics
7418,C6549,74.1,2023-06-03 20:35:27,Restaurant
4545,C7628,114.84,2023-06-03 20:38:24,Retail
3229,C4555,48.84,2023-06-03 20:38:31,Restaurant
3715,C2560,105.74,2023-06-03 20:39:07,Entertainment
8209,C4479,89.08,2023-06-03 20:40:07,Grocery
9707,C7271,44.69,2023-06-03 20:41:21,Electronics
6313,C1893,90.16,2023-06-03 20:42:35,Electronics
1223,C9856,84.5,2023-06-03 20:43:34,Electronics
4396,C2843,9302.53,2023-06-03 20:43:43,Electronics
6722,C7459,63.49,2023-06-03 20:44:21,Grocery
9436,C5573,23.84,2023-06-03 20:45:23,Electronics
4797,C3435,60.86,2023-06-03 20:45:50,Grocery
1311,C5616,10.0,2023-06-03 20:46:36,Entertainment
6618,C2593,67.03,2023-06-03 20:47:16,Electronics
7469,C3683,0.75,2023-06-03 20:48:27,Electronics
10837,C2290,0.67,2023-06-03 20:48:47,Entertainment
2165,C8046,1.08,2023-06-03 20:49:32,Entertainment
8176,C3478,1.56,2023-06-03 20:50:45,Entertainment
1756,C5632,62.84,2023-06-03 20:51:43,Electronics
5833,C8884,57.27,2023-06-03 20:51:43,Grocery
10283,C3651,93.22,2023-06-03 20:51:47,Restaurant
1436,C8238,51.42,2023-06-03 20:51:49,Retail
1098,C9348,25.42,2023-06-03 20:52:04,Entertainment
5544,C7933,72.34,2023-06-03 20:52:05,Retail
5987,C7090,91.39,2023-06-03 20:54:35,Electronics
5933,C1521,68.14,2023-06-03 20:56:20,Entertainment
3562,C8912,76.14,2023-06-03 20:57:02,Electronics
6846,C4898,80.68,2023-06-03 20:57:59,Restaurant
1072,C4598,23.24,2023-06-03 20:58:28,Electronics
10649,C3435,87.09,2023-06-03 20:59:43,Entertainment
3856,C4949,104.12,2023-06-03 21:01:05,Entertainment
9134,C7100,50.29,2023-06-03 21:01:41,Grocery
3388,C2245,24.22,2023-06-03 21:03:23,Electronics
4564,C6499,64.95,2023-06-03 21:03:23,Electronics
1198,C6804,91.8,2023-06-03 21:04:10,Retail
9371,C1640,72.74,2023-06-03 21:04:44,Grocery
8967,C6092,82.08,2023-06-03 21:05:04,Restaurant
8475,C5224,44.25,2023-06-03 21:05:09,Restaurant
9072,C6425,106.31,2023-06-03 21:06:05,Retail
9664,C7697,89.1,2023-06-03 21:08:44,Restaurant
2154,C9984,40.97,2023-06-03 21:09:37,Restaurant
3081,C3455,2066.18,2023-06-03 21:10:44,Entertainment
4976,C9418,44.79,2023-06-03 21:11:07,Retail
7019,C7369,49.83,2023-06-03 21:15:37,Restaurant
1035,C2584,68.45,2023-06-03 21:16:19,Retail
1432,C4443,1996.97,2023-06-03 21:17:05,Retail
5291,C1642,4250.32,2023-06-03 21:17:29,Entertainment
10010,C8105,53.78,2023-06-03 21:21:38,Retail
6127,C5999,49.33,2023-06-03 21:24:19,Electronics
8405,C7548,34.31,2023-06-03 21:24:33,Retail
2771,C8933,0.85,2023-06-03 21:25:00,Grocery
6315,C3330,78.47,2023-06-03 21:29:03,Grocery
10488,C4902,10.0,2023-06-03 21:30:35,Electronics
1216,C5563,41.55,2023-06-03 21:33:46,Entertainment
6416,C5797,41.14,2023-06-03 21:34:54,Electronics
6466,C9301,54.06,2023-06-03 21:37:00,Electronics
8692,C3004,8757.04,2023-06-03 21:38:50,Retail
10260,C2388,2232.95,2023-06-03 21:39:06,Retail
4407,C5327,76.06,2023-06-03 21:39:13,Restaurant
2442,C1715,16.23,2023-06-03 21:39:24,Restaurant
6640,C8556,98.85,2023-06-03 21:40:15,Entertainment
8877,C2329,79.6,2023-06-03 21:40:41,Electronics
7443,C9385,38.0,2023-06-03 21:40:43,Electronics
8648,C7830,43.11,2023-06-03 21:41:26,Grocery
10579,C9886,53.46,2023-06-03 21:42:01,Entertainment
3540,C4621,85.9,2023-06-03 21:42:38,Retail
10714,C7184,53.1,2023-06-03 21:42:44,Retail
9829,C3094,58.55,2023-06-03 21:43:07,Restaurant
3067,C4578,94.34,2023-06-03 21:43:58,Entertainment
1019,C9928,53.84,2023-06-03 21:44:43,Grocery
2406,C2388,34.6,2023-06-03 21:45:59,Grocery
10775,C6131,70.56,2023-06-03 21:46:51,Entertainment
10336,C4061,10.0,2023-06-03 21:48:49,Grocery
9142,C4107,61.75,2023-06-03 21:49:02,Restaurant
7988,C3374,43.97,2023-06-03 21:49:20,Restaurant
6018,C8542,58.87,2023-06-03 21:50:15,Electronics
8240,C1797,49.92,2023-06-03 21:50:22,Entertainment
5979,C9268,40.73,2023-06-03 21:52:10,Retail
8279,C7922,54.86,2023-06-03 21:52:20,Restaurant
8789,C1849,50.96,2023-06-03 21:52:32,Entertainment
5609,C3676,91.36,2023-06-03 21:55:18,Entertainment
5490,C4767,61.15,2023-06-03 21:55:57,Retail
4873,C6536,86.79,2023-06-03 21:56:34,Restaurant
2732,C4694,75.49,2023-06-03 21:57:23,Retail
4032,C3141,46.07,2023-06-03 21:57:51,Entertainment
6339,C2870,115.24,2023-06-03 22:00:04,Restaurant
1108,C7252,79.58,2023-06-03 22:00:45,Retail
10887,C8999,79.23,2023-06-03 22:00:46,Grocery
10905,C1934,67.82,2023-06-03 22:03:01,Electronics
5952,C5355,65.89,2023-06-03 22:05:33,Entertainment
4559,C2599,9481.13,2023-06-03 22:05:42,Electronics
4290,C8066,8097.17,2023-06-03 22:05:42,Restaurant
4388,C7510,108.53,2023-06-03 22:05:43,Entertainment
8862,C6597,77.14,2023-06-03 22:05:59,Retail
9684,C1462,83.21,2023-06-03 22:07:19,Grocery
9001,C8075,19.62,2023-06-03 22:08:08,Electronics
2617,C2311,69.82,2023-06-03 22:09:23,Restaurant
8278,C2478,0.88,2023-06-03 22:13:11,Grocery
7317,C4085,55.52,2023-06-03 22:14:40,Grocery
2603,C9129,69.72,2023-06-03 22:14:58,Retail
1197,C8062,85.29,2023-06-03 22:15:10,Entertainment
3814,C3246,74.57,2023-06-03 22:15:50,Retail
5458,C4187,76.95,2023-06-03 22:16:21,Retail
10822,C2595,75.88,2023-06-03 22:16:50,Grocery
6348,C7235,67.0,2023-06-03 22:21:08,Restaurant
9833,C9990,68.93,2023-06-03 22:22:19,Entertainment
5396,C4764,65.35,2023-06-03 22:22:37,Restaurant
6084,C3209,74.35,2023-06-03 22:25:26,Electronics
6309,C8558,49.58,2023-06-03 22:25:37,Retail
9092,C4363,54.6,2023-06-03 22:25:59,Entertainment
7684,C8486,29.01,2023-06-03 22:26:57,Retail
2813,C8491,76.49,2023-06-03 22:27:01,Restaurant
6572,C2927,75.42,2023-06-03 22:28:00,Entertainment
1749,C7693,75.15,2023-06-03 22:28:16,Grocery
4383,C5225,57.19,2023-06-03 22:28:43,Grocery
5674,C9985,75.35,2023-06-03 22:29:42,Restaurant
2778,C6658,77.91,2023-06-03 22:30:55,Electronics
10814,C5626,69.84,2023-06-03 22:31:02,Electronics
6528,C2517,113.11,2023-06-03 22:34:40,Retail
9000,C5939,25.43,2023-06-03 22:34:49,Restaurant
9800,C5072,7013.81,2023-06-03 22:35:12,Restaurant
4895,C9259,47.08,2023-06-03 22:35:26,Grocery
2194,C7929,51.96,2023-06-03 22:35:42,Retail
6082,C8118,93.54,2023-06-03 22:36:28,Restaurant
9442,C5819,63.7,2023-06-03 22:37:30,Restaurant
4156,C5602,88.98,2023-06-03 22:37:46,Retail
6312,C5823,70.44,2023-06-03 22:38:31,Retail
7248,C8860,29.27,2023-06-03 22:39:27,Restaurant
9683,C6921,30.74,2023-06-03 22:42:36,Electronics
4428,C6094,48.33,2023-06-03 22:43:08,Entertainment
5783,C3048,41.03,2023-06-03 22:43:57,Electronics
4507,C7943,111.45,2023-06-03 22:44:09,Retail
2297,C7636,57.68,2023-06-03 22:44:41,Grocery
10669,C7944,32.54,2023-06-03 22:44:55,Retail
6967,C1014,49.08,2023-06-03 22:49:01,Entertainment
3275,C9180,68.0,2023-06-03 22:49:35,Restaurant
8264,C8083,49.7,2023-06-03 22:49:51,Restaurant
4516,C7506,85.54,2023-06-03 22:50:38,Electronics
5254,C7649,41.2,2023-06-03 22:50:50,Restaurant
7398,C3663,95.27,2023-06-03 22:51:36,Entertainment
9404,C7719,31.86,2023-06-03 22:53:18,Grocery
9528,C3177,35.16,2023-06-03 22:53:42,Entertainment
10555,C2180,62.05,2023-06-03 22:56:33,Grocery
7739,C1865,67.69,2023-06-03 22:57:05,Entertainment
5834,C5895,5859.16,2023-06-03 22:59:34,Restaurant
4408,C7275,103.61,2023-06-03 23:00:13,Entertainment
9957,C3372,64.72,2023-06-03 23:00:49,Entertainment
2306,C4986,44.18,2023-06-03 23:01:45,Grocery
1372,C4728,62.33,2023-06-03 23:02:06,Electronics
8147,C3783,93.82,2023-06-03 23:02:10,Restaurant
1840,C5719,62.03,2023-06-03 23:02:34,Electronics
9320,C4058,77.42,2023-06-03 23:02:43,Entertainment
3209,C7824,42.02,2023-06-03 23:03:08,Electronics
6462,C5168,76.45,2023-06-03 23:03:34,Entertainment
2563,C3185,26.73,2023-06-03 23:03:39,Grocery
9042,C6106,98.27,2023-06-03 23:03:44,Entertainment
6465,C5919,39.79,2023-06-03 23:04:13,Entertainment
5088,C2189,81.86,2023-06-03 23:06:35,Electronics
10650,C3401,120.29,2023-06-03 23:07:36,Restaurant
1603,C6688,87.04,2023-06-03 23:07:52,Restaurant
4167,C9743,34.68,2023-06-03 23:09:55,Grocery
2962,C1831,63.95,2023-06-03 23:11:09,Restaurant
9301,C7247,66.85,2023-06-03 23:13:28,Electronics
7688,C7672,60.01,2023-06-03 23:13:38,Electronics
4774,C1472,39.76,2023-06-03 23:14:19,Retail
10088,C2364,84.93,2023-06-03 23:14:46,Retail
6777,C2311,41.65,2023-06-03 23:15:09,Restaurant
2559,C6649,66.09,2023-06-03 23:15:33,Entertainment
7891,C4056,7816.87,2023-06-03 23:16:21,Retail
9614,C5454,58.45,2023-06-03 23:17:22,Retail
8090,C9096,0.66,2023-06-03 23:17:36,Retail
9874,C2460,75.78,2023-06-03 23:18:26,Grocery
2108,C9850,50.31,2023-06-03 23:20:26,Entertainment
9024,C2769,73.77,2023-06-03 23:21:35,Retail
1633,C8613,54.85,2023-06-03 23:21:53,Electronics
10769,C4586,41.32,2023-06-03 23:23:07,Entertainment
2599,C8204,69.01,2023-06-03 23:23:51,Entertainment
10681,C9724,79.95,2023-06-03 23:23:57,Entertainment
4034,C5778,73.34,2023-06-03 23:24:22,Electronics
9883,C6092,51.86,2023-06-03 23:24:42,Restaurant
7978,C9034,67.9,2023-06-03 23:25:05,Retail
5536,C3996,35.86,2023-06-03 23:26:56,Retail
9273,C4077,82.06,2023-06-03 23:28:38,Entertainment
6435,C5254,79.02,2023-06-03 23:28:43,Restaurant
6305,C8201,52.12,2023-06-03 23:29:07,Retail
10852,C8059,136.92,2023-06-03 23:30:35,Restaurant
10428,C5939,49.4,2023-06-03 23:32:29,Grocery
5198,C6993,64.91,2023-06-03 23:32:49,Grocery
6505,C3719,115.05,2023-06-03 23:35:24,Entertainment
10484,C3803,0.4,2023-06-03 23:37:05,Grocery
3750,C8039,14.29,2023-06-03 23:37:27,Electronics
10451,C3112,44.93,2023-06-03 23:37:51,Grocery
5403,C6544,2.01,2023-06-03 23:38:51,Entertainment
9863,C6623,85.19,2023-06-03 23:39:05,Restaurant
1822,C2899,69.18,2023-06-03 23:40:07,Restaurant
2734,C9501,105.49,2023-06-03 23:40:22,Electronics
6624,C4666,113.98,2023-06-03 23:40:36,Entertainment
2548,C9316,50.56,2023-06-03 23:43:37,Grocery
1870,C2143,1705.44,2023-06-03 23:45:38,Restaurant
9538,C9372,34.34,2023-06-03 23:46:14,Retail
2223,C7566,52.5,2023-06-03 23:46:17,Retail
4301,C5346,99.35,2023-06-03 23:46:23,Retail
1658,C1282,28.48,2023-06-03 23:46:54,Retail
1407,C4228,10.0,2023-06-03 23:52:50,Retail
2569,C8612,66.67,2023-06-03 23:53:20,Grocery
9834,C8648,64.03,2023-06-03 23:53:44,Retail
10629,C2389,2541.84,2023-06-03 23:54:53,Entertainment
4903,C8419,94.02,2023-06-03 23:56:57,Entertainment
4612,C3120,71.27,2023-06-03 23:57:11,Entertainment
3702,C4385,45.19,2023-06-03 23:59:30,Restaurant
1651,C4954,1.58,2023-06-03 23:59:56,Retail
9247,C4123,81.51,2023-06-04 00:00:21,Grocery
3957,C3458,87.27,2023-06-04 00:02:03,Retail
3486,C5775,91.92,2023-06-04 00:02:12,Retail
3380,C3292,22.07,2023-06-04 00:02:38,Grocery
5494,C9462,66.1,2023-06-04 00:03:05,Entertainment
2888,C1841,54.27,2023-06-04 00:04:12,Restaurant
6060,C3509,49.57,2023-06-04 00:05:11,Electronics
9261,C7512,83.4,2023-06-04 00:05:36,Entertainment
4624,C1230,72.51,2023-06-04 00:07:17,Retail
6289,C1630,73.28,2023-06-04 00:08:12,Entertainment
9487,C7810,36.83,2023-06-04 00:08:40,Electronics
6071,C3165,3831.79,2023-06-04 00:08:58,Retail
5659,C7782,86.02,2023-06-04 00:09:18,Restaurant
5353,C3193,46.63,2023-06-04 00:09:34,Electronics
1496,C2269,83.65,2023-06-04 00:10:07,Grocery
1817,C8451,63.94,2023-06-04 00:10:20,Retail
6750,C7813,93.78,2023-06-04 00:11:16,Retail
8298,C2297,55.63,2023-06-04 00:12:00,Electronics
11000,C8514,99.97,2023-06-04 00:13:42,Electronics
9617,C6891,56.46,2023-06-04 00:13:58,Grocery
5120,C5992,97.38,2023-06-04 00:16:31,Grocery
2001,C6061,84.8,2023-06-04 00:16:48,Electronics
10170,C8008,85.93,2023-06-04 00:18:28,Retail
2009,C7807,39.76,2023-06-04 00:20:57,Restaurant
10082,C5177,47.12,2023-06-04 00:21:39,Electronics
8134,C6804,0.55,2023-06-04 00:22:15,Electronics
6250,C1427,0.99,2023-06-04 00:23:02,Retail
4570,C7889,89.05,2023-06-04 00:23:46,Restaurant
6012,C1355,41.38,2023-06-04 00:24:38,Grocery
7138,C1885,98.45,2023-06-04 00:25:12,Electronics
1069,C8573,49.12,2023-06-04 00:26:04,Grocery
5990,C6299,82.13,2023-06-04 00:26:25,Electronics
6286,C7457,38.48,2023-06-04 00:28:00,Electronics
8157,C3323,100.74,2023-06-04 00:28:35,Restaurant
2500,C3392,15.59,2023-06-04 00:31:42,Entertainment
1620,C9548,66.1,2023-06-04 00:31:46,Retail
4532,C4086,84.17,2023-06-04 00:32:03,Grocery
7587,C6104,80.42,2023-06-04 00:33:23,Grocery
9975,C9444,46.16,2023-06-04 00:34:00,Restaurant
5446,C7474,49.75,2023-06-04 00:34:50,Retail
9073,C6499,28.72,2023-06-04 00:35:36,Retail
2436,C7172,54.94,2023-06-04 00:36:03,Grocery
1302,C1128,107.85,2023-06-04 00:37:19,Retail
10031,C3948,1.48,2023-06-04 00:37:43,Entertainment
4056,C6870,0.84,2023-06-04 00:39:53,Electronics
2725,C3034,3571.81,2023-06-04 00:41:02,Electronics
1967,C9955,52.64,2023-06-04 00:42:04,Electronics
3220,C2514,61.89,2023-06-04 00:43:33,Retail
2934,C6194,62.44,2023-06-04 00:43:59,Restaurant
10600,C9923,6152.63,2023-06-04 00:45:11,Entertainment
2245,C8259,82.96,2023-06-04 00:46:29,Entertainment
6504,C9753,30.09,2023-06-04 00:47:41,Electronics
5982,C9747,128.88,2023-06-04 00:47:54,Retail
1886,C9903,84.78,2023-06-04 00:48:18,Retail
10059,C3291,63.61,2023-06-04 00:49:12,Retail
9889,C6237,3162.73,2023-06-04 00:51:06,Entertainment
9582,C6269,133.18,2023-06-04 00:53:12,Electronics
5318,C7196,56.45,2023-06-04 00:53:16,Retail
8512,C8760,89.83,2023-06-04 00:53:17,Entertainment
9762,C8949,52.56,2023-06-04 00:53:48,Retail
9643,C8878,68.46,2023-06-04 00:55:12,Electronics
7326,C3699,50.84,2023-06-04 00:55:22,Entertainment
2427,C2264,96.99,2023-06-04 00:55:28,Restaurant
3463,C9123,21.65,2023-06-04 00:56:39,Grocery
6557,C1755,76.31,2023-06-04 00:58:25,Retail
5214,C3299,10.0,2023-06-04 00:59:21,Entertainment
8887,C3903,38.81,2023-06-04 01:00:03,Restaurant
9184,C4394,88.5,2023-06-04 01:01:33,Entertainment
2122,C3076,27.32,2023-06-04 01:03:38,Restaurant
8223,C7120,65.61,2023-06-04 01:07:29,Grocery
10994,C2274,1.1,2023-06-04 01:08:33,Retail
9386,C2565,25.3,2023-06-04 01:08:45,Entertainment
6266,C1528,90.75,2023-06-04 01:08:55,Grocery
5379,C9783,21.3,2023-06-04 01:09:52,Entertainment
1600,C5941,62.14,2023-06-04 01:10:18,Retail
10274,C5903,26.3,2023-06-04 01:10:24,Restaurant
1385,C6425,94.23,2023-06-04 01:15:14,Retail
6567,C5695,43.7,2023-06-04 01:15:45,Electronics
3207,C1944,37.82,2023-06-04 01:19:58,Restaurant
6365,C4323,31.66,2023-06-04 01:21:39,Grocery
6086,C4245,79.8,2023-06-04 01:24:25,Entertainment
8815,C8306,19.05,2023-06-04 01:24:59,Retail
5077,C8391,74.27,2023-06-04 01:25:25,Entertainment
2031,C7464,93.66,2023-06-04 01:26:22,Restaurant
3903,C1948,22.12,2023-06-04 01:27:07,Electronics
5907,C4912,29.57,2023-06-04 01:27:54,Retail
10358,C7984,26.35,2023-06-04 01:29:33,Retail
4795,C6664,88.92,2023-06-04 01:30:20,Grocery
10324,C8039,62.32,2023-06-04 01:30:51,Electronics
3379,C7288,54.31,2023-06-04 01:32:27,Restaurant
9877,C2902,67.23,2023-06-04 01:32:31,Electronics
4264,C6754,35.93,2023-06-04 01:33:39,Grocery
4722,C2475,54.37,2023-06-04 01:36:33,Entertainment
3042,C5285,56.32,2023-06-04 01:37:19,Grocery
6213,C9883,54.29,2023-06-04 01:38:10,Entertainment
8412,C1311,50.39,2023-06-04 01:39:49,Retail
10665,C7308,27.6,2023-06-04 01:40:41,Entertainment
7896,C9728,76.38,2023-06-04 01:40:43,Entertainment
3316,C9777,54.72,2023-06-04 01:42:28,Grocery
4384,C6238,43.45,2023-06-04 01:43:44,Electronics
1708,C8690,101.93,2023-06-04 01:44:45,Entertainment
8019,C5489,0.01,2023-06-04 01:45:12,Retail
10454,C1996,56.24,2023-06-04 01:45:18,Electronics
3449,C5397,85.57,2023-06-04 01:46:04,Entertainment
8301,C3434,26.05,2023-06-04 01:46:36,Grocery
2132,C8405,2.03,2023-06-04 01:47:55,Entertainment
2844,C3108,64.2,2023-06-04 01:48:27,Restaurant
8415,C2040,9995.43,2023-06-04 01:48:41,Grocery
10492,C5550,50.93,2023-06-04 01:49:39,Restaurant
10832,C1612,3788.89,2023-06-04 01:50:50,Retail
9764,C1155,69.24,2023-06-04 01:51:15,Grocery
9075,C7859,72.23,2023-06-04 01:51:48,Restaurant
1043,C7201,102.41,2023-06-04 01:51:59,Retail
9279,C1493,50.32,2023-06-04 01:52:06,Retail
4198,C6582,80.17,2023-06-04 01:52:34,Electronics
9999,C2999,65.32,2023-06-04 01:53:41,Entertainment
7849,C3730,110.9,2023-06-04 01:57:13,Retail
1125,C3927,62.76,2023-06-04 01:57:34,Restaurant
8363,C1227,36.59,2023-06-04 01:57:36,Electronics
10591,C4994,38.69,2023-06-04 01:58:47,Restaurant
6349,C1719,71.42,2023-06-04 01:58:59,Grocery
2601,C6554,52.51,2023-06-04 02:01:28,Electronics
10267,C1113,76.98,2023-06-04 02:02:59,Grocery
9644,C2178,44.08,2023-06-04 02:05:33,Retail
3181,C4621,46.19,2023-06-04 02:08:53,Grocery
4803,C9123,51.04,2023-06-04 02:09:46,Electronics
9540,C9248,102.49,2023-06-04 02:12:13,Grocery
5366,C2930,20.44,2023-06-04 02:12:48,Entertainment
8410,C1994,61.97,2023-06-04 02:13:33,Entertainment
5257,C8976,102.61,2023-06-04 02:13:44,Electronics
10220,C7211,66.36,2023-06-04 02:13:53,Retail
3028,C4027,56.09,2023-06-04 02:14:29,Grocery
4239,C2274,44.99,2023-06-04 02:18:03,Restaurant
9152,C9773,79.76,2023-06-04 02:18:27,Retail
9400,C2253,112.45,2023-06-04 02:20:44,Grocery
1809,C2713,47.39,2023-06-04 02:21:24,Electronics
4948,C8415,1.56,2023-06-04 02:21:42,Retail
5500,C2523,10.0,2023-06-04 02:22:05,Entertainment
1815,C7561,88.59,2023-06-04 02:22:43,Restaurant
3850,C5842,3781.67,2023-06-04 02:22:53,Retail
3665,C5785,58.43,2023-06-04 02:22:59,Electronics
7353,C6346,36.2,2023-06-04 02:25:52,Entertainment
9758,C6605,89.12,2023-06-04 02:26:19,Entertainment
4581,C4187,88.82,2023-06-04 02:27:13,Entertainment
2940,C9899,38.59,2023-06-04 02:27:16,Restaurant
4100,C4239,84.89,2023-06-04 02:27:43,Entertainment
3356,C1697,52.91,2023-06-04 02:27:46,Restaurant
1994,C6772,11.63,2023-06-04 02:30:12,Electronics
7655,C7004,30.31,2023-06-04 02:31:13,Grocery
5516,C5348,92.65,2023-06-04 02:31:26,Restaurant
4657,C4742,45.66,2023-06-04 02:32:22,Retail
9973,C1859,57.45,2023-06-04 02:32:27,Entertainment
9391,C5485,76.87,2023-06-04 02:34:26,Retail
1130,C4258,71.0,2023-06-04 02:35:49,Electronics
9918,C7171,61.71,2023-06-04 02:37:33,Retail
5706,C3900,51.88,2023-06-04 02:37:45,Electronics
3862,C6185,106.05,2023-06-04 02:38:07,Retail
8909,C4425,51.8,2023-06-04 02:38:08,Grocery
8915,C9197,10.0,2023-06-04 02:40:40,Entertainment
5371,C6175,51.52,2023-06-04 02:41:24,Grocery
3208,C7761,133.39,2023-06-04 02:42:21,Grocery
8420,C9106,66.97,2023-06-04 02:42:50,Entertainment
5808,C3975,29.36,2023-06-04 02:44:14,Entertainment
8254,C1336,56.22,2023-06-04 02:44:17,Restaurant
1790,C2496,80.79,2023-06-04 02:46:15,Retail
4852,C6592,50.72,2023-06-04 02:46:44,Electronics
8055,C8837,64.87,2023-06-04 02:48:36,Grocery
9420,C1618,0.75,2023-06-04 02:50:46,Electronics
9312,C5991,79.77,2023-06-04 02:51:50,Retail
3339,C5914,82.25,2023-06-04 02:55:37,Retail
10620,C2804,55.62,2023-06-04 02:57:26,Electronics
3606,C8496,55.83,2023-06-04 02:57:42,Retail
1315,C5325,16.33,2023-06-04 02:58:53,Retail
4609,C3595,50.32,2023-06-04 02:58:59,Electronics
5455,C6693,64.79,2023-06-04 02:59:06,Grocery
4813,C4648,0.59,2023-06-04 02:59:36,Electronics
6152,C1869,86.45,2023-06-04 03:00:03,Grocery
4237,C3304,78.3,2023-06-04 03:00:35,Retail
8225,C6300,38.67,2023-06-04 03:01:04,Electronics
4233,C6213,55.82,2023-06-04 03:02:58,Retail
4548,C4111,68.03,2023-06-04 03:05:18,Grocery
8690,C9008,59.02,2023-06-04 03:05:27,Restaurant
7192,C1525,66.65,2023-06-04 03:05:36,Retail
3325,C3439,1.31,2023-06-04 03:05:48,Entertainment
4468,C7035,101.32,2023-06-04 03:05:51,Restaurant
2912,C6325,85.54,2023-06-04 03:06:15,Electronics
9642,C7146,16.52,2023-06-04 03:06:19,Restaurant
6220,C6062,10.0,2023-06-04 03:06:21,Electronics
1119,C8123,35.47,2023-06-04 03:07:28,Electronics
3923,C7092,5290.26,2023-06-04 03:08:53,Retail
3980,C6090,77.73,2023-06-04 03:09:13,Entertainment
10462,C8172,72.71,2023-06-04 03:09:21,Restaurant
3934,C2262,125.81,2023-06-04 03:09:37,Grocery
6828,C3860,92.14,2023-06-04 03:10:22,Retail
3605,C4228,107.42,2023-06-04 03:12:13,Retail
7605,C2287,85.74,2023-06-04 03:12:34,Electronics
3601,C9796,66.12,2023-06-04 03:14:48,Entertainment
3938,C6900,79.37,2023-06-04 03:15:03,Retail
5017,C5809,33.17,2023-06-04 03:15:27,Electronics
3296,C3252,48.86,2023-06-04 03:17:41,Retail
2113,C3159,41.22,2023-06-04 03:22:23,Grocery
4029,C2226,36.29,2023-06-04 03:22:27,Entertainment
4665,C7006,10.0,2023-06-04 03:22:41,Restaurant
5594,C8749,37.16,2023-06-04 03:27:01,Retail
3327,C4144,79.85,2023-06-04 03:27:14,Retail
9021,C9474,74.61,2023-06-04 03:27:25,Entertainment
6523,C3867,74.26,2023-06-04 03:28:39,Entertainment
3597,C4371,53.41,2023-06-04 03:29:34,Grocery
10051,C1001,92.03,2023-06-04 03:30:18,Restaurant
7639,C4962,10.0,2023-06-04 03:33:12,Retail
2465,C3267,100.31,2023-06-04 03:34:41,Electronics
2826,C8060,47.92,2023-06-04 03:35:02,Entertainment
4381,C4308,42.09,2023-06-04 03:38:43,Restaurant
6647,C7646,70.12,2023-06-04 03:38:47,Grocery
1184,C4899,81.41,2023-06-04 03:43:03,Restaurant
2802,C3610,83.67,2023-06-04 03:43:09,Entertainment
10429,C8769,107.23,2023-06-04 03:43:51,Retail
2203,C8900,89.67,2023-06-04 03:46:47,Retail
2495,C4678,48.79,2023-06-04 03:48:02,Grocery
2008,C6352,2221.51,2023-06-04 03:48:11,Entertainment
4661,C1359,70.64,2023-06-04 03:48:32,Retail
7535,C3675,72.75,2023-06-04 03:49:01,Grocery
3169,C4559,69.5,2023-06-04 03:51:32,Electronics
2099,C4394,1.34,2023-06-04 03:53:24,Entertainment
2273,C2965,72.01,2023-06-04 03:54:47,Restaurant
5491,C6172,57.7,2023-06-04 03:56:02,Grocery
9168,C7358,1.33,2023-06-04 03:57:09,Entertainment
1383,C7548,46.73,2023-06-04 03:57:39,Restaurant
6143,C7170,1.05,2023-06-04 03:59:33,Entertainment
6433,C7996,84.34,2023-06-04 04:00:06,Electronics
5477,C7178,41.49,2023-06-04 04:02:33,Entertainment
6125,C6624,93.65,2023-06-04 04:02:37,Retail
3954,C8729,94.26,2023-06-04 04:05:22,Entertainment
4537,C7620,36.92,2023-06-04 04:05:36,Restaurant
2504,C8740,89.72,2023-06-04 04:07:59,Retail
10963,C2369,43.36,2023-06-04 04:09:15,Restaurant
4978,C7180,1.09,2023-06-04 04:11:04,Retail
5372,C7698,63.64,2023-06-04 04:11:07,Grocery
8193,C8233,1.41,2023-06-04 04:11:22,Retail
7036,C8509,55.68,2023-06-04 04:11:53,Entertainment
6429,C9666,63.34,2023-06-04 04:12:25,Restaurant
8903,C4838,64.55,2023-06-04 04:12:43,Retail
1447,C4848,2589.7,2023-06-04 04:14:40,Electronics
9562,C6385,42.41,2023-06-04 04:14:48,Entertainment
1278,C3144,5825.01,2023-06-04 04:14:57,Grocery
4053,C7660,79.29,2023-06-04 04:16:25,Grocery
10622,C2666,73.61,2023-06-04 04:16:29,Grocery
9149,C5006,53.36,2023-06-04 04:16:38,Electronics
2085,C7523,44.25,2023-06-04 04:16:54,Retail
2424,C4711,38.22,2023-06-04 04:18:32,Entertainment
10910,C5762,63.12,2023-06-04 04:18:51,Entertainment
6285,C6126,29.92,2023-06-04 04:19:34,Retail
5324,C9564,59.91,2023-06-04 04:22:16,Grocery
10911,C7157,36.3,2023-06-04 04:22:17,Electronics
7126,C8605,44.43,2023-06-04 04:23:07,Retail
6670,C3835,78.07,2023-06-04 04:24:13,Restaurant
5850,C1688,58.67,2023-06-04 04:25:50,Grocery
3053,C2923,10.0,2023-06-04 04:26:30,Grocery
9426,C8606,10.0,2023-06-04 04:27:34,Entertainment
9691,C3644,79.91,2023-06-04 04:30:21,Grocery
6038,C1612,45.5,2023-06-04 04:33:10,Retail
6043,C6700,100.84,2023-06-04 04:33:32,Electronics
10050,C7931,77.08,2023-06-04 04:33:40,Entertainment
9241,C6468,93.78,2023-06-04 04:34:19,Retail
10055,C9510,10.0,2023-06-04 04:38:51,Entertainment
7592,C6604,50.36,2023-06-04 04:39:25,Restaurant
1334,C3442,89.71,2023-06-04 04:40:36,Grocery
2205,C2773,58.14,2023-06-04 04:43:17,Retail
3321,C3937,24.4,2023-06-04 04:44:04,Restaurant
10718,C1886,76.81,2023-06-04 04:44:24,Grocery
6816,C2351,50.35,2023-06-04 04:47:59,Entertainment
1643,C5232,57.35,2023-06-04 04:48:00,Grocery
4136,C4267,60.39,2023-06-04 04:48:20,Electronics
7112,C2442,63.15,2023-06-04 04:48:28,Retail
4054,C2978,10.0,2023-06-04 04:48:33,Restaurant
5055,C4492,88.05,2023-06-04 04:48:39,Entertainment
4856,C9552,65.01,2023-06-04 04:49:30,Electronics
2983,C2465,10.0,2023-06-04 04:51:02,Electronics
3103,C5169,51.4,2023-06-04 04:52:20,Retail
4986,C1092,4070.87,2023-06-04 04:52:48,Entertainment
2453,C8684,91.71,2023-06-04 04:53:40,Electronics
2760,C5949,42.86,2023-06-04 04:53:44,Retail
5305,C8891,10.0,2023-06-04 04:54:31,Restaurant
7441,C8298,10.0,2023-06-04 04:54:37,Entertainment
8639,C9622,65.8,2023-06-04 04:54:54,Electronics
6239,C5485,52.2,2023-06-04 04:55:26,Entertainment
7226,C1656,85.25,2023-06-04 04:56:46,Electronics
5678,C9584,78.53,2023-06-04 04:57:28,Entertainment
2763,C7653,1131.5,2023-06-04 04:58:04,Restaurant
3046,C2936,38.65,2023-06-04 04:59:06,Retail
5289,C3207,28.23,2023-06-04 04:59:54,Restaurant
10122,C5483,34.9,2023-06-04 05:00:16,Restaurant
4177,C1462,6960.44,2023-06-04 05:01:12,Electronics
8611,C4831,88.15,2023-06-04 05:03:15,Electronics
10788,C6496,56.72,2023-06-04 05:03:39,Restaurant
7560,C3354,71.91,2023-06-04 05:04:03,Grocery
7014,C1584,45.0,2023-06-04 05:06:31,Grocery
3943,C3577,79.11,2023-06-04 05:07:45,Entertainment
2657,C7521,62.71,2023-06-04 05:07:48,Grocery
1661,C4630,94.98,2023-06-04 05:09:30,Grocery
5424,C3871,5206.72,2023-06-04 05:09:45,Entertainment
1813,C9117,14.95,2023-06-04 05:10:25,Grocery
5611,C4530,74.67,2023-06-04 05:10:52,Entertainment
5116,C7456,16.38,2023-06-04 05:11:54,Restaurant
9438,C3794,69.04,2023-06-04 05:12:41,Retail
4373,C3738,54.47,2023-06-04 05:13:36,Restaurant
9002,C2077,35.8,2023-06-04 05:13:44,Entertainment
3786,C4836,57.16,2023-06-04 05:13:45,Grocery
3984,C1130,126.67,2023-06-04 05:13:47,Grocery
4313,C8005,53.97,2023-06-04 05:13:52,Entertainment
5658,C8377,46.66,2023-06-04 05:14:46,Entertainment
3922,C3735,35.55,2023-06-04 05:15:16,Electronics
6502,C6556,3645.66,2023-06-04 05:15:41,Restaurant
1445,C6491,35.83,2023-06-04 05:16:49,Entertainment
5738,C5799,43.86,2023-06-04 05:16:58,Retail
1173,C4770,67.54,2023-06-04 05:17:01,Entertainment
7097,C5648,14.48,2023-06-04 05:17:20,Retail
4037,C7438,70.22,2023-06-04 05:18:40,Grocery
10044,C3043,64.46,2023-06-04 05:20:54,Grocery
9044,C9407,97.59,2023-06-04 05:21:47,Retail
3945,C2685,86.21,2023-06-04 05:22:34,Electronics
3419,C6896,47.4,2023-06-04 05:22:48,Grocery
6764,C9161,89.76,2023-06-04 05:23:50,Restaurant
4696,C5631,49.26,2023-06-04 05:25:42,Retail
2125,C2862,66.43,2023-06-04 05:26:11,Retail
3931,C9582,48.91,2023-06-04 05:27:33,Restaurant
1712,C4020,24.62,2023-06-04 05:30:47,Electronics
10216,C6788,2081.52,2023-06-04 05:31:25,Restaurant
10367,C4791,37.4,2023-06-04 05:32:03,Restaurant
4315,C5825,18.92,2023-06-04 05:32:10,Entertainment
2982,C1969,111.32,2023-06-04 05:32:54,Restaurant
5741,C9981,57.25,2023-06-04 05:36:17,Electronics
7348,C4806,63.28,2023-06-04 05:37:10,Entertainment
2735,C5653,1.13,2023-06-04 05:37:25,Restaurant
5790,C9086,44.23,2023-06-04 05:37:27,Grocery
1182,C2160,17.63,2023-06-04 05:38:17,Grocery
7511,C9059,71.67,2023-06-04 05:38:39,Electronics
10288,C6885,60.13,2023-06-04 05:38:41,Retail
6707,C9362,59.8,2023-06-04 05:40:06,Electronics
1647,C1166,93.98,2023-06-04 05:40:51,Entertainment
1169,C4681,50.78,2023-06-04 05:43:19,Electronics
7864,C2506,40.99,2023-06-04 05:43:26,Retail
9370,C8580,42.77,2023-06-04 05:44:29,Entertainment
6623,C4796,30.55,2023-06-04 05:46:07,Retail
9924,C1861,98.34,2023-06-04 05:47:20,Entertainment
7661,C7219,20.51,2023-06-04 05:47:55,Restaurant
2198,C6761,35.88,2023-06-04 05:48:51,Retail
5862,C6824,75.01,2023-06-04 05:48:56,Retail
2497,C6221,32.24,2023-06-04 05:49:01,Retail
4490,C4511,73.3,2023-06-04 05:51:32,Entertainment
10875,C6952,15.65,2023-06-04 05:51:38,Grocery
5007,C9897,44.24,2023-06-04 05:52:29,Retail
6511,C1518,65.96,2023-06-04 05:53:37,Electronics
3332,C7502,72.98,2023-06-04 05:53:38,Retail
2021,C5835,90.23,2023-06-04 05:54:10,Entertainment
3575,C2791,26.91,2023-06-04 05:55:40,Electronics
1099,C9085,53.57,2023-06-04 05:56:02,Restaurant
7393,C6633,71.84,2023-06-04 05:56:02,Electronics
4225,C6026,54.26,2023-06-04 05:56:36,Retail
10254,C6808,90.76,2023-06-04 05:57:17,Retail
3150,C5516,70.42,2023-06-04 05:57:27,Electronics
7012,C4104,63.58,2023-06-04 05:57:56,Restaurant
4639,C3736,78.92,2023-06-04 05:58:02,Entertainment
8462,C6849,2612.85,2023-06-04 05:58:56,Entertainment
8718,C9863,46.77,2023-06-04 06:00:12,Grocery
5287,C3095,59.85,2023-06-04 06:00:16,Electronics
7235,C8412,7460.43,2023-06-04 06:00:49,Grocery
10304,C7899,68.4,2023-06-04 06:03:51,Entertainment
4723,C9383,1.14,2023-06-04 06:04:10,Entertainment
1168,C5061,44.25,2023-06-04 06:04:17,Entertainment
2410,C3093,42.08,2023-06-04 06:05:35,Retail
2836,C6939,71.55,2023-06-04 06:06:11,Electronics
3692,C6711,70.4,2023-06-04 06:08:22,Electronics
3447,C5405,76.15,2023-06-04 06:08:25,Grocery
3277,C5216,5216.87,2023-06-04 06:11:06,Grocery
1028,C5552,104.31,2023-06-04 06:14:49,Grocery
8600,C6807,88.5,2023-06-04 06:15:52,Retail
1089,C3287,65.44,2023-06-04 06:16:11,Grocery
1181,C6413,40.93,2023-06-04 06:18:12,Grocery
3503,C2133,104.39,2023-06-04 06:21:19,Retail
3098,C1945,43.92,2023-06-04 06:22:04,Grocery
6901,C2600,55.68,2023-06-04 06:23:23,Grocery
5253,C9460,85.81,2023-06-04 06:25:04,Grocery
9232,C5528,74.77,2023-06-04 06:28:35,Electronics
6545,C4361,39.94,2023-06-04 06:33:01,Grocery
10329,C5623,41.16,2023-06-04 06:33:12,Restaurant
2909,C3262,25.2,2023-06-04 06:34:39,Restaurant
1097,C3266,44.35,2023-06-04 06:36:22,Grocery
8852,C8077,71.26,2023-06-04 06:36:55,Entertainment
5864,C9787,88.03,2023-06-04 06:37:48,Electronics
1700,C1745,45.04,2023-06-04 06:39:35,Grocery
1042,C3045,44.8,2023-06-04 06:39:41,Electronics
8068,C4677,63.39,2023-06-04 06:40:03,Entertainment
4825,C2944,85.26,2023-06-04 06:41:06,Grocery
7884,C5116,8531.0,2023-06-04 06:41:49,Grocery
10954,C8756,94.8,2023-06-04 06:42:44,Retail
3259,C7073,61.83,2023-06-04 06:44:55,Retail
2546,C9914,14.92,2023-06-04 06:45:31,Electronics
7612,C1696,37.47,2023-06-04 06:46:13,Entertainment
9738,C2806,70.11,2023-06-04 06:46:52,Retail
10110,C9707,77.47,2023-06-04 06:49:44,Restaurant
2355,C1932,0.29,2023-06-04 06:50:25,Restaurant
2616,C2680,32.13,2023-06-04 06:50:49,Restaurant
4348,C3476,62.29,2023-06-04 06:51:19,Retail
6378,C8434,52.42,2023-06-04 06:51:32,Restaurant
7526,C1287,99.8,2023-06-04 06:54:10,Grocery
4913,C4435,100.37,2023-06-04 06:58:12,Restaurant
10407,C6426,41.61,2023-06-04 06:58:33,Grocery
5442,C2422,44.07,2023-06-04 06:59:29,Electronics
3564,C8801,61.64,2023-06-04 07:00:00,Retail
2804,C9433,1.22,2023-06-04 07:00:24,Retail
5450,C1251,110.31,2023-06-04 07:02:03,Electronics
1353,C3662,44.56,2023-06-04 07:03:38,Retail
1153,C8787,63.09,2023-06-04 07:05:16,Restaurant
8810,C2663,39.08,2023-06-04 07:05:43,Retail
3594,C7370,51.98,2023-06-04 07:05:59,Restaurant
9631,C2363,10.0,2023-06-04 07:06:29,Electronics
8559,C5583,48.34,2023-06-04 07:06:45,Restaurant
3819,C9691,7220.38,2023-06-04 07:10:51,Grocery
9806,C4079,92.1,2023-06-04 07:13:16,Entertainment
7933,C5468,51.37,2023-06-04 07:13:35,Grocery
6731,C8780,97.6,2023-06-04 07:13:54,Entertainment
9792,C1050,51.71,2023-06-04 07:15:00,Grocery
1775,C3037,53.42,2023-06-04 07:16:46,Entertainment
8603,C3043,38.01,2023-06-04 07:17:21,Retail
9524,C5127,72.96,2023-06-04 07:18:41,Grocery
4772,C7221,73.44,2023-06-04 07:19:21,Retail
4761,C7909,46.29,2023-06-04 07:20:13,Retail
2053,C1742,6085.74,2023-06-04 07:20:36,Restaurant
9437,C3643,64.62,2023-06-04 07:21:57,Grocery
4754,C2865,35.53,2023-06-04 07:22:20,Entertainment
9403,C6341,60.47,2023-06-04 07:22:27,Retail
5753,C2297,71.46,2023-06-04 07:22:41,Entertainment
5950,C7046,79.22,2023-06-04 07:25:35,Retail
7571,C4569,67.39,2023-06-04 07:26:53,Grocery
4943,C5835,80.14,2023-06-04 07:27:15,Electronics
9104,C8215,82.6,2023-06-04 07:31:37,Grocery
10164,C8191,103.31,2023-06-04 07:32:08,Electronics
7466,C7809,17.79,2023-06-04 07:33:12,Entertainment
3404,C5037,66.61,2023-06-04 07:33:12,Grocery
6083,C3136,46.71,2023-06-04 07:33:23,Grocery
10244,C1096,10.0,2023-06-04 07:33:42,Entertainment
8661,C8755,44.9,2023-06-04 07:35:33,Restaurant
1121,C8433,45.08,2023-06-04 07:36:01,Electronics
10770,C7427,10.0,2023-06-04 07:36:10,Restaurant
2757,C9159,32.73,2023-06-04 07:36:22,Restaurant
2228,C9691,33.62,2023-06-04 07:37:27,Restaurant
1553,C1823,59.45,2023-06-04 07:43:12,Entertainment
6293,C8485,51.42,2023-06-04 07:43:46,Electronics
4651,C9031,6285.06,2023-06-04 07:44:39,Grocery
9444,C9759,6610.42,2023-06-04 07:47:40,Retail
1944,C6873,61.75,2023-06-04 07:48:16,Entertainment
5151,C4170,108.83,2023-06-04 07:48:23,Entertainment
4452,C9303,10.0,2023-06-04 07:50:08,Retail
5432,C1550,68.59,2023-06-04 07:50:18,Electronics
7674,C9123,68.1,2023-06-04 07:51:44,Retail
4183,C6063,41.44,2023-06-04 07:52:02,Retail
8868,C1033,52.56,2023-06-04 07:52:20,Entertainment
3602,C4063,61.31,2023-06-04 07:52:32,Restaurant
7530,C3394,100.93,2023-06-04 07:52:39,Retail
7861,C5871,54.56,2023-06-04 07:53:07,Electronics
1747,C3564,1000.0,2023-06-04 07:53:12,Entertainment
2278,C3116,99.51,2023-06-04 07:53:44,Entertainment
4685,C1152,39.63,2023-06-04 07:53:57,Entertainment
10729,C2262,70.24,2023-06-04 07:54:59,Electronics
3635,C7931,32.96,2023-06-04 07:57:25,Retail
7281,C1669,97.05,2023-06-04 07:57:45,Grocery
7073,C3841,38.84,2023-06-04 07:58:31,Grocery
7440,C9821,42.58,2023-06-04 07:58:47,Entertainment
8980,C6583,26.81,2023-06-04 07:58:53,Electronics
4311,C6911,42.25,2023-06-04 07:59:45,Entertainment
7742,C1438,94.24,2023-06-04 08:00:39,Retail
4782,C2037,72.89,2023-06-04 08:01:33,Entertainment
5284,C1367,18.63,2023-06-04 08:02:23,Entertainment
4426,C6535,98.55,2023-06-04 08:02:49,Grocery
1761,C4241,58.24,2023-06-04 08:02:59,Retail
7406,C8504,51.42,2023-06-04 08:03:46,Retail
8098,C7259,57.12,2023-06-04 08:05:43,Grocery
1540,C7624,54.94,2023-06-04 08:05:55,Grocery
8195,C8949,1.14,2023-06-04 08:06:14,Entertainment
4690,C5423,48.72,2023-06-04 08:06:52,Electronics
5681,C5300,44.65,2023-06-04 08:08:00,Restaurant
10039,C3641,58.2,2023-06-04 08:09:38,Electronics
8154,C6198,44.55,2023-06-04 08:13:38,Grocery
9920,C6458,75.09,2023-06-04 08:15:52,Electronics
5278,C8889,44.39,2023-06-04 08:16:04,Retail
9732,C4053,44.43,2023-06-04 08:16:24,Restaurant
4742,C1751,30.8,2023-06-04 08:18:36,Electronics
5378,C5281,20.92,2023-06-04 08:19:15,Restaurant
4007,C6038,22.14,2023-06-04 08:19:34,Electronics
4165,C4951,47.13,2023-06-04 08:19:41,Grocery
8793,C9076,49.35,2023-06-04 08:20:30,Grocery
1844,C1472,17.64,2023-06-04 08:22:29,Electronics
1179,C2104,50.07,2023-06-04 08:23:06,Restaurant
1212,C8350,33.75,2023-06-04 08:23:29,Entertainment
10447,C9255,35.93,2023-06-04 08:23:36,Entertainment
7479,C6495,99.07,2023-06-04 08:24:06,Entertainment
3670,C5729,61.38,2023-06-04 08:24:49,Electronics
9086,C8643,0.81,2023-06-04 08:24:57,Electronics
1878,C5891,38.59,2023-06-04 08:25:02,Restaurant
5887,C6696,46.76,2023-06-04 08:25:07,Restaurant
4514,C5950,35.5,2023-06-04 08:25:12,Restaurant
3021,C7643,21.01,2023-06-04 08:25:14,Retail
4579,C2166,78.8,2023-06-04 08:25:24,Entertainment
7908,C7721,20.1,2023-06-04 08:25:27,Entertainment
3249,C6053,85.09,2023-06-04 08:27:03,Retail
10750,C3627,37.05,2023-06-04 08:27:40,Grocery
8034,C6353,42.51,2023-06-04 08:28:51,Grocery
9941,C5637,96.78,2023-06-04 08:29:27,Electronics
2077,C8285,43.0,2023-06-04 08:29:28,Retail
7620,C5145,59.41,2023-06-04 08:30:01,Electronics
2327,C2684,112.49,2023-06-04 08:31:05,Restaurant
10740,C6526,47.35,2023-06-04 08:32:28,Electronics
6076,C9980,94.36,2023-06-04 08:32:48,Restaurant
9627,C8897,65.75,2023-06-04 08:33:27,Retail
7102,C3344,0.75,2023-06-04 08:33:28,Restaurant
2981,C5676,21.74,2023-06-04 08:33:59,Retail
4360,C8779,56.8,2023-06-04 08:34:27,Restaurant
4048,C2731,42.69,2023-06-04 08:34:34,Retail
8097,C9096,90.3,2023-06-04 08:34:45,Grocery
2605,C7018,42.11,2023-06-04 08:35:21,Retail
5061,C2181,51.06,2023-06-04 08:35:22,Restaurant
1671,C6764,1.09,2023-06-04 08:35:34,Electronics
9887,C7359,97.91,2023-06-04 08:36:13,Electronics
1779,C5460,58.43,2023-06-04 08:36:25,Entertainment
2399,C6461,10.0,2023-06-04 08:38:00,Entertainment
10567,C1339,76.01,2023-06-04 08:40:16,Restaurant
1145,C4946,67.35,2023-06-04 08:44:10,Entertainment
5479,C4985,73.27,2023-06-04 08:44:20,Entertainment
5296,C3949,30.75,2023-06-04 08:44:48,Grocery
3279,C9037,72.92,2023-06-04 08:44:51,Restaurant
4370,C2970,32.21,2023-06-04 08:45:03,Electronics
3461,C5123,73.27,2023-06-04 08:46:18,Grocery
3930,C5456,90.9,2023-06-04 08:48:05,Retail
1497,C5681,106.73,2023-06-04 08:48:35,Entertainment
5700,C9856,97.44,2023-06-04 08:49:00,Restaurant
10541,C4031,34.84,2023-06-04 08:49:37,Grocery
9794,C7583,87.99,2023-06-04 08:49:48,Restaurant
7869,C9700,34.39,2023-06-04 08:50:31,Electronics
6253,C8808,59.58,2023-06-04 08:53:00,Entertainment
4150,C5430,72.33,2023-06-04 08:54:10,Entertainment
5301,C2404,59.34,2023-06-04 08:55:20,Electronics
5342,C7892,75.37,2023-06-04 08:55:59,Retail
7484,C7708,86.78,2023-06-04 08:56:06,Restaurant
5948,C6913,49.11,2023-06-04 08:57:26,Electronics
3110,C2044,0.49,2023-06-04 08:58:12,Grocery
5963,C9710,90.21,2023-06-04 08:58:27,Restaurant
9701,C3716,15.51,2023-06-04 08:58:46,Electronics
8137,C5155,17.68,2023-06-04 08:59:47,Retail
6962,C5105,55.55,2023-06-04 08:59:58,Retail
6451,C2932,55.71,2023-06-04 09:00:09,Restaurant
10502,C7047,51.45,2023-06-04 09:03:02,Grocery
3981,C6362,66.98,2023-06-04 09:03:31,Restaurant
10901,C9289,64.0,2023-06-04 09:03:34,Electronics
9365,C5044,2605.38,2023-06-04 09:04:15,Grocery
5097,C7249,54.5,2023-06-04 09:06:35,Electronics
6939,C1984,67.94,2023-06-04 09:07:40,Restaurant
6712,C7049,62.14,2023-06-04 09:08:21,Electronics
8449,C4268,10.0,2023-06-04 09:08:23,Grocery
5245,C7171,45.6,2023-06-04 09:08:41,Entertainment
1124,C9201,20.14,2023-06-04 09:08:53,Entertainment
6667,C6606,65.62,2023-06-04 09:08:55,Electronics
3412,C6188,17.1,2023-06-04 09:10:01,Entertainment
8568,C7627,21.38,2023-06-04 09:10:10,Retail
4460,C1944,52.13,2023-06-04 09:10:25,Electronics
4824,C6178,56.06,2023-06-04 09:11:16,Restaurant
3942,C7024,44.82,2023-06-04 09:12:51,Electronics
2217,C6062,49.01,2023-06-04 09:14:33,Entertainment
10251,C6729,78.5,2023-06-04 09:14:43,Electronics
3820,C1138,36.49,2023-06-04 09:15:01,Grocery
6354,C3369,0.99,2023-06-04 09:15:13,Electronics
10616,C7303,48.83,2023-06-04 09:15:51,Entertainment
5918,C7714,39.12,2023-06-04 09:17:49,Grocery
7862,C7586,75.33,2023-06-04 09:17:55,Electronics
1520,C7381,70.77,2023-06-04 09:20:24,Restaurant
10126,C4640,81.1,2023-06-04 09:20:45,Entertainment
8348,C7470,1.28,2023-06-04 09:21:58,Electronics
7506,C8742,23.06,2023-06-04 09:23:02,Entertainment
2026,C3306,42.07,2023-06-04 09:23:09,Electronics
8874,C9011,96.03,2023-06-04 09:25:13,Electronics
7182,C7346,48.26,2023-06-04 09:28:07,Electronics
7048,C3138,69.81,2023-06-04 09:28:46,Retail
6421,C6393,60.85,2023-06-04 09:29:47,Entertainment
8300,C5921,3045.67,2023-06-04 09:29:58,Entertainment
10519,C9804,34.8,2023-06-04 09:30:17,Grocery
3375,C4939,11.81,2023-06-04 09:31:33,Retail
6476,C6415,66.34,2023-06-04 09:32:00,Entertainment
7421,C1656,73.85,2023-06-04 09:33:20,Restaurant
8817,C9199,79.14,2023-06-04 09:33:25,Retail
10989,C8156,23.56,2023-06-04 09:35:23,Retail
2070,C9017,33.6,2023-06-04 09:36:21,Electronics
7357,C8295,73.32,2023-06-04 09:37:37,Restaurant
10165,C6799,89.52,2023-06-04 09:37:55,Grocery
9313,C2527,60.22,2023-06-04 09:38:42,Entertainment
3919,C9568,34.98,2023-06-04 09:39:04,Electronics
5413,C2049,52.78,2023-06-04 09:39:54,Entertainment
10536,C8848,62.32,2023-06-04 09:41:09,Grocery
10686,C7911,37.04,2023-06-04 09:41:31,Entertainment
6268,C1245,83.69,2023-06-04 09:42:20,Retail
5060,C8130,25.45,2023-06-04 09:43:43,Grocery
6204,C9531,48.66,2023-06-04 09:44:27,Retail
1132,C7126,75.57,2023-06-04 09:44:29,Restaurant
8522,C5021,73.25,2023-06-04 09:44:54,Electronics
10136,C6716,110.26,2023-06-04 09:45:57,Electronics
5317,C4765,71.05,2023-06-04 09:48:30,Electronics
4170,C7363,72.35,2023-06-04 09:49:34,Restaurant
9555,C4309,10.0,2023-06-04 09:51:23,Electronics
6602,C1881,83.97,2023-06-04 09:52:01,Retail
5672,C2045,52.97,2023-06-04 09:52:04,Retail
1412,C6143,1.79,2023-06-04 09:52:05,Grocery
2765,C8430,55.93,2023-06-04 09:52:13,Retail
2800,C6123,52.5,2023-06-04 09:54:10,Grocery
4590,C3250,26.84,2023-06-04 09:54:28,Restaurant
6999,C5750,114.08,2023-06-04 09:54:37,Electronics
6875,C9687,28.81,2023-06-04 09:55:27,Entertainment
10868,C8451,87.0,2023-06-04 09:56:02,Grocery
8108,C3391,94.06,2023-06-04 09:56:07,Grocery
2466,C5096,63.62,2023-06-04 09:57:53,Electronics
1537,C1475,93.85,2023-06-04 09:58:07,Restaurant
9903,C9189,91.78,2023-06-04 09:58:49,Retail
4090,C4641,44.65,2023-06-04 09:59:32,Electronics
6508,C2914,55.09,2023-06-04 09:59:33,Grocery
3755,C5646,101.64,2023-06-04 10:01:08,Grocery
1201,C8651,98.03,2023-06-04 10:01:11,Grocery
2515,C9647,97.58,2023-06-04 10:02:17,Restaurant
6170,C2442,57.63,2023-06-04 10:04:49,Retail
7905,C3465,2709.6,2023-06-04 10:05:05,Grocery
3108,C7941,58.97,2023-06-04 10:09:02,Electronics
6202,C2438,10544.12,2023-06-04 10:10:38,Entertainment
4155,C1480,77.16,2023-06-04 10:14:27,Entertainment
5504,C3924,47.9,2023-06-04 10:14:52,Electronics
5670,C2687,81.56,2023-06-04 10:19:14,Retail
10445,C7864,94.16,2023-06-04 10:19:28,Restaurant
7730,C2770,97.39,2023-06-04 10:19:57,Electronics
6438,C3125,49.22,2023-06-04 10:20:48,Entertainment
2777,C6231,75.74,2023-06-04 10:22:01,Grocery
6434,C6185,78.28,2023-06-04 10:22:57,Entertainment
3451,C3390,3122.68,2023-06-04 10:24:06,Retail
9722,C2587,53.43,2023-06-04 10:24:17,Restaurant
9460,C9566,1000.0,2023-06-04 10:24:38,Grocery
8075,C5289,54.41,2023-06-04 10:24:44,Entertainment
7850,C5907,55.46,2023-06-04 10:26:09,Electronics
9125,C3248,81.54,2023-06-04 10:26:42,Grocery
6350,C3799,58.11,2023-06-04 10:27:36,Grocery
9779,C8036,0.85,2023-06-04 10:28:08,Retail
8276,C5398,91.66,2023-06-04 10:28:16,Restaurant
7202,C4602,47.03,2023-06-04 10:28:45,Electronics
6443,C3947,20.35,2023-06-04 10:33:50,Grocery
7951,C3302,48.2,2023-06-04 10:34:52,Retail
4119,C4066,36.55,2023-06-04 10:34:57,Retail
2037,C7038,67.39,2023-06-04 10:35:35,Retail
1677,C2976,11.61,2023-06-04 10:36:49,Entertainment
2478,C9410,5509.92,2023-06-04 10:39:59,Electronics
8732,C4103,52.49,2023-06-04 10:40:25,Electronics
8041,C1050,64.0,2023-06-04 10:40:53,Restaurant
4071,C5066,85.73,2023-06-04 10:41:02,Grocery
8858,C8417,72.32,2023-06-04 10:42:15,Grocery
10364,C7673,130.61,2023-06-04 10:42:18,Retail
1835,C1845,77.59,2023-06-04 10:43:18,Entertainment
4127,C9173,74.88,2023-06-04 10:44:18,Grocery
4844,C6439,88.45,2023-06-04 10:46:55,Electronics
4455,C9589,38.39,2023-06-04 10:48:56,Electronics
5921,C2577,68.89,2023-06-04 10:50:12,Grocery
4574,C5817,75.05,2023-06-04 10:50:29,Electronics
5652,C5382,36.61,2023-06-04 10:51:06,Entertainment
9010,C7735,150.0,2023-06-04 10:51:13,Grocery
6346,C3619,0.84,2023-06-04 10:52:20,Retail
1116,C6573,29.72,2023-06-04 10:52:20,Retail
5174,C6877,58.51,2023-06-04 10:53:42,Restaurant
4457,C3846,0.46,2023-06-04 10:54:36,Restaurant
6927,C8429,76.13,2023-06-04 10:55:09,Retail
4513,C8646,60.34,2023-06-04 10:56:03,Retail
10291,C4105,93.14,2023-06-04 10:56:14,Restaurant
9604,C3689,75.69,2023-06-04 10:56:34,Grocery
4619,C1076,76.91,2023-06-04 10:56:47,Restaurant
10200,C1119,30.31,2023-06-04 11:06:09,Grocery
9799,C5578,40.83,2023-06-04 11:07:08,Restaurant
5111,C1182,82.7,2023-06-04 11:10:19,Grocery
7882,C7788,59.75,2023-06-04 11:12:19,Retail
2161,C8048,97.57,2023-06-04 11:12:40,Retail
7672,C9515,37.68,2023-06-04 11:12:50,Restaurant
3247,C9743,0.91,2023-06-04 11:12:55,Retail
10571,C3165,39.92,2023-06-04 11:12:56,Restaurant
2773,C4342,46.12,2023-06-04 11:13:19,Grocery
7399,C9743,15.77,2023-06-04 11:15:30,Restaurant
10389,C1854,74.84,2023-06-04 11:16:00,Retail
6447,C1025,106.72,2023-06-04 11:16:20,Electronics
5902,C9289,77.88,2023-06-04 11:17:57,Restaurant
8479,C5382,78.13,2023-06-04 11:19:23,Retail
2061,C3222,80.39,2023-06-04 11:21:12,Grocery
4798,C1894,80.08,2023-06-04 11:21:30,Electronics
9191,C6013,71.43,2023-06-04 11:21:43,Entertainment
3709,C3758,19.22,2023-06-04 11:23:01,Entertainment
10618,C9057,60.38,2023-06-04 11:25:54,Retail
3552,C7815,51.97,2023-06-04 11:26:40,Grocery
2739,C5496,85.67,2023-06-04 11:27:05,Electronics
1260,C4044,30.52,2023-06-04 11:27:29,Retail
4371,C8357,109.68,2023-06-04 11:28:39,Retail
6607,C8304,80.96,2023-06-04 11:28:45,Grocery
2571,C3986,71.66,2023-06-04 11:31:19,Retail
6373,C1094,50.15,2023-06-04 11:32:10,Entertainment
9224,C2243,81.81,2023-06-04 11:32:37,Entertainment
10310,C9222,71.97,2023-06-04 11:33:14,Entertainment
4009,C4361,70.37,2023-06-04 11:33:32,Restaurant
4809,C6421,65.6,2023-06-04 11:33:45,Restaurant
7652,C4506,70.5,2023-06-04 11:33:47,Entertainment
3898,C7401,65.54,2023-06-04 11:35:20,Entertainment
7271,C2326,1.09,2023-06-04 11:35:36,Electronics
8259,C5668,77.44,2023-06-04 11:35:52,Grocery
6261,C8763,40.24,2023-06-04 11:36:29,Grocery
6966,C3438,54.48,2023-06-04 11:37:36,Electronics
9490,C6359,33.69,2023-06-04 11:38:27,Retail
7082,C3703,48.92,2023-06-04 11:38:42,Entertainment
7987,C5550,72.41,2023-06-04 11:39:35,Restaurant
10598,C1729,95.04,2023-06-04 11:39:38,Entertainment
8226,C3519,88.57,2023-06-04 11:39:43,Retail
6658,C9977,10.0,2023-06-04 11:39:47,Entertainment
6276,C8197,48.08,2023-06-04 11:40:22,Restaurant
7380,C3641,60.08,2023-06-04 11:40:29,Retail
6900,C7737,1.0,2023-06-04 11:42:58,Retail
4180,C4084,100.88,2023-06-04 11:45:00,Retail
10657,C2854,1000.0,2023-06-04 11:46:15,Retail
10846,C6593,89.11,2023-06-04 11:46:51,Grocery
10155,C3337,25.7,2023-06-04 11:47:45,Entertainment
2570,C8840,78.84,2023-06-04 11:47:51,Restaurant
1893,C4826,68.54,2023-06-04 11:48:13,Grocery
1621,C5425,46.89,2023-06-04 11:48:34,Restaurant
6078,C5301,70.28,2023-06-04 11:49:17,Grocery
8106,C3955,69.89,2023-06-04 11:50:20,Entertainment
7165,C6343,43.93,2023-06-04 11:50:57,Electronics
9852,C4610,47.93,2023-06-04 11:51:23,Restaurant
7660,C6813,10.0,2023-06-04 11:53:22,Restaurant
8033,C9973,100.03,2023-06-04 11:54:19,Grocery
9288,C4694,10.0,2023-06-04 11:57:39,Grocery
9755,C3042,60.41,2023-06-04 11:58:46,Electronics
6267,C7694,81.63,2023-06-04 11:58:52,Grocery
5522,C3555,81.19,2023-06-04 11:59:44,Entertainment
7413,C5842,60.17,2023-06-04 11:59:55,Grocery
8207,C9335,56.26,2023-06-04 12:02:09,Retail
3566,C8178,10.0,2023-06-04 12:04:03,Retail
6096,C6298,72.86,2023-06-04 12:04:29,Restaurant
9708,C6045,35.21,2023-06-04 12:04:47,Restaurant
10056,C5807,67.38,2023-06-04 12:05:07,Electronics
6547,C8526,54.89,2023-06-04 12:05:09,Retail
3870,C2195,84.53,2023-06-04 12:06:08,Retail
1190,C8744,75.1,2023-06-04 12:06:14,Entertainment
9132,C4934,45.38,2023-06-04 12:06:56,Grocery
6905,C6759,45.31,2023-06-04 12:08:48,Entertainment
6116,C7124,50.37,2023-06-04 12:09:53,Entertainment
1786,C8078,71.08,2023-06-04 12:10:29,Retail
6279,C8496,109.31,2023-06-04 12:10:55,Retail
6810,C3770,82.17,2023-06-04 12:11:20,Retail
7611,C8065,56.81,2023-06-04 12:11:31,Restaurant
4817,C2291,62.48,2023-06-04 12:14:05,Electronics
10514,C4592,5807.16,2023-06-04 12:15:47,Retail
1616,C8532,82.46,2023-06-04 12:18:27,Entertainment
3426,C8353,20.74,2023-06-04 12:19:26,Entertainment
3175,C6224,89.61,2023-06-04 12:20:41,Grocery
7791,C1913,44.21,2023-06-04 12:21:02,Entertainment
4843,C8445,97.55,2023-06-04 12:21:11,Grocery
10469,C4015,70.5,2023-06-04 12:23:12,Restaurant
5043,C5856,78.19,2023-06-04 12:23:44,Restaurant
2986,C1611,29.48,2023-06-04 12:24:19,Entertainment
10542,C3885,1000.0,2023-06-04 12:26:42,Restaurant
2365,C4084,17.77,2023-06-04 12:27:24,Grocery
1415,C9308,37.72,2023-06-04 12:28:02,Restaurant
2456,C8218,61.79,2023-06-04 12:29:23,Restaurant
10123,C1161,106.9,2023-06-04 12:30:27,Retail
9423,C2878,36.1,2023-06-04 12:33:27,Entertainment
5006,C7814,46.55,2023-06-04 12:34:44,Grocery
6314,C9470,34.1,2023-06-04 12:35:00,Restaurant
3385,C2600,77.59,2023-06-04 12:36:07,Retail
3056,C4618,31.17,2023-06-04 12:37:13,Electronics
10280,C2780,70.6,2023-06-04 12:39:16,Restaurant
6331,C4308,81.86,2023-06-04 12:39:55,Restaurant
8715,C4814,107.05,2023-06-04 12:40:29,Electronics
5757,C5454,59.45,2023-06-04 12:41:21,Restaurant
7207,C2416,43.97,2023-06-04 12:42:09,Electronics
9593,C3057,92.02,2023-06-04 12:43:38,Retail
8039,C8264,75.95,2023-06-04 12:44:16,Retail
10124,C2604,26.68,2023-06-04 12:45:02,Entertainment
9892,C9515,90.73,2023-06-04 12:46:46,Entertainment
4906,C7762,49.5,2023-06-04 12:47:16,Retail
4433,C3201,34.76,2023-06-04 12:48:54,Electronics
6195,C1482,51.84,2023-06-04 12:49:10,Grocery
7137,C1706,36.27,2023-06-04 12:49:46,Entertainment
4125,C5026,53.71,2023-06-04 12:50:08,Entertainment
2065,C9850,71.45,2023-06-04 12:51:31,Restaurant
4074,C9412,64.84,2023-06-04 12:54:04,Grocery
8251,C4933,27.67,2023-06-04 12:54:43,Electronics
7341,C7883,0.72,2023-06-04 12:55:57,Entertainment
4250,C5088,101.68,2023-06-04 12:58:11,Retail
3588,C8080,10.0,2023-06-04 12:59:03,Entertainment
6361,C5731,1.11,2023-06-04 12:59:19,Restaurant
9938,C7407,112.28,2023-06-04 13:00:57,Retail
6166,C2631,52.79,2023-06-04 13:01:28,Electronics
8744,C2386,68.65,2023-06-04 13:02:45,Entertainment
1831,C9494,86.9,2023-06-04 13:03:29,Electronics
8582,C9383,38.1,2023-06-04 13:04:55,Retail
6979,C7617,49.27,2023-06-04 13:05:59,Restaurant
1257,C1931,35.14,2023-06-04 13:06:08,Grocery
6699,C4369,79.95,2023-06-04 13:06:32,Grocery
8303,C5921,53.69,2023-06-04 13:06:34,Retail
3554,C2901,52.53,2023-06-04 13:06:43,Retail
3093,C8429,58.65,2023-06-04 13:07:59,Electronics
2719,C3102,37.49,2023-06-04 13:11:00,Restaurant
3334,C7112,92.22,2023-06-04 13:11:39,Retail
1488,C5246,64.71,2023-06-04 13:14:36,Restaurant
10525,C4614,93.89,2023-06-04 13:15:28,Retail
6441,C9154,110.93,2023-06-04 13:17:00,Restaurant
7250,C3650,16.2,2023-06-04 13:18:02,Restaurant
6395,C5889,62.05,2023-06-04 13:18:13,Entertainment
1502,C9849,84.46,2023-06-04 13:22:08,Restaurant
8172,C8139,0.44,2023-06-04 13:22:24,Grocery
9915,C4534,38.74,2023-06-04 13:22:58,Electronics
2894,C4968,27.43,2023-06-04 13:24:20,Electronics
1581,C8758,48.61,2023-06-04 13:25:16,Entertainment
6648,C2752,55.24,2023-06-04 13:26:27,Electronics
10586,C3672,93.77,2023-06-04 13:26:45,Retail
7318,C8501,52.97,2023-06-04 13:27:05,Restaurant
6134,C4471,4993.29,2023-06-04 13:27:38,Retail
3483,C3910,33.61,2023-06-04 13:27:50,Retail
2589,C4131,50.92,2023-06-04 13:27:54,Grocery
1261,C2122,60.26,2023-06-04 13:29:01,Restaurant
6533,C9192,81.6,2023-06-04 13:31:20,Restaurant
10217,C1834,53.96,2023-06-04 13:33:31,Retail
2283,C6802,10.0,2023-06-04 13:35:35,Entertainment
9687,C8462,68.32,2023-06-04 13:36:21,Retail
9830,C9158,43.68,2023-06-04 13:36:42,Entertainment
1428,C9977,5309.35,2023-06-04 13:36:46,Entertainment
9908,C1562,56.21,2023-06-04 13:36:53,Retail
9410,C1731,71.24,2023-06-04 13:37:02,Electronics
5056,C7950,53.19,2023-06-04 13:37:19,Restaurant
9199,C2376,85.96,2023-06-04 13:38:30,Grocery
1508,C3503,44.27,2023-06-04 13:40:28,Restaurant
8306,C8007,13.91,2023-06-04 13:41:30,Grocery
5895,C8362,40.71,2023-06-04 13:42:09,Restaurant
2524,C7878,85.93,2023-06-04 13:45:21,Restaurant
3947,C4742,22.15,2023-06-04 13:45:27,Retail
7054,C8474,71.83,2023-06-04 13:45:27,Retail
5521,C6833,74.0,2023-06-04 13:45:51,Electronics
6772,C1620,36.79,2023-06-04 13:46:20,Entertainment
7810,C6654,91.69,2023-06-04 13:46:20,Restaurant
6405,C8460,93.65,2023-06-04 13:47:44,Restaurant
9900,C3370,64.7,2023-06-04 13:50:03,Grocery
1936,C8269,10.0,2023-06-04 13:50:07,Grocery
8635,C4519,52.42,2023-06-04 13:51:14,Retail
7191,C3084,81.02,2023-06-04 13:51:33,Grocery
3057,C4590,77.32,2023-06-04 13:54:15,Retail
7821,C5995,42.84,2023-06-04 13:54:45,Restaurant
4134,C3248,77.53,2023-06-04 13:56:30,Entertainment
5970,C7802,50.2,2023-06-04 13:56:54,Entertainment
3536,C5239,63.76,2023-06-04 13:57:01,Restaurant
5013,C4495,0.99,2023-06-04 13:57:47,Retail
7925,C6087,26.88,2023-06-04 13:58:18,Entertainment
1328,C3647,33.04,2023-06-04 13:59:04,Grocery
9744,C3993,91.94,2023-06-04 14:00:03,Retail
8969,C2584,54.63,2023-06-04 14:00:13,Entertainment
8331,C7819,47.71,2023-06-04 14:00:29,Electronics
5520,C5091,102.98,2023-06-04 14:00:32,Retail
8825,C7942,10.0,2023-06-04 14:00:48,Retail
10795,C2070,33.88,2023-06-04 14:00:51,Entertainment
9590,C1853,44.23,2023-06-04 14:01:00,Retail
7720,C5472,55.27,2023-06-04 14:01:30,Electronics
2352,C8565,99.86,2023-06-04 14:07:42,Retail
10624,C6854,81.36,2023-06-04 14:08:57,Restaurant
2577,C4302,44.9,2023-06-04 14:09:09,Retail
7435,C4639,54.14,2023-06-04 14:10:46,Grocery
7478,C9606,10.0,2023-06-04 14:12:15,Grocery
10465,C7393,91.64,2023-06-04 14:16:39,Electronics
6637,C2849,50.29,2023-06-04 14:18:01,Electronics
6951,C3357,78.04,2023-06-04 14:18:46,Grocery
10108,C5425,37.43,2023-06-04 14:18:49,Entertainment
8317,C8612,74.48,2023-06-04 14:19:06,Electronics
5150,C2143,80.74,2023-06-04 14:19:17,Entertainment
2192,C7730,86.53,2023-06-04 14:20:08,Grocery
3082,C3695,119.1,2023-06-04 14:22:32,Restaurant
7194,C5597,72.18,2023-06-04 14:22:37,Electronics
9577,C1885,47.76,2023-06-04 14:22:48,Restaurant
1833,C9167,107.51,2023-06-04 14:23:03,Grocery
8688,C4532,69.08,2023-06-04 14:23:04,Electronics
8591,C4954,52.12,2023-06-04 14:23:51,Entertainment
3667,C5503,71.23,2023-06-04 14:24:30,Retail
6374,C9084,20.05,2023-06-04 14:26:08,Electronics
8922,C2065,68.18,2023-06-04 14:27:17,Entertainment
1094,C7543,54.33,2023-06-04 14:27:38,Electronics
7910,C2055,55.17,2023-06-04 14:27:59,Electronics
4621,C9745,89.78,2023-06-04 14:28:08,Entertainment
5662,C1378,74.99,2023-06-04 14:29:09,Restaurant
6358,C6047,48.01,2023-06-04 14:29:29,Entertainment
8372,C4961,83.28,2023-06-04 14:29:55,Entertainment
7984,C7943,67.18,2023-06-04 14:34:05,Restaurant
7183,C7119,101.83,2023-06-04 14:35:16,Grocery
5231,C9485,57.71,2023-06-04 14:36:03,Retail
2927,C5571,40.57,2023-06-04 14:38:13,Electronics
8414,C6174,64.91,2023-06-04 14:38:23,Retail
2614,C5813,101.84,2023-06-04 14:38:57,Entertainment
6105,C6644,2.08,2023-06-04 14:39:11,Electronics
6594,C8268,58.54,2023-06-04 14:39:28,Entertainment
9269,C8559,75.87,2023-06-04 14:41:06,Retail
6824,C5509,77.71,2023-06-04 14:43:01,Grocery
1336,C1590,72.13,2023-06-04 14:43:18,Grocery
9274,C8025,1000.0,2023-06-04 14:44:09,Retail
5354,C5170,42.37,2023-06-04 14:44:41,Grocery
2455,C7026,54.49,2023-06-04 14:46:28,Electronics
7596,C2943,10.0,2023-06-04 14:46:43,Entertainment
10735,C3295,22.34,2023-06-04 14:47:17,Entertainment
5181,C3293,1.24,2023-06-04 14:47:24,Retail
8145,C3938,6263.74,2023-06-04 14:47:40,Grocery
1430,C5978,8409.37,2023-06-04 14:47:59,Retail
4535,C4937,61.31,2023-06-04 14:48:56,Restaurant
9238,C1627,41.29,2023-06-04 14:49:55,Electronics
10528,C4341,46.86,2023-06-04 14:52:54,Entertainment
4253,C5205,48.55,2023-06-04 14:53:04,Restaurant
8189,C8150,37.03,2023-06-04 14:54:14,Grocery
4466,C4262,55.25,2023-06-04 14:56:01,Restaurant
2575,C1605,59.93,2023-06-04 14:56:29,Restaurant
10458,C9723,90.69,2023-06-04 14:57:16,Grocery
7046,C1750,73.81,2023-06-04 14:58:50,Entertainment
3126,C2314,66.4,2023-06-04 14:58:56,Grocery
6187,C6822,56.86,2023-06-04 15:00:03,Electronics
8071,C4747,51.64,2023-06-04 15:00:51,Retail
2117,C6304,53.01,2023-06-04 15:01:17,Electronics
5058,C4368,63.2,2023-06-04 15:01:35,Electronics
1414,C5920,54.14,2023-06-04 15:01:55,Retail
6727,C8130,77.87,2023-06-04 15:02:06,Grocery
1118,C5808,34.3,2023-06-04 15:02:17,Restaurant
2816,C6781,96.31,2023-06-04 15:02:17,Electronics
7595,C1471,53.82,2023-06-04 15:05:15,Entertainment
5180,C5597,51.96,2023-06-04 15:05:47,Grocery
8944,C6922,97.56,2023-06-04 15:05:53,Grocery
8360,C2435,92.37,2023-06-04 15:05:54,Entertainment
3073,C6927,25.87,2023-06-04 15:06:17,Electronics
6684,C6364,45.06,2023-06-04 15:09:11,Restaurant
5136,C8557,77.89,2023-06-04 15:10:27,Restaurant
7578,C2867,2.2,2023-06-04 15:11:02,Electronics
4926,C5684,71.58,2023-06-04 15:16:39,Restaurant
3040,C5947,57.09,2023-06-04 15:17:21,Retail
6229,C2939,42.78,2023-06-04 15:17:23,Entertainment
5109,C5883,50.29,2023-06-04 15:17:42,Electronics
10957,C4465,15.92,2023-06-04 15:19:21,Electronics
4931,C1414,52.44,2023-06-04 15:20:50,Restaurant
9363,C2048,52.95,2023-06-04 15:21:18,Retail
4509,C6713,56.15,2023-06-04 15:22:54,Entertainment
8162,C3095,65.35,2023-06-04 15:23:23,Entertainment
9988,C7150,37.57,2023-06-04 15:23:33,Grocery
10218,C7925,81.75,2023-06-04 15:23:36,Grocery
4748,C8171,62.0,2023-06-04 15:25:19,Restaurant
9780,C6514,67.6,2023-06-04 15:25:23,Entertainment
4115,C7990,115.78,2023-06-04 15:26:03,Grocery
5686,C4757,116.02,2023-06-04 15:26:44,Entertainment
3013,C8518,6667.48,2023-06-04 15:27:48,Entertainment
7230,C7974,68.28,2023-06-04 15:29:58,Grocery
6153,C8617,51.58,2023-06-04 15:31:12,Grocery
5028,C6258,89.12,2023-06-04 15:31:24,Entertainment
9178,C8918,51.72,2023-06-04 15:31:49,Retail
3184,C5508,36.82,2023-06-04 15:35:35,Retail
9784,C4925,35.38,2023-06-04 15:36:22,Entertainment
10328,C5742,83.45,2023-06-04 15:36:40,Retail
6599,C1826,22.05,2023-06-04 15:36:51,Electronics
2300,C3815,64.78,2023-06-04 15:37:27,Entertainment
1575,C5051,66.81,2023-06-04 15:38:26,Entertainment
3283,C3773,61.59,2023-06-04 15:39:12,Entertainment
1961,C5161,88.71,2023-06-04 15:39:57,Grocery
5838,C4568,8132.08,2023-06-04 15:40:24,Entertainment
7064,C6527,67.37,2023-06-04 15:40:35,Retail
7715,C3011,78.06,2023-06-04 15:40:49,Grocery
10063,C6769,79.21,2023-06-04 15:41:02,Retail
5905,C1306,46.89,2023-06-04 15:42:57,Grocery
6622,C8709,77.21,2023-06-04 15:45:16,Entertainment
5637,C5694,64.87,2023-06-04 15:46:23,Entertainment
9463,C6051,63.4,2023-06-04 15:47:14,Retail
1899,C7325,57.97,2023-06-04 15:48:29,Entertainment
5600,C9470,10.0,2023-06-04 15:49:07,Restaurant
10716,C7958,85.26,2023-06-04 15:50:03,Grocery
6238,C8258,59.07,2023-06-04 15:51:24,Restaurant
10890,C5696,40.3,2023-06-04 15:53:05,Entertainment
7809,C8014,74.31,2023-06-04 15:53:22,Retail
5388,C7065,1.62,2023-06-04 15:56:11,Entertainment
4724,C2229,75.81,2023-06-04 15:57:30,Restaurant
8086,C1231,31.87,2023-06-04 15:58:26,Retail
5827,C6293,61.48,2023-06-04 15:58:37,Electronics
1873,C6568,101.04,2023-06-04 15:59:35,Grocery
5955,C2153,71.58,2023-06-04 15:59:44,Grocery
5176,C8978,95.41,2023-06-04 16:03:06,Electronics
3571,C1732,79.29,2023-06-04 16:03:39,Retail
10512,C1170,39.12,2023-06-04 16:06:48,Entertainment
1536,C8956,73.02,2023-06-04 16:08:53,Retail
10509,C5831,54.03,2023-06-04 16:10:41,Retail
1224,C1241,30.81,2023-06-04 16:11:16,Electronics
3115,C1519,101.75,2023-06-04 16:12:13,Grocery
8790,C4318,52.47,2023-06-04 16:13:04,Entertainment
10092,C9780,74.12,2023-06-04 16:14:16,Electronics
8677,C7135,67.2,2023-06-04 16:14:46,Grocery
6942,C3915,78.49,2023-06-04 16:15:01,Entertainment
4449,C3604,83.81,2023-06-04 16:16:15,Grocery
6598,C8712,52.51,2023-06-04 16:18:16,Entertainment
2004,C6977,64.5,2023-06-04 16:18:41,Entertainment
4043,C2223,9992.58,2023-06-04 16:19:09,Retail
9127,C2818,39.48,2023-06-04 16:19:52,Grocery
1178,C4750,51.76,2023-06-04 16:21:03,Restaurant
1347,C5088,74.48,2023-06-04 16:22:22,Grocery
9898,C8546,74.31,2023-06-04 16:22:39,Entertainment
5906,C6965,41.44,2023-06-04 16:23:30,Entertainment
6874,C6172,50.53,2023-06-04 16:23:31,Entertainment
6247,C4783,51.4,2023-06-04 16:25:03,Electronics
10160,C5081,31.07,2023-06-04 16:25:03,Electronics
2191,C3002,21.56,2023-06-04 16:26:57,Retail
5351,C2600,71.22,2023-06-04 16:27:06,Retail
10773,C8674,10.0,2023-06-04 16:27:21,Electronics
7799,C2006,59.67,2023-06-04 16:27:27,Grocery
2978,C4267,106.78,2023-06-04 16:29:41,Entertainment
3443,C3778,81.05,2023-06-04 16:29:46,Entertainment
3470,C7483,51.52,2023-06-04 16:30:21,Electronics
8536,C3385,41.78,2023-06-04 16:31:10,Retail
8687,C5644,50.39,2023-06-04 16:32:46,Retail
3495,C4273,57.91,2023-06-04 16:35:11,Electronics
10265,C3029,55.33,2023-06-04 16:35:44,Electronics
1640,C8988,54.52,2023-06-04 16:35:54,Retail
1026,C7924,1.16,2023-06-04 16:37:51,Grocery
7644,C9664,69.09,2023-06-04 16:39:46,Electronics
2557,C6850,54.36,2023-06-04 16:40:18,Retail
2756,C1496,66.61,2023-06-04 16:42:52,Electronics
10117,C6944,89.65,2023-06-04 16:43:35,Electronics
4274,C5831,26.8,2023-06-04 16:43:42,Electronics
3789,C2559,69.97,2023-06-04 16:45:05,Restaurant
1613,C2729,53.19,2023-06-04 16:47:01,Restaurant
1015,C4811,64.4,2023-06-04 16:48:21,Entertainment
9765,C2000,12.34,2023-06-04 16:49:03,Retail
6570,C6228,88.49,2023-06-04 16:50:46,Entertainment
4613,C8105,74.94,2023-06-04 16:51:29,Grocery
1338,C3426,12.99,2023-06-04 16:51:50,Grocery
4606,C5481,63.76,2023-06-04 16:52:22,Entertainment
7350,C6503,68.47,2023-06-04 16:53:44,Retail
4083,C2551,77.32,2023-06-04 16:54:06,Entertainment
7252,C1399,77.47,2023-06-04 16:54:15,Grocery
3452,C2036,68.84,2023-06-04 16:54:26,Electronics
3829,C2420,79.44,2023-06-04 16:58:31,Restaurant
5943,C4419,64.53,2023-06-04 16:58:33,Retail
4983,C3131,56.57,2023-06-04 16:58:56,Retail
8006,C1128,58.71,2023-06-04 16:59:08,Retail
7181,C3917,35.32,2023-06-04 16:59:20,Restaurant
6047,C4714,93.13,2023-06-04 17:00:27,Electronics
2642,C2101,55.55,2023-06-04 17:01:40,Entertainment
9831,C2426,14.91,2023-06-04 17:01:57,Grocery
7060,C4613,78.84,2023-06-04 17:03:26,Entertainment
4157,C1959,42.62,2023-06-04 17:03:29,Entertainment
8122,C7513,67.27,2023-06-04 17:03:36,Electronics
5939,C7002,17.93,2023-06-04 17:04:16,Grocery
2176,C6120,34.05,2023-06-04 17:05:55,Retail
9309,C2779,24.83,2023-06-04 17:07:47,Electronics
1382,C9346,87.67,2023-06-04 17:08:07,Retail
1888,C8460,24.44,2023-06-04 17:08:24,Entertainment
6139,C9991,50.86,2023-06-04 17:08:56,Entertainment
3638,C9804,64.62,2023-06-04 17:09:05,Restaurant
4081,C8408,73.7,2023-06-04 17:09:06,Entertainment
8330,C2364,58.43,2023-06-04 17:09:37,Electronics
1254,C9238,52.62,2023-06-04 17:12:19,Entertainment
7603,C4438,96.21,2023-06-04 17:14:01,Grocery
6887,C7408,84.47,2023-06-04 17:16:52,Entertainment
4887,C8912,105.18,2023-06-04 17:18:45,Electronics
3711,C5794,93.23,2023-06-04 17:20:01,Retail
7866,C6518,35.63,2023-06-04 17:20:44,Entertainment
2885,C8775,52.63,2023-06-04 17:21:09,Retail
8198,C2843,53.85,2023-06-04 17:21:56,Restaurant
1880,C3434,56.32,2023-06-04 17:22:05,Entertainment
1029,C3547,62.68,2023-06-04 17:24:07,Restaurant
9543,C1347,81.15,2023-06-04 17:26:05,Entertainment
6453,C7793,46.78,2023-06-04 17:27:01,Grocery
2138,C8504,24.33,2023-06-04 17:28:08,Entertainment
2168,C7779,36.95,2023-06-04 17:29:42,Entertainment
7878,C8092,25.85,2023-06-04 17:30:18,Restaurant
7212,C8757,79.59,2023-06-04 17:31:38,Grocery
7557,C2570,69.71,2023-06-04 17:32:06,Restaurant
2977,C8822,65.77,2023-06-04 17:34:46,Entertainment
8668,C2980,45.49,2023-06-04 17:34:48,Electronics
9745,C4143,42.68,2023-06-04 17:35:56,Electronics
3604,C6340,82.89,2023-06-04 17:36:22,Entertainment
7622,C2085,58.32,2023-06-04 17:36:24,Restaurant
5360,C7695,95.57,2023-06-04 17:37:01,Electronics
2890,C3793,48.95,2023-06-04 17:37:52,Entertainment
6917,C2415,73.41,2023-06-04 17:38:03,Retail
6592,C6549,71.24,2023-06-04 17:38:04,Retail
2696,C4878,100.6,2023-06-04 17:38:18,Electronics
7546,C9419,65.04,2023-06-04 17:39:02,Retail
2837,C5728,5319.48,2023-06-04 17:40:40,Grocery
2302,C6928,56.73,2023-06-04 17:41:03,Grocery
3367,C6152,81.04,2023-06-04 17:41:23,Entertainment
10924,C2787,22.88,2023-06-04 17:41:27,Entertainment
10011,C5888,79.33,2023-06-04 17:42:44,Entertainment
5099,C1504,61.2,2023-06-04 17:42:54,Retail
10203,C6653,44.57,2023-06-04 17:43:05,Retail
7131,C2846,54.09,2023-06-04 17:43:53,Electronics
2817,C1797,34.47,2023-06-04 17:44:27,Restaurant
2727,C3507,99.93,2023-06-04 17:44:31,Electronics
4051,C8635,68.1,2023-06-04 17:44:32,Entertainment
7085,C1666,64.61,2023-06-04 17:45:16,Retail
3143,C9715,84.66,2023-06-04 17:46:21,Retail
9280,C7139,48.53,2023-06-04 17:47:23,Entertainment
4486,C1449,0.39,2023-06-04 17:48:51,Retail
10885,C3301,74.17,2023-06-04 17:49:10,Entertainment
7379,C3514,52.41,2023-06-04 17:53:56,Electronics
3992,C9083,46.88,2023-06-04 17:54:10,Entertainment
7122,C6929,4513.81,2023-06-04 17:54:44,Retail
9346,C7373,65.6,2023-06-04 17:55:06,Electronics
5603,C8972,99.33,2023-06-04 17:55:06,Grocery
2742,C9740,34.0,2023-06-04 17:55:43,Entertainment
2462,C7859,1.5,2023-06-04 17:55:48,Electronics
8436,C3148,53.42,2023-06-04 17:56:25,Grocery
9896,C1150,53.93,2023-06-04 17:56:36,Grocery
7407,C6246,93.57,2023-06-04 17:57:31,Grocery
9234,C2612,87.3,2023-06-04 17:57:34,Retail
8425,C3643,57.53,2023-06-04 17:57:41,Entertainment
6804,C3744,90.68,2023-06-04 17:57:45,Grocery
8490,C9311,69.49,2023-06-04 17:58:49,Retail
1204,C1993,61.09,2023-06-04 18:00:31,Grocery
10506,C5326,57.14,2023-06-04 18:02:11,Retail
1471,C8611,1.92,2023-06-04 18:02:42,Entertainment
4834,C2489,74.63,2023-06-04 18:03:09,Restaurant
10354,C1628,54.91,2023-06-04 18:04:48,Electronics
4017,C2524,45.66,2023-06-04 18:05:19,Grocery
3496,C9939,59.5,2023-06-04 18:06:31,Entertainment
2215,C3955,80.97,2023-06-04 18:10:56,Entertainment
4710,C9980,7615.11,2023-06-04 18:13:37,Restaurant
5259,C1108,10.0,2023-06-04 18:15:13,Electronics
3982,C2415,96.4,2023-06-04 18:17:15,Retail
4091,C3141,28.86,2023-06-04 18:19:44,Entertainment
4335,C7078,69.26,2023-06-04 18:20:43,Retail
6531,C1408,58.32,2023-06-04 18:20:45,Restaurant
3276,C6530,43.96,2023-06-04 18:21:00,Retail
6144,C9631,111.05,2023-06-04 18:21:30,Retail
5201,C5767,47.92,2023-06-04 18:23:28,Grocery
4602,C6134,89.68,2023-06-04 18:26:14,Electronics
1226,C4872,76.71,2023-06-04 18:26:17,Entertainment
8396,C6469,19.36,2023-06-04 18:30:25,Grocery
2878,C1272,57.93,2023-06-04 18:33:11,Entertainment
1980,C2747,4674.42,2023-06-04 18:33:15,Entertainment
7818,C6113,69.63,2023-06-04 18:33:20,Entertainment
8461,C5273,0.08,2023-06-04 18:33:49,Grocery
9362,C8302,94.17,2023-06-04 18:34:33,Grocery
6893,C3947,41.13,2023-06-04 18:34:38,Electronics
7800,C1461,67.39,2023-06-04 18:34:39,Electronics
3619,C5873,56.79,2023-06-04 18:34:52,Restaurant
6631,C6320,66.95,2023-06-04 18:35:04,Grocery
4342,C8204,70.92,2023-06-04 18:35:36,Entertainment
2499,C6493,4100.92,2023-06-04 18:36:11,Restaurant
10863,C6071,39.4,2023-06-04 18:37:12,Grocery
4987,C6415,80.18,2023-06-04 18:39:38,Restaurant
6791,C1864,48.35,2023-06-04 18:40:15,Electronics
5971,C2728,66.69,2023-06-04 18:41:17,Entertainment
2441,C8170,84.4,2023-06-04 18:41:24,Grocery
8784,C7763,16.11,2023-06-04 18:42:00,Retail
6716,C6885,66.08,2023-06-04 18:42:12,Electronics
2713,C6194,35.14,2023-06-04 18:44:35,Entertainment
4575,C8598,54.24,2023-06-04 18:45:57,Entertainment
5923,C2092,56.76,2023-06-04 18:48:00,Restaurant
10095,C5413,44.81,2023-06-04 18:48:34,Restaurant
2990,C1595,60.87,2023-06-04 18:50:48,Grocery
1230,C8886,19.6,2023-06-04 18:50:50,Grocery
7001,C3893,53.73,2023-06-04 18:51:24,Restaurant
8013,C4446,45.65,2023-06-04 18:51:59,Retail
9254,C6679,93.73,2023-06-04 18:53:23,Restaurant
9622,C8231,55.95,2023-06-04 18:53:40,Electronics
1734,C5871,87.58,2023-06-04 18:53:44,Restaurant
5038,C9426,107.43,2023-06-04 18:54:34,Retail
2917,C3837,113.12,2023-06-04 18:55:38,Retail
6469,C2865,10.0,2023-06-04 18:56:31,Retail
1245,C5861,79.35,2023-06-04 18:58:05,Entertainment
1972,C5901,60.67,2023-06-04 18:58:40,Retail
4777,C8997,1.06,2023-06-04 18:59:38,Grocery
5389,C8925,57.93,2023-06-04 19:01:13,Retail
10453,C1744,71.88,2023-06-04 19:02:01,Electronics
1360,C5065,110.33,2023-06-04 19:03:34,Restaurant
6660,C8903,67.54,2023-06-04 19:04:20,Restaurant
7156,C2160,73.26,2023-06-04 19:08:01,Restaurant
8869,C8807,77.15,2023-06-04 19:08:07,Restaurant
5829,C1691,116.77,2023-06-04 19:08:23,Restaurant
7524,C7114,59.52,2023-06-04 19:08:24,Entertainment
4588,C1885,57.81,2023-06-04 19:09:20,Retail
8589,C9846,69.67,2023-06-04 19:09:46,Grocery
10235,C7449,33.73,2023-06-04 19:10:48,Retail
2914,C9609,35.04,2023-06-04 19:10:57,Grocery
4292,C8113,1.34,2023-06-04 19:11:50,Electronics
6340,C8362,60.84,2023-06-04 19:12:14,Retail
7084,C4991,65.33,2023-06-04 19:13:08,Retail
7391,C1568,70.52,2023-06-04 19:13:52,Electronics
9788,C1937,88.96,2023-06-04 19:14:03,Entertainment
3079,C4312,48.01,2023-06-04 19:14:44,Entertainment
8919,C3875,3726.21,2023-06-04 19:15:27,Retail
2444,C6968,43.06,2023-06-04 19:16:22,Restaurant
7775,C3897,49.11,2023-06-04 19:16:46,Retail
1894,C7730,42.26,2023-06-04 19:17:20,Retail
2002,C8222,28.02,2023-06-04 19:17:31,Entertainment
8818,C4333,51.88,2023-06-04 19:19:56,Entertainment
7517,C2093,68.53,2023-06-04 19:23:14,Restaurant
8865,C6381,46.08,2023-06-04 19:24:28,Entertainment
4720,C9095,82.36,2023-06-04 19:25:29,Grocery
5035,C1404,51.17,2023-06-04 19:28:26,Restaurant
8680,C8961,62.85,2023-06-04 19:28:56,Retail
10409,C6920,96.33,2023-06-04 19:28:56,Restaurant
3974,C9450,39.45,2023-06-04 19:33:31,Grocery
6519,C5958,10.0,2023-06-04 19:35:37,Restaurant
3978,C8620,107.97,2023-06-04 19:35:47,Entertainment
4055,C9780,96.92,2023-06-04 19:36:04,Restaurant
10100,C7876,65.86,2023-06-04 19:36:55,Restaurant
2774,C6573,54.09,2023-06-04 19:37:58,Retail
6985,C8898,43.76,2023-06-04 19:39:10,Restaurant
9928,C5900,67.38,2023-06-04 19:40:10,Grocery
1711,C6582,83.2,2023-06-04 19:40:29,Grocery
2075,C4559,12.92,2023-06-04 19:41:12,Entertainment
6885,C2610,62.15,2023-06-04 19:42:27,Entertainment
4087,C2989,45.14,2023-06-04 19:42:34,Entertainment
10823,C6428,2484.91,2023-06-04 19:45:44,Grocery
3823,C6753,35.3,2023-06-04 19:45:46,Electronics
9121,C3884,81.79,2023-06-04 19:45:50,Grocery
2134,C4629,91.12,2023-06-04 19:46:33,Restaurant
1370,C6728,91.32,2023-06-04 19:47:39,Retail
5592,C3389,58.15,2023-06-04 19:48:03,Entertainment
10683,C4770,18.21,2023-06-04 19:49:35,Retail
8505,C3257,41.02,2023-06-04 19:54:30,Restaurant
3393,C5478,19.24,2023-06-04 19:54:39,Restaurant
7788,C8797,99.44,2023-06-04 19:55:27,Electronics
9592,C4345,83.0,2023-06-04 19:55:53,Grocery
5475,C5098,69.58,2023-06-04 19:59:49,Entertainment
9454,C4549,82.24,2023-06-04 20:02:18,Entertainment
6172,C4258,56.96,2023-06-04 20:02:58,Grocery
7642,C2623,48.47,2023-06-04 20:03:54,Entertainment
1070,C7216,55.97,2023-06-04 20:04:13,Restaurant
3848,C4090,66.24,2023-06-04 20:05:52,Restaurant
5828,C3598,46.26,2023-06-04 20:08:16,Retail
7107,C4919,44.31,2023-06-04 20:08:20,Electronics
10113,C7664,92.1,2023-06-04 20:09:20,Entertainment
2580,C1686,0.39,2023-06-04 20:09:25,Entertainment
1965,C8622,65.08,2023-06-04 20:10:55,Restaurant
10922,C9767,36.45,2023-06-04 20:12:42,Electronics
10928,C7503,82.67,2023-06-04 20:14:05,Grocery
7139,C6966,70.96,2023-06-04 20:14:42,Electronics
7942,C1906,60.48,2023-06-04 20:14:53,Grocery
6024,C5093,74.97,2023-06-04 20:17:42,Restaurant
7538,C6917,64.22,2023-06-04 20:18:22,Grocery
1020,C7873,72.4,2023-06-04 20:18:44,Retail
6871,C5731,40.44,2023-06-04 20:19:20,Restaurant
2643,C4866,94.74,2023-06-04 20:20:25,Entertainment
3167,C4839,87.05,2023-06-04 20:22:01,Entertainment
1697,C9751,83.82,2023-06-04 20:22:11,Retail
6642,C5624,63.74,2023-06-04 20:22:59,Entertainment
10356,C4148,1.32,2023-06-04 20:23:07,Grocery
8848,C7476,78.3,2023-06-04 20:25:22,Retail
9563,C3199,80.01,2023-06-04 20:25:31,Entertainment
3577,C4996,99.76,2023-06-04 20:26:40,Electronics
1149,C2133,74.02,2023-06-04 20:28:42,Grocery
9858,C9060,32.71,2023-06-04 20:29:14,Grocery
7234,C2605,65.55,2023-06-04 20:32:58,Retail
6711,C2022,87.15,2023-06-04 20:33:20,Restaurant
4283,C3636,10.0,2023-06-04 20:33:36,Electronics
7071,C4493,42.13,2023-06-04 20:33:46,Electronics
4730,C5327,82.66,2023-06-04 20:34:26,Entertainment
6714,C1870,29.31,2023-06-04 20:35:41,Retail
9801,C7036,78.48,2023-06-04 20:36:37,Electronics
1562,C5558,69.65,2023-06-04 20:37:15,Restaurant
3343,C7640,53.9,2023-06-04 20:37:45,Restaurant
2775,C3353,40.5,2023-06-04 20:39:37,Electronics
5051,C9736,69.01,2023-06-04 20:40:00,Entertainment
5941,C2161,74.28,2023-06-04 20:40:26,Electronics
9130,C5998,68.71,2023-06-04 20:42:06,Grocery
6755,C9346,1922.83,2023-06-04 20:42:30,Electronics
8124,C7283,64.3,2023-06-04 20:44:03,Electronics
4377,C1699,29.43,2023-06-04 20:44:19,Entertainment
1409,C8066,99.48,2023-06-04 20:48:29,Restaurant
10596,C3016,45.85,2023-06-04 20:49:53,Restaurant
5186,C2235,115.79,2023-06-04 20:50:27,Grocery
10997,C6185,43.06,2023-06-04 20:50:40,Restaurant
9968,C1922,80.02,2023-06-04 20:50:46,Retail
2280,C9725,51.95,2023-06-04 20:51:13,Entertainment
3000,C5662,31.65,2023-06-04 20:55:27,Restaurant
5682,C3544,56.56,2023-06-04 20:57:24,Retail
1133,C3646,78.69,2023-06-04 20:58:07,Electronics
5886,C9906,59.34,2023-06-04 21:02:20,Grocery
7741,C9161,33.72,2023-06-04 21:04:21,Entertainment
6343,C9582,70.0,2023-06-04 21:04:38,Retail
10531,C8308,134.63,2023-06-04 21:05:19,Entertainment
4015,C3332,56.88,2023-06-04 21:05:53,Grocery
3545,C9199,44.84,2023-06-04 21:07:09,Entertainment
3867,C9951,94.81,2023-06-04 21:08:03,Restaurant
8292,C9638,27.67,2023-06-04 21:08:10,Restaurant
4550,C4643,50.68,2023-06-04 21:08:58,Grocery
8706,C9270,55.29,2023-06-04 21:09:00,Electronics
1232,C7570,68.57,2023-06-04 21:09:29,Entertainment
5966,C4164,41.15,2023-06-04 21:13:01,Entertainment
8238,C3118,50.38,2023-06-04 21:15:22,Retail
7814,C1924,75.67,2023-06-04 21:18:16,Electronics
6566,C4154,39.88,2023-06-04 21:19:38,Restaurant
10877,C2461,38.71,2023-06-04 21:20:38,Grocery
1940,C1753,40.64,2023-06-04 21:21:09,Retail
7554,C5932,29.76,2023-06-04 21:22:19,Entertainment
2717,C9476,8099.57,2023-06-04 21:24:01,Retail
10193,C9156,40.85,2023-06-04 21:25:02,Electronics
9753,C2404,64.62,2023-06-04 21:25:26,Entertainment
10560,C2642,69.9,2023-06-04 21:25:41,Grocery
10421,C4120,82.6,2023-06-04 21:26:49,Electronics
6834,C4869,32.44,2023-06-04 21:26:53,Grocery
9330,C8449,66.38,2023-06-04 21:27:57,Electronics
6676,C2599,128.99,2023-06-04 21:28:24,Restaurant
1883,C8935,88.5,2023-06-04 21:29:01,Electronics
1686,C5530,83.69,2023-06-04 21:30:20,Restaurant
9759,C1486,91.7,2023-06-04 21:33:08,Retail
1174,C4608,80.64,2023-06-04 21:33:28,Electronics
3244,C5637,82.37,2023-06-04 21:33:43,Electronics
3798,C1152,39.93,2023-06-04 21:35:15,Entertainment
2351,C6085,64.33,2023-06-04 21:35:53,Grocery
8401,C9121,61.42,2023-06-04 21:36:13,Entertainment
8468,C6533,33.12,2023-06-04 21:36:25,Grocery
2393,C6401,0.29,2023-06-04 21:36:45,Retail
2151,C2076,26.37,2023-06-04 21:37:33,Grocery
1765,C4683,74.34,2023-06-04 21:37:57,Grocery
8377,C5930,48.03,2023-06-04 21:40:42,Restaurant
7915,C3631,0.6,2023-06-04 21:41:54,Electronics
1726,C5066,40.41,2023-06-04 21:42:03,Retail
6226,C6201,56.34,2023-06-04 21:43:10,Grocery
5690,C3071,81.93,2023-06-04 21:44:01,Grocery
7257,C4030,27.62,2023-06-04 21:45:23,Electronics
2357,C5703,79.32,2023-06-04 21:45:48,Electronics
9165,C2062,98.31,2023-06-04 21:46:48,Electronics
4944,C4342,59.05,2023-06-04 21:46:51,Grocery
5427,C1175,72.88,2023-06-04 21:47:09,Restaurant
7405,C3381,42.31,2023-06-04 21:49:58,Restaurant
4669,C9761,76.82,2023-06-04 21:50:53,Grocery
6835,C8944,69.72,2023-06-04 21:51:13,Restaurant
8860,C5029,1.18,2023-06-04 21:51:24,Grocery
4462,C1541,68.74,2023-06-04 21:51:56,Entertainment
2225,C3324,33.0,2023-06-04 21:53:16,Entertainment
3281,C3756,107.45,2023-06-04 21:53:38,Grocery
6867,C3378,71.66,2023-06-04 21:55:00,Retail
1251,C1936,117.65,2023-06-04 21:56:20,Electronics
8906,C1602,11.65,2023-06-04 21:56:29,Entertainment
6825,C5209,25.75,2023-06-04 21:56:35,Electronics
4522,C5890,53.75,2023-06-04 21:56:52,Retail
6091,C5034,69.0,2023-06-04 21:57:11,Entertainment
9790,C6410,58.39,2023-06-04 21:57:16,Restaurant
2242,C1815,83.07,2023-06-04 21:58:01,Electronics
9342,C9789,62.68,2023-06-04 21:59:08,Retail
6437,C6797,71.25,2023-06-04 21:59:33,Retail
2396,C5655,82.62,2023-06-04 22:00:26,Entertainment
8361,C3049,119.14,2023-06-04 22:01:12,Grocery
10204,C5001,69.62,2023-06-04 22:01:19,Entertainment
4752,C6615,47.57,2023-06-04 22:02:16,Grocery
9770,C4458,99.61,2023-06-04 22:02:36,Entertainment
7402,C1408,45.71,2023-06-04 22:05:51,Restaurant
7802,C3100,19.58,2023-06-04 22:06:29,Electronics
1510,C2052,99.09,2023-06-04 22:08:46,Restaurant
1574,C1508,70.54,2023-06-04 22:08:49,Restaurant
8234,C6397,20.36,2023-06-04 22:09:07,Restaurant
9129,C4444,4397.94,2023-06-04 22:13:03,Grocery
3939,C1908,63.09,2023-06-04 22:14:21,Restaurant
6830,C8317,46.54,2023-06-04 22:15:36,Retail
9233,C4731,84.61,2023-06-04 22:16:30,Grocery
1561,C7211,0.93,2023-06-04 22:16:39,Retail
7325,C2791,52.88,2023-06-04 22:16:49,Entertainment
6080,C7529,87.07,2023-06-04 22:17:53,Restaurant
1745,C3847,34.2,2023-06-04 22:18:11,Entertainment
9947,C3144,54.09,2023-06-04 22:20:22,Electronics
8549,C3473,52.79,2023-06-04 22:22:30,Grocery
3308,C1257,40.83,2023-06-04 22:22:59,Retail
7757,C9270,26.67,2023-06-04 22:24:27,Entertainment
9014,C7290,60.48,2023-06-04 22:25:14,Restaurant
10943,C9930,43.97,2023-06-04 22:26:08,Grocery
2920,C6608,63.31,2023-06-04 22:28:28,Retail
6410,C6289,1.66,2023-06-04 22:29:47,Grocery
2324,C6752,62.59,2023-06-04 22:30:08,Restaurant
4482,C3679,10.0,2023-06-04 22:30:10,Electronics
8700,C8411,28.4,2023-06-04 22:30:30,Restaurant
7113,C5934,34.62,2023-06-04 22:31:11,Retail
7826,C9821,45.73,2023-06-04 22:34:37,Restaurant
1503,C2320,76.59,2023-06-04 22:35:15,Retail
4827,C1291,89.92,2023-06-04 22:37:26,Restaurant
2861,C9508,101.08,2023-06-04 22:37:44,Entertainment
7641,C2119,69.22,2023-06-04 22:37:49,Retail
10635,C6486,77.04,2023-06-04 22:38:12,Entertainment
8035,C8426,63.72,2023-06-04 22:38:21,Restaurant
5337,C3135,62.23,2023-06-04 22:39:19,Grocery
4386,C2425,101.33,2023-06-04 22:39:23,Electronics
1403,C8144,48.6,2023-06-04 22:39:31,Restaurant
4089,C2010,58.76,2023-06-04 22:39:35,Electronics
5988,C7755,70.06,2023-06-04 22:48:04,Grocery
3405,C2204,58.26,2023-06-04 22:48:12,Electronics
4282,C7151,63.67,2023-06-04 22:48:22,Retail
6558,C2689,54.11,2023-06-04 22:48:54,Retail
10849,C6554,39.11,2023-06-04 22:48:56,Electronics
1695,C5952,71.69,2023-06-04 22:50:16,Retail
10725,C6984,42.7,2023-06-04 22:51:36,Retail
2628,C6776,15.59,2023-06-04 22:52:54,Restaurant
8881,C8293,80.26,2023-06-04 22:53:06,Electronics
8141,C7466,0.69,2023-06-04 22:54:50,Grocery
2342,C2118,87.24,2023-06-04 22:54:56,Grocery
3102,C7487,42.95,2023-06-04 22:55:20,Restaurant
8948,C1769,64.16,2023-06-04 22:56:10,Entertainment
4393,C1202,51.51,2023-06-04 22:58:03,Restaurant
4763,C2852,4544.15,2023-06-04 23:00:11,Restaurant
3630,C9369,87.97,2023-06-04 23:01:31,Electronics
3390,C7499,65.24,2023-06-04 23:02:35,Retail
3480,C4290,52.04,2023-06-04 23:02:53,Electronics
10282,C8198,13.16,2023-06-04 23:05:22,Restaurant
5575,C7945,10.0,2023-06-04 23:06:37,Grocery
8655,C3119,45.56,2023-06-04 23:06:54,Grocery
4975,C3847,3653.27,2023-06-04 23:08:13,Retail
2417,C6940,91.33,2023-06-04 23:09:28,Grocery
1045,C5803,69.3,2023-06-04 23:11:25,Entertainment
8130,C1853,22.08,2023-06-04 23:15:23,Electronics
2443,C7731,107.6,2023-06-04 23:15:43,Retail
2287,C8147,80.68,2023-06-04 23:16:45,Grocery
5934,C7366,70.09,2023-06-04 23:17:11,Retail
6806,C5981,107.03,2023-06-04 23:17:36,Grocery
6495,C4412,58.58,2023-06-04 23:17:58,Retail
10208,C3761,79.6,2023-06-04 23:21:37,Entertainment
9429,C2117,74.31,2023-06-04 23:24:01,Grocery
3048,C6026,13.0,2023-06-04 23:25:26,Electronics
8289,C4673,21.38,2023-06-04 23:27:32,Restaurant
2939,C2996,70.93,2023-06-04 23:28:58,Electronics
4075,C1802,71.82,2023-06-04 23:30:57,Restaurant
7576,C9612,98.57,2023-06-04 23:32:37,Retail
10373,C9353,72.23,2023-06-04 23:33:20,Restaurant
10648,C1035,43.77,2023-06-04 23:33:50,Entertainment
7914,C5702,27.82,2023-06-04 23:37:26,Grocery
3685,C7965,35.44,2023-06-04 23:39:21,Entertainment
3587,C4053,4864.87,2023-06-04 23:40:52,Retail
9250,C5278,52.82,2023-06-04 23:45:25,Retail
3818,C2120,58.0,2023-06-04 23:47:56,Grocery
1387,C2889,16.39,2023-06-04 23:48:56,Restaurant
4874,C2765,49.06,2023-06-04 23:49:06,Retail
10984,C7866,94.31,2023-06-04 23:49:21,Retail
9377,C7407,59.7,2023-06-04 23:50:42,Restaurant
10175,C6007,38.98,2023-06-04 23:54:31,Grocery
2059,C4846,54.31,2023-06-04 23:56:13,Retail
8045,C6140,66.24,2023-06-04 23:56:24,Electronics
1484,C8305,88.65,2023-06-04 23:56:26,Grocery
10606,C1019,63.68,2023-06-04 23:57:47,Retail
3454,C8121,62.0,2023-06-05 00:00:58,Grocery
9278,C8372,40.35,2023-06-05 00:03:43,Restaurant
8247,C2516,2470.11,2023-06-05 00:04:17,Restaurant
8128,C2561,64.31,2023-06-05 00:04:53,Entertainment
2550,C7397,5876.45,2023-06-05 00:05:11,Restaurant
4143,C8859,66.08,2023-06-05 00:06:30,Restaurant
1467,C7965,53.01,2023-06-05 00:06:38,Entertainment
9960,C4205,34.89,2023-06-05 00:06:56,Grocery
1437,C8244,106.3,2023-06-05 00:07:19,Entertainment
3274,C5026,46.37,2023-06-05 00:09:01,Restaurant
3653,C7290,43.18,2023-06-05 00:10:08,Electronics
1465,C1090,45.59,2023-06-05 00:10:23,Entertainment
1780,C9199,50.71,2023-06-05 00:10:32,Retail
8958,C2340,115.26,2023-06-05 00:11:39,Grocery
9189,C7486,70.81,2023-06-05 00:11:43,Restaurant
8031,C6764,10.0,2023-06-05 00:11:50,Retail
10368,C4633,31.72,2023-06-05 00:12:07,Retail
8255,C4411,108.38,2023-06-05 00:12:45,Restaurant
8056,C3187,13.84,2023-06-05 00:13:32,Grocery
5724,C1172,77.19,2023-06-05 00:13:37,Retail
5161,C3762,86.88,2023-06-05 00:14:12,Retail
9054,C7042,47.33,2023-06-05 00:15:01,Grocery
4453,C7609,20.48,2023-06-05 00:18:57,Entertainment
6473,C1477,63.85,2023-06-05 00:19:20,Restaurant
2519,C4893,0.8,2023-06-05 00:19:24,Restaurant
8943,C9119,26.5,2023-06-05 00:20:35,Electronics
6964,C1307,82.43,2023-06-05 00:20:52,Entertainment
6180,C6465,55.31,2023-06-05 00:22:22,Electronics
10296,C7898,67.66,2023-06-05 00:23:14,Entertainment
6023,C7014,0.77,2023-06-05 00:24:40,Entertainment
5555,C8537,37.24,2023-06-05 00:25:25,Electronics
1623,C8921,45.75,2023-06-05 00:25:49,Electronics
3909,C1901,74.51,2023-06-05 00:26:14,Electronics
2812,C9281,47.27,2023-06-05 00:28:31,Electronics
10925,C2406,35.83,2023-06-05 00:30:56,Grocery
1080,C2084,50.29,2023-06-05 00:33:32,Restaurant
5743,C4089,76.66,2023-06-05 00:34:14,Entertainment
10224,C6537,75.56,2023-06-05 00:35:41,Retail
7351,C7745,50.94,2023-06-05 00:36:44,Grocery
8404,C8987,60.04,2023-06-05 00:38:32,Restaurant
1805,C6700,54.46,2023-06-05 00:39:38,Electronics
2432,C9626,40.0,2023-06-05 00:39:46,Electronics
5320,C3166,87.52,2023-06-05 00:39:58,Electronics
6274,C2083,78.63,2023-06-05 00:40:35,Grocery
9103,C5760,113.02,2023-06-05 00:41:00,Grocery
3238,C8846,88.39,2023-06-05 00:41:13,Electronics
9914,C8836,41.68,2023-06-05 00:42:21,Entertainment
1725,C2395,37.9,2023-06-05 00:42:25,Retail
5605,C5111,126.05,2023-06-05 00:43:46,Restaurant
3960,C7870,24.0,2023-06-05 00:48:04,Retail
5671,C2565,34.4,2023-06-05 00:49:11,Grocery
3429,C2692,55.79,2023-06-05 00:49:14,Entertainment
6165,C9331,55.89,2023-06-05 00:49:17,Entertainment
1262,C2113,44.07,2023-06-05 00:49:26,Electronics
3502,C5773,73.47,2023-06-05 00:50:33,Grocery
6345,C9383,57.45,2023-06-05 00:51:43,Entertainment
4005,C1023,22.86,2023-06-05 00:52:52,Retail
8158,C5266,71.81,2023-06-05 00:53:30,Grocery
5937,C5193,48.53,2023-06-05 00:53:51,Grocery
3543,C7408,5238.74,2023-06-05 00:53:52,Entertainment
1710,C8216,40.7,2023-06-05 00:55:45,Grocery
5227,C7052,102.96,2023-06-05 00:56:52,Retail
2674,C4279,77.49,2023-06-05 00:58:40,Restaurant
1140,C2832,83.95,2023-06-05 00:59:44,Grocery
2901,C7861,69.66,2023-06-05 01:00:07,Entertainment
7236,C9114,3992.66,2023-06-05 01:00:28,Grocery
8670,C5744,43.08,2023-06-05 01:00:30,Entertainment
5131,C4183,44.51,2023-06-05 01:00:47,Grocery
5954,C1666,29.76,2023-06-05 01:03:09,Retail
8653,C8942,44.21,2023-06-05 01:06:02,Entertainment
7029,C1918,14.0,2023-06-05 01:06:36,Retail
6982,C4700,66.68,2023-06-05 01:08:22,Electronics
7062,C4320,45.27,2023-06-05 01:09:08,Retail
9551,C3253,76.22,2023-06-05 01:10:39,Restaurant
8950,C7882,2571.96,2023-06-05 01:10:59,Grocery
7179,C4541,36.78,2023-06-05 01:12:02,Entertainment
2669,C5264,28.65,2023-06-05 01:13:14,Electronics
10424,C2616,66.63,2023-06-05 01:15:03,Entertainment
4894,C6273,90.47,2023-06-05 01:15:44,Retail
2948,C2294,18.62,2023-06-05 01:16:05,Restaurant
7502,C1040,62.68,2023-06-05 01:19:32,Electronics
3795,C4705,80.2,2023-06-05 01:20:09,Entertainment
6222,C3215,92.61,2023-06-05 01:21:10,Retail
1126,C9317,59.48,2023-06-05 01:21:41,Grocery
6297,C9812,71.12,2023-06-05 01:23:08,Retail
4107,C8552,57.22,2023-06-05 01:24:31,Restaurant
5295,C5231,1.21,2023-06-05 01:26:31,Electronics
3533,C2735,7861.28,2023-06-05 01:26:39,Entertainment
10033,C8327,75.02,2023-06-05 01:26:52,Restaurant
5796,C7084,69.99,2023-06-05 01:28:49,Retail
2299,C6321,37.4,2023-06-05 01:29:39,Electronics
2412,C2531,0.3,2023-06-05 01:30:30,Restaurant
8183,C4000,81.25,2023-06-05 01:31:25,Retail
2654,C3255,63.09,2023-06-05 01:33:26,Restaurant
4375,C4157,73.1,2023-06-05 01:34:59,Grocery
2332,C3504,31.79,2023-06-05 01:35:03,Retail
6431,C8924,113.83,2023-06-05 01:36:56,Restaurant
8386,C8295,31.9,2023-06-05 01:37:19,Grocery
1477,C8612,25.85,2023-06-05 01:38:30,Retail
6941,C5336,65.22,2023-06-05 01:38:48,Electronics
2720,C3981,37.97,2023-06-05 01:42:04,Entertainment
3014,C5215,39.38,2023-06-05 01:42:49,Restaurant
2418,C6060,114.92,2023-06-05 01:42:59,Retail
7439,C2369,78.33,2023-06-05 01:44:29,Electronics
5248,C2275,63.0,2023-06-05 01:44:33,Restaurant
10302,C5354,107.11,2023-06-05 01:44:58,Retail
4227,C3086,65.45,2023-06-05 01:45:36,Restaurant
8580,C4501,28.09,2023-06-05 01:45:40,Retail
3608,C5298,78.91,2023-06-05 01:46:10,Electronics
5581,C5581,24.89,2023-06-05 01:46:32,Restaurant
5328,C2577,46.74,2023-06-05 01:46:41,Restaurant
5744,C7745,56.64,2023-06-05 01:47:25,Restaurant
5370,C4365,82.1,2023-06-05 01:47:32,Entertainment
8652,C3082,60.56,2023-06-05 01:47:48,Grocery
7678,C2347,38.11,2023-06-05 01:48:54,Restaurant
2093,C1828,75.85,2023-06-05 01:49:08,Entertainment
4885,C1795,47.79,2023-06-05 01:51:37,Grocery
6559,C9529,26.96,2023-06-05 01:55:07,Electronics
6595,C1831,65.25,2023-06-05 01:55:56,Retail
9399,C7041,35.48,2023-06-05 01:57:25,Entertainment
4402,C2654,84.46,2023-06-05 01:59:22,Electronics
10169,C5519,67.32,2023-06-05 01:59:56,Electronics
4628,C1293,56.25,2023-06-05 02:01:59,Retail
3069,C2341,77.58,2023-06-05 02:02:10,Retail
2668,C5288,38.4,2023-06-05 02:02:12,Grocery
9483,C2582,51.28,2023-06-05 02:02:34,Entertainment
3071,C8319,73.74,2023-06-05 02:02:39,Grocery
6877,C2595,1.55,2023-06-05 02:02:58,Grocery
3783,C1848,2700.6,2023-06-05 02:03:24,Electronics
3164,C1724,36.5,2023-06-05 02:04:10,Entertainment
7665,C4728,10.0,2023-06-05 02:05:36,Restaurant
3365,C1539,50.64,2023-06-05 02:05:44,Restaurant
6842,C3525,94.8,2023-06-05 02:06:25,Retail
9067,C2120,44.39,2023-06-05 02:06:43,Entertainment
10198,C1227,85.91,2023-06-05 02:07:33,Restaurant
8895,C4629,36.09,2023-06-05 02:08:05,Entertainment
6089,C4212,101.54,2023-06-05 02:08:23,Grocery
1351,C3532,53.58,2023-06-05 02:08:50,Restaurant
2838,C2204,67.66,2023-06-05 02:09:42,Grocery
3016,C1230,56.99,2023-06-05 02:09:59,Restaurant
6121,C4982,33.88,2023-06-05 02:13:19,Restaurant
3201,C8758,86.6,2023-06-05 02:14:03,Restaurant
3348,C1154,72.16,2023-06-05 02:15:34,Restaurant
3350,C2354,10.0,2023-06-05 02:16:16,Grocery
7934,C3235,57.83,2023-06-05 02:16:29,Grocery
9316,C3910,10.0,2023-06-05 02:17:17,Restaurant
7047,C4976,14.09,2023-06-05 02:18:21,Entertainment
5183,C4218,60.19,2023-06-05 02:19:14,Retail
5456,C5530,82.26,2023-06-05 02:20:05,Retail
2353,C8404,73.8,2023-06-05 02:21:15,Restaurant
3349,C3807,103.68,2023-06-05 02:21:33,Electronics
10848,C3149,47.77,2023-06-05 02:21:57,Grocery
1176,C2163,73.82,2023-06-05 02:22:27,Electronics
1801,C8141,1.39,2023-06-05 02:22:31,Entertainment
5168,C6889,85.55,2023-06-05 02:22:50,Entertainment
4137,C9614,45.0,2023-06-05 02:24:01,Retail
1111,C5119,47.39,2023-06-05 02:24:18,Grocery
9888,C7941,26.22,2023-06-05 02:27:42,Electronics
4299,C7705,48.37,2023-06-05 02:28:03,Retail
10970,C8396,46.72,2023-06-05 02:28:04,Grocery
5146,C3100,34.25,2023-06-05 02:28:04,Retail
8822,C3755,21.08,2023-06-05 02:29:00,Retail
5313,C3747,44.17,2023-06-05 02:32:31,Electronics
3796,C9510,72.86,2023-06-05 02:32:52,Entertainment
3955,C6963,29.26,2023-06-05 02:33:15,Entertainment
8527,C3260,0.38,2023-06-05 02:33:59,Retail
6709,C3089,50.21,2023-06-05 02:35:29,Electronics
2072,C5583,51.35,2023-06-05 02:35:49,Retail
10578,C2742,2869.95,2023-06-05 02:36:33,Retail
2074,C7070,51.05,2023-06-05 02:36:59,Entertainment
8626,C3401,78.63,2023-06-05 02:37:05,Electronics
7201,C6629,70.25,2023-06-05 02:37:22,Grocery
3257,C6246,96.88,2023-06-05 02:37:29,Retail
1908,C2633,78.75,2023-06-05 02:38:36,Entertainment
9568,C7797,22.25,2023-06-05 02:39:07,Retail
7589,C3277,67.47,2023-06-05 02:39:16,Electronics
9262,C4728,90.37,2023-06-05 02:39:35,Electronics
9164,C8711,10.0,2023-06-05 02:40:09,Retail
10583,C3281,46.24,2023-06-05 02:40:16,Electronics
3811,C6133,33.76,2023-06-05 02:40:19,Electronics
10710,C1915,79.63,2023-06-05 02:41:29,Retail
2359,C2479,19.32,2023-06-05 02:42:41,Restaurant
7857,C4507,33.18,2023-06-05 02:43:09,Restaurant
9465,C1858,39.2,2023-06-05 02:44:10,Electronics
8556,C6139,86.45,2023-06-05 02:45:17,Retail
3586,C4022,25.5,2023-06-05 02:47:55,Retail
3590,C1478,84.1,2023-06-05 02:49:49,Grocery
1979,C8916,51.75,2023-06-05 02:51:03,Grocery
4703,C9571,56.84,2023-06-05 02:51:11,Entertainment
2656,C7012,62.52,2023-06-05 02:52:13,Entertainment
7280,C8624,64.17,2023-06-05 02:52:16,Restaurant
3489,C6339,96.94,2023-06-05 02:52:55,Grocery
3075,C2838,91.59,2023-06-05 02:53:39,Retail
10159,C7064,26.45,2023-06-05 02:53:59,Grocery
10634,C9691,45.28,2023-06-05 02:54:24,Grocery
1486,C8777,38.14,2023-06-05 02:58:23,Grocery
6827,C2827,96.6,2023-06-05 03:02:06,Retail
3927,C1480,73.83,2023-06-05 03:02:13,Retail
9890,C6980,82.98,2023-06-05 03:02:38,Grocery
1402,C1727,26.19,2023-06-05 03:03:22,Restaurant
1238,C5345,35.3,2023-06-05 03:03:31,Retail
5220,C6878,29.19,2023-06-05 03:05:11,Retail
2104,C1046,1.19,2023-06-05 03:05:11,Entertainment
10207,C8350,41.35,2023-06-05 03:05:44,Grocery
8267,C6882,125.17,2023-06-05 03:05:51,Grocery
1021,C4611,107.79,2023-06-05 03:05:51,Entertainment
3299,C3474,38.6,2023-06-05 03:05:51,Restaurant
1065,C3803,57.16,2023-06-05 03:06:09,Restaurant
1889,C6272,45.02,2023-06-05 03:06:25,Electronics
10766,C4471,10.93,2023-06-05 03:07:11,Entertainment
9730,C3890,56.44,2023-06-05 03:07:26,Retail
1064,C2169,94.43,2023-06-05 03:07:29,Grocery
1675,C5118,1000.0,2023-06-05 03:08:51,Grocery
10751,C1178,84.06,2023-06-05 03:09:24,Entertainment
6256,C8680,55.42,2023-06-05 03:10:03,Grocery
4849,C2596,91.15,2023-06-05 03:13:13,Retail
6859,C5937,42.2,2023-06-05 03:13:58,Grocery
6932,C3653,63.06,2023-06-05 03:14:23,Entertainment
1284,C8508,1.11,2023-06-05 03:15:13,Grocery
10300,C4260,88.34,2023-06-05 03:15:26,Retail
5290,C9399,46.38,2023-06-05 03:16:40,Grocery
1188,C9834,118.12,2023-06-05 03:17:14,Electronics
10864,C9964,91.67,2023-06-05 03:18:54,Electronics
7118,C4144,0.61,2023-06-05 03:19:27,Retail
6022,C5341,19.55,2023-06-05 03:26:30,Electronics
10794,C2744,75.58,2023-06-05 03:26:34,Electronics
4477,C8308,74.71,2023-06-05 03:27:06,Retail
1291,C3170,53.52,2023-06-05 03:27:09,Restaurant
9011,C4819,42.69,2023-06-05 03:27:49,Grocery
1229,C8956,60.86,2023-06-05 03:27:50,Grocery
2111,C2801,87.54,2023-06-05 03:29:01,Retail
10675,C7278,74.91,2023-06-05 03:29:24,Grocery
10738,C8703,84.38,2023-06-05 03:35:08,Restaurant
3342,C2531,60.68,2023-06-05 03:35:30,Entertainment
3708,C9827,40.23,2023-06-05 03:35:45,Entertainment
5412,C2444,25.83,2023-06-05 03:36:02,Restaurant
10425,C2226,77.91,2023-06-05 03:36:27,Entertainment
2233,C6585,41.88,2023-06-05 03:37:53,Retail
1096,C4593,61.56,2023-06-05 03:38:24,Electronics
10102,C6183,34.47,2023-06-05 03:41:00,Electronics
4989,C3536,75.73,2023-06-05 03:41:10,Electronics
1625,C8136,71.04,2023-06-05 03:41:19,Retail
6959,C1571,51.72,2023-06-05 03:42:09,Restaurant
9557,C7156,59.86,2023-06-05 03:43:36,Retail
8673,C3511,1.22,2023-06-05 03:43:42,Restaurant
10325,C1131,34.74,2023-06-05 03:43:55,Entertainment
7906,C5919,67.03,2023-06-05 03:43:56,Electronics
9115,C3855,37.85,2023-06-05 03:44:25,Restaurant
1012,C1488,78.31,2023-06-05 03:44:31,Restaurant
3228,C4082,60.16,2023-06-05 03:45:26,Restaurant
1506,C4788,60.5,2023-06-05 03:46:02,Entertainment
1272,C5272,49.47,2023-06-05 03:52:18,Retail
7527,C5252,68.03,2023-06-05 03:53:27,Retail
7790,C9301,86.17,2023-06-05 03:53:55,Retail
8745,C9741,54.34,2023-06-05 03:54:11,Restaurant
8939,C5489,56.31,2023-06-05 03:55:56,Retail
3400,C4043,63.52,2023-06-05 03:56:35,Retail
6949,C9061,32.47,2023-06-05 03:59:41,Electronics
6095,C8046,16.86,2023-06-05 04:00:24,Entertainment
4306,C1813,10.0,2023-06-05 04:00:54,Entertainment
4933,C3381,1.15,2023-06-05 04:01:26,Grocery
8696,C1732,52.16,2023-06-05 04:01:46,Restaurant
7130,C4173,23.02,2023-06-05 04:05:18,Grocery
5414,C5310,122.13,2023-06-05 04:05:27,Restaurant
1243,C3536,7345.83,2023-06-05 04:05:45,Restaurant
1673,C5438,43.21,2023-06-05 04:06:46,Electronics
10181,C4932,76.68,2023-06-05 04:07:55,Entertainment
10805,C1735,72.12,2023-06-05 04:07:58,Restaurant
2121,C1858,89.93,2023-06-05 04:08:44,Retail
5985,C6163,10.0,2023-06-05 04:08:53,Entertainment
4307,C7437,44.24,2023-06-05 04:08:54,Retail
4493,C4387,47.82,2023-06-05 04:10:46,Electronics
5807,C8702,1.33,2023-06-05 04:11:25,Retail
6735,C6902,10.0,2023-06-05 04:11:42,Entertainment
4333,C7349,71.53,2023-06-05 04:12:02,Retail
7890,C9457,44.85,2023-06-05 04:15:47,Restaurant
6790,C6119,60.16,2023-06-05 04:18:36,Grocery
6516,C4893,46.34,2023-06-05 04:18:49,Restaurant
6780,C5578,34.19,2023-06-05 04:19:06,Restaurant
3753,C5399,97.25,2023-06-05 04:19:39,Grocery
6486,C6490,62.2,2023-06-05 04:21:33,Electronics
3585,C7636,12.66,2023-06-05 04:22:01,Restaurant
4900,C7518,1000.0,2023-06-05 04:22:06,Entertainment
5999,C7505,40.31,2023-06-05 04:26:44,Retail
10417,C2742,25.35,2023-06-05 04:27:59,Retail
5548,C9232,1062.6,2023-06-05 04:29:15,Retail
5697,C6328,54.49,2023-06-05 04:30:12,Retail
10759,C7941,30.52,2023-06-05 04:32:51,Electronics
2598,C7553,93.46,2023-06-05 04:33:18,Grocery
5205,C9362,0.31,2023-06-05 04:33:47,Retail
10125,C7179,23.03,2023-06-05 04:34:34,Retail
8509,C7811,81.9,2023-06-05 04:35:46,Grocery
1277,C7484,61.54,2023-06-05 04:35:47,Entertainment
1494,C5499,62.57,2023-06-05 04:36:31,Entertainment
3542,C7129,70.32,2023-06-05 04:42:57,Entertainment
10400,C6956,78.35,2023-06-05 04:44:02,Entertainment
4977,C2955,73.04,2023-06-05 04:45:59,Retail
3645,C6154,75.74,2023-06-05 04:46:04,Grocery
1728,C7818,27.51,2023-06-05 04:46:17,Restaurant
8772,C7672,37.66,2023-06-05 04:46:20,Grocery
4095,C2376,72.97,2023-06-05 04:46:38,Entertainment
9367,C6388,42.3,2023-06-05 04:46:59,Entertainment
5459,C8450,22.42,2023-06-05 04:48:36,Retail
2874,C9721,59.96,2023-06-05 04:51:49,Restaurant
10402,C5986,1000.0,2023-06-05 04:51:58,Grocery
2747,C3804,32.85,2023-06-05 04:52:50,Restaurant
6052,C9591,107.44,2023-06-05 04:53:01,Grocery
9012,C1173,51.99,2023-06-05 04:54:35,Restaurant
5244,C3848,60.36,2023-06-05 04:54:36,Retail
3674,C9369,73.56,2023-06-05 04:54:39,Electronics
3636,C4043,78.78,2023-06-05 04:55:50,Retail
10719,C2736,17.11,2023-06-05 04:56:06,Entertainment
8911,C4212,62.26,2023-06-05 04:56:08,Retail
8774,C1965,39.44,2023-06-05 04:56:19,Grocery
9725,C9600,77.87,2023-06-05 04:56:46,Restaurant
3781,C7092,87.22,2023-06-05 04:56:53,Entertainment
8135,C1745,77.89,2023-06-05 04:57:25,Electronics
10609,C4713,28.72,2023-06-05 04:57:56,Grocery
6413,C2108,56.39,2023-06-05 04:58:08,Restaurant
3005,C3198,49.63,2023-06-05 05:00:06,Grocery
5542,C1887,64.67,2023-06-05 05:01:25,Grocery
1531,C4613,73.44,2023-06-05 05:01:38,Retail
9286,C6810,48.02,2023-06-05 05:02:05,Electronics
4465,C6904,75.34,2023-06-05 05:04:16,Grocery
3397,C6829,96.56,2023-06-05 05:08:04,Entertainment
5517,C4387,8448.46,2023-06-05 05:10:20,Entertainment
5299,C1305,87.43,2023-06-05 05:11:32,Restaurant
2963,C9700,36.5,2023-06-05 05:15:50,Restaurant
6016,C2544,0.47,2023-06-05 05:17:14,Retail
7206,C4763,42.26,2023-06-05 05:18:10,Grocery
5676,C1431,89.16,2023-06-05 05:21:16,Restaurant
5049,C3742,3596.78,2023-06-05 05:21:20,Retail
10733,C3988,35.33,2023-06-05 05:22:02,Electronics
5860,C1983,3708.72,2023-06-05 05:22:46,Retail
4284,C2228,45.86,2023-06-05 05:24:00,Retail
4660,C4460,41.89,2023-06-05 05:24:38,Grocery
7779,C8056,63.47,2023-06-05 05:24:39,Restaurant
3704,C1972,1000.0,2023-06-05 05:25:37,Retail
10767,C7560,36.76,2023-06-05 05:25:37,Entertainment
2267,C5938,79.65,2023-06-05 05:25:39,Restaurant
9645,C6459,90.87,2023-06-05 05:25:47,Grocery
3515,C8851,10.0,2023-06-05 05:25:48,Restaurant
2177,C5176,42.27,2023-06-05 05:25:52,Restaurant
9359,C4304,10.0,2023-06-05 05:27:28,Entertainment
5165,C4629,86.64,2023-06-05 05:27:59,Restaurant
4765,C1960,61.86,2023-06-05 05:29:26,Restaurant
8121,C6296,43.21,2023-06-05 05:30:24,Restaurant
10185,C2385,45.21,2023-06-05 05:30:35,Restaurant
5998,C8331,96.09,2023-06-05 05:31:07,Retail
10415,C7292,72.65,2023-06-05 05:31:09,Grocery
7025,C8361,66.51,2023-06-05 05:32:02,Restaurant
7434,C9625,64.62,2023-06-05 05:34:17,Electronics
5376,C7980,44.95,2023-06-05 05:35:51,Retail
10670,C8885,1.26,2023-06-05 05:35:57,Grocery
8515,C9274,23.03,2023-06-05 05:37:58,Grocery
2634,C6952,93.28,2023-06-05 05:38:28,Retail
8978,C8759,88.22,2023-06-05 05:40:16,Retail
3273,C7223,77.68,2023-06-05 05:40:31,Retail
2373,C6626,88.76,2023-06-05 05:41:20,Electronics
5073,C4729,46.62,2023-06-05 05:42:40,Restaurant
5004,C9276,59.36,2023-06-05 05:42:49,Restaurant
3324,C9591,38.74,2023-06-05 05:43:53,Grocery
7669,C3025,37.61,2023-06-05 05:44:03,Grocery
7714,C7623,48.53,2023-06-05 05:44:06,Grocery
9414,C8567,1.52,2023-06-05 05:44:53,Retail
3800,C6629,3855.11,2023-06-05 05:45:28,Entertainment
8061,C4254,111.93,2023-06-05 05:45:36,Retail
7290,C9841,25.0,2023-06-05 05:46:31,Grocery
7630,C6759,90.97,2023-06-05 05:47:09,Entertainment
9111,C5654,59.77,2023-06-05 05:47:27,Entertainment
7759,C9887,0.9,2023-06-05 05:49:10,Restaurant
5848,C4982,89.81,2023-06-05 05:49:20,Electronics
3788,C2494,25.18,2023-06-05 05:49:30,Electronics
8597,C7110,85.53,2023-06-05 05:50:44,Entertainment
5167,C5533,98.25,2023-06-05 05:51:58,Electronics
8704,C3175,72.75,2023-06-05 05:53:26,Retail
8261,C2975,95.61,2023-06-05 05:54:21,Electronics
4085,C2669,10.0,2023-06-05 05:58:25,Retail
2695,C3275,66.52,2023-06-05 05:58:31,Grocery
10749,C9245,37.06,2023-06-05 06:03:44,Entertainment
4814,C7203,77.27,2023-06-05 06:04:16,Retail
9812,C6333,26.0,2023-06-05 06:06:02,Restaurant
6384,C9967,55.14,2023-06-05 06:06:33,Restaurant
4526,C6509,93.22,2023-06-05 06:07:50,Electronics
2178,C7132,90.84,2023-06-05 06:09:53,Grocery
4228,C3911,77.32,2023-06-05 06:10:09,Electronics
5334,C2925,83.91,2023-06-05 06:10:17,Retail
1692,C4727,30.22,2023-06-05 06:10:40,Electronics
1593,C6111,61.39,2023-06-05 06:10:53,Electronics
5915,C3525,46.11,2023-06-05 06:11:19,Grocery
10299,C3626,50.22,2023-06-05 06:11:46,Entertainment
1335,C9938,69.43,2023-06-05 06:12:16,Electronics
4915,C6657,65.11,2023-06-05 06:12:18,Electronics
10297,C6426,70.44,2023-06-05 06:12:46,Electronics
10754,C8443,39.87,2023-06-05 06:13:23,Restaurant
7147,C2710,51.03,2023-06-05 06:13:48,Retail
5234,C8695,54.32,2023-06-05 06:14:52,Entertainment
10981,C3695,76.97,2023-06-05 06:15:06,Entertainment
3445,C3777,92.5,2023-06-05 06:15:37,Grocery
9372,C2492,23.87,2023-06-05 06:16:24,Grocery
7116,C1074,70.72,2023-06-05 06:16:43,Grocery
4267,C2661,41.08,2023-06-05 06:18:35,Grocery
6277,C9027,61.14,2023-06-05 06:18:56,Retail
8593,C7926,30.64,2023-06-05 06:19:14,Retail
8920,C2070,10.0,2023-06-05 06:20:58,Entertainment
2339,C6179,78.88,2023-06-05 06:22:06,Electronics
6928,C5528,58.78,2023-06-05 06:22:38,Electronics
9136,C9633,32.53,2023-06-05 06:24:37,Electronics
5417,C2311,53.82,2023-06-05 06:25:38,Grocery
2284,C2180,60.79,2023-06-05 06:26:11,Electronics
8684,C7910,74.68,2023-06-05 06:26:29,Electronics
3120,C7887,74.24,2023-06-05 06:27:49,Retail
4201,C1975,6099.82,2023-06-05 06:28:45,Entertainment
1295,C7054,83.63,2023-06-05 06:30:30,Entertainment
9902,C4586,33.35,2023-06-05 06:31:06,Restaurant
2526,C2029,6177.37,2023-06-05 06:31:18,Restaurant
5601,C9748,7937.78,2023-06-05 06:31:21,Electronics
9923,C4687,95.51,2023-06-05 06:32:02,Electronics
1112,C1188,40.68,2023-06-05 06:33:13,Retail
6160,C1312,77.01,2023-06-05 06:33:30,Entertainment
3499,C8563,49.6,2023-06-05 06:33:53,Restaurant
2052,C3290,75.97,2023-06-05 06:35:05,Restaurant
10499,C2903,106.17,2023-06-05 06:38:05,Grocery
9607,C7947,84.86,2023-06-05 06:39:56,Electronics
8012,C5872,67.3,2023-06-05 06:40:17,Entertainment
5212,C3717,74.88,2023-06-05 06:40:38,Entertainment
7414,C8764,0.78,2023-06-05 06:42:47,Restaurant
1755,C5720,54.46,2023-06-05 06:44:27,Electronics
3889,C5546,81.8,2023-06-05 06:44:54,Retail
9977,C8107,105.19,2023-06-05 06:45:10,Electronics
3808,C2463,48.7,2023-06-05 06:47:26,Grocery
2419,C3953,10.0,2023-06-05 06:49:13,Entertainment
1586,C7043,0.49,2023-06-05 06:49:40,Retail
8829,C8612,58.32,2023-06-05 06:51:12,Electronics
10173,C6000,81.91,2023-06-05 06:51:25,Retail
5064,C8523,39.12,2023-06-05 06:51:38,Retail
3777,C2529,23.9,2023-06-05 06:51:52,Electronics
5847,C7484,70.55,2023-06-05 06:53:47,Electronics
7963,C6134,94.89,2023-06-05 06:54:06,Grocery
1914,C3529,112.21,2023-06-05 06:54:58,Entertainment
3576,C3692,3872.05,2023-06-05 06:55:37,Retail
2460,C9239,33.63,2023-06-05 06:55:46,Restaurant
5010,C2506,77.82,2023-06-05 06:56:55,Grocery
5805,C2169,80.45,2023-06-05 06:57:28,Restaurant
9118,C3925,54.77,2023-06-05 06:58:39,Retail
7625,C2581,90.6,2023-06-05 07:00:01,Electronics
9069,C4102,77.41,2023-06-05 07:01:45,Electronics
10679,C9745,71.72,2023-06-05 07:01:48,Retail
5722,C3551,56.55,2023-06-05 07:02:23,Entertainment
6897,C1138,47.04,2023-06-05 07:03:01,Grocery
8679,C5816,25.05,2023-06-05 07:03:49,Electronics
10930,C4268,8055.61,2023-06-05 07:04:52,Retail
3214,C5177,26.22,2023-06-05 07:05:21,Retail
3929,C8034,41.8,2023-06-05 07:06:28,Retail
5749,C7385,61.7,2023-06-05 07:08:29,Restaurant
9769,C2586,107.56,2023-06-05 07:10:02,Retail
1910,C8486,6410.04,2023-06-05 07:10:36,Restaurant
8354,C7637,60.83,2023-06-05 07:12:05,Restaurant
8294,C2375,79.55,2023-06-05 07:12:15,Grocery
10656,C2102,40.9,2023-06-05 07:12:18,Retail
8566,C8244,63.57,2023-06-05 07:13:21,Retail
4565,C2463,91.99,2023-06-05 07:14:15,Entertainment
10028,C4399,61.46,2023-06-05 07:17:27,Retail
9771,C9557,96.05,2023-06-05 07:17:32,Electronics
10516,C3895,36.52,2023-06-05 07:19:32,Restaurant
7964,C6395,70.33,2023-06-05 07:19:34,Entertainment
1667,C9698,68.48,2023-06-05 07:22:40,Grocery
10745,C3554,50.59,2023-06-05 07:23:24,Entertainment
9650,C4106,106.44,2023-06-05 07:24:32,Restaurant
5883,C9029,32.85,2023-06-05 07:24:54,Electronics
7532,C8553,92.8,2023-06-05 07:25:36,Retail
3785,C6005,34.79,2023-06-05 07:26:16,Restaurant
2298,C1341,44.81,2023-06-05 07:29:17,Restaurant
8930,C9731,52.26,2023-06-05 07:29:37,Entertainment
7336,C7824,84.38,2023-06-05 07:30:26,Entertainment
5272,C6934,10.0,2023-06-05 07:30:31,Grocery
7822,C2875,61.52,2023-06-05 07:31:21,Retail
10212,C2230,91.86,2023-06-05 07:31:36,Grocery
9668,C3660,50.17,2023-06-05 07:34:23,Grocery
5001,C4012,77.7,2023-06-05 07:35:45,Entertainment
4804,C3709,61.83,2023-06-05 07:36:03,Entertainment
6619,C8464,49.88,2023-06-05 07:37:27,Electronics
9502,C6298,10.0,2023-06-05 07:39:22,Retail
2935,C8861,46.78,2023-06-05 07:41:44,Grocery
10036,C1641,43.75,2023-06-05 07:43:39,Retail
8528,C8025,68.66,2023-06-05 07:44:04,Retail
4088,C1195,47.93,2023-06-05 07:44:37,Electronics
3092,C1911,56.89,2023-06-05 07:45:30,Grocery
2608,C2353,33.56,2023-06-05 07:45:37,Retail
5832,C5150,23.73,2023-06-05 07:45:52,Electronics
7114,C6699,93.78,2023-06-05 07:47:20,Entertainment
4778,C2850,48.11,2023-06-05 07:48:38,Retail
4719,C2809,36.95,2023-06-05 07:48:45,Grocery
5242,C5314,75.64,2023-06-05 07:50:37,Entertainment
9700,C7929,77.17,2023-06-05 07:52:10,Electronics
4047,C3546,74.26,2023-06-05 07:52:40,Electronics
2609,C7955,26.98,2023-06-05 07:52:52,Entertainment
6454,C7783,115.47,2023-06-05 07:53:20,Entertainment
2187,C7105,26.65,2023-06-05 07:53:59,Grocery
6657,C4992,29.19,2023-06-05 07:57:26,Retail
2820,C9108,56.52,2023-06-05 07:58:59,Grocery
9163,C2333,6150.37,2023-06-05 07:59:42,Grocery
6471,C6592,60.79,2023-06-05 08:07:13,Grocery
8370,C8882,60.65,2023-06-05 08:07:48,Retail
7145,C8424,48.43,2023-06-05 08:08:24,Electronics
1319,C1832,84.41,2023-06-05 08:08:44,Grocery
2898,C1310,82.46,2023-06-05 08:08:50,Grocery
8565,C9919,26.74,2023-06-05 08:08:58,Grocery
10211,C3864,70.12,2023-06-05 08:10:04,Entertainment
3077,C9972,68.3,2023-06-05 08:10:41,Grocery
4111,C7471,77.39,2023-06-05 08:11:03,Entertainment
6968,C1619,73.02,2023-06-05 08:11:36,Restaurant
7754,C5809,60.95,2023-06-05 08:11:47,Retail
10793,C9873,19.15,2023-06-05 08:12:12,Grocery
9679,C5043,81.59,2023-06-05 08:12:55,Grocery
10568,C2802,84.64,2023-06-05 08:13:26,Entertainment
10163,C3999,70.21,2023-06-05 08:13:29,Grocery
2690,C6922,89.49,2023-06-05 08:13:32,Entertainment
1187,C4510,46.35,2023-06-05 08:15:04,Grocery
4344,C5315,10.0,2023-06-05 08:17:30,Restaurant
8156,C8093,58.49,2023-06-05 08:18:47,Electronics
4610,C9021,1.16,2023-06-05 08:20:10,Restaurant
4106,C1699,69.89,2023-06-05 08:20:23,Restaurant
4093,C7563,10.0,2023-06-05 08:20:51,Grocery
2949,C6674,66.28,2023-06-05 08:28:09,Restaurant
4397,C7790,76.57,2023-06-05 08:28:40,Grocery
7801,C1739,105.81,2023-06-05 08:29:01,Grocery
3948,C9336,62.83,2023-06-05 08:31:01,Retail
10859,C9151,85.94,2023-06-05 08:32:07,Entertainment
8821,C9854,60.08,2023-06-05 08:32:16,Restaurant
5420,C7564,95.48,2023-06-05 08:32:27,Electronics
9384,C7302,19.99,2023-06-05 08:33:01,Electronics
3384,C1879,56.77,2023-06-05 08:33:09,Grocery
1985,C5837,46.04,2023-06-05 08:35:17,Entertainment
6221,C9582,10.0,2023-06-05 08:35:21,Retail
4988,C8640,25.9,2023-06-05 08:36:44,Restaurant
3439,C7353,49.69,2023-06-05 08:37:20,Electronics
1100,C2489,60.45,2023-06-05 08:37:26,Retail
1947,C3385,72.52,2023-06-05 08:38:02,Electronics
5300,C5644,54.07,2023-06-05 08:39:32,Retail
8618,C5057,56.46,2023-06-05 08:40:44,Entertainment
5804,C7429,91.31,2023-06-05 08:41:05,Restaurant
8054,C8397,39.06,2023-06-05 08:42:48,Entertainment
6831,C7058,75.77,2023-06-05 08:46:37,Entertainment
4263,C7204,47.51,2023-06-05 08:49:39,Entertainment
7453,C8006,84.06,2023-06-05 08:49:43,Entertainment
8893,C8283,41.46,2023-06-05 08:50:16,Restaurant
6530,C9290,61.63,2023-06-05 08:51:29,Grocery
1289,C9288,80.5,2023-06-05 08:52:39,Restaurant
8072,C2457,47.55,2023-06-05 08:55:32,Restaurant
2740,C3050,56.7,2023-06-05 08:56:08,Entertainment
6397,C2436,87.65,2023-06-05 08:57:24,Retail
7211,C4546,62.15,2023-06-05 08:59:27,Restaurant
10825,C9250,80.93,2023-06-05 09:00:31,Entertainment
9635,C3878,72.27,2023-06-05 09:00:32,Restaurant
1266,C5033,24.86,2023-06-05 09:03:48,Electronics
8803,C2072,54.16,2023-06-05 09:05:11,Entertainment
1352,C4878,33.36,2023-06-05 09:06:07,Grocery
10663,C3089,61.38,2023-06-05 09:07:25,Entertainment
7333,C9530,48.44,2023-06-05 09:08:06,Entertainment
3523,C9796,28.3,2023-06-05 09:09:34,Electronics
1958,C3344,39.05,2023-06-05 09:09:37,Grocery
9816,C7556,33.37,2023-06-05 09:09:41,Grocery
10225,C5092,97.89,2023-06-05 09:11:27,Restaurant
1250,C6138,68.55,2023-06-05 09:11:36,Entertainment
5909,C2037,3559.36,2023-06-05 09:11:39,Electronics
10644,C9179,10.0,2023-06-05 09:12:09,Grocery
3253,C9147,26.99,2023-06-05 09:13:26,Restaurant
3469,C1110,16.36,2023-06-05 09:14:14,Restaurant
3227,C2192,100.4,2023-06-05 09:17:15,Electronics
3816,C3181,65.19,2023-06-05 09:17:26,Restaurant
3607,C2867,5310.15,2023-06-05 09:19:16,Grocery
4430,C9054,39.81,2023-06-05 09:19:37,Entertainment
1704,C9042,83.03,2023-06-05 09:21:06,Electronics
2688,C3580,34.51,2023-06-05 09:23:29,Grocery
3581,C6422,86.3,2023-06-05 09:25:10,Entertainment
7738,C2631,72.11,2023-06-05 09:28:26,Retail
9415,C7244,75.1,2023-06-05 09:28:56,Retail
4866,C4209,55.32,2023-06-05 09:29:04,Grocery
10046,C5891,54.03,2023-06-05 09:29:25,Entertainment
3041,C1187,26.11,2023-06-05 09:31:46,Retail
5631,C6326,47.41,2023-06-05 09:32:04,Entertainment
4586,C5888,69.88,2023-06-05 09:32:05,Grocery
6896,C1173,103.52,2023-06-05 09:32:36,Grocery
5551,C3863,52.3,2023-06-05 09:32:55,Entertainment
4194,C1011,31.76,2023-06-05 09:32:57,Restaurant
4496,C9409,77.66,2023-06-05 09:34:08,Grocery
10456,C7512,124.7,2023-06-05 09:35:53,Retail
6090,C9589,31.94,2023-06-05 09:36:52,Entertainment
7103,C5439,36.52,2023-06-05 09:37:27,Grocery
3986,C4287,63.28,2023-06-05 09:37:36,Grocery
7663,C4510,40.07,2023-06-05 09:38:26,Electronics
9966,C7997,82.98,2023-06-05 09:38:36,Entertainment
5199,C7430,67.28,2023-06-05 09:39:48,Grocery
3074,C2279,68.99,2023-06-05 09:39:53,Restaurant
3658,C7809,60.78,2023-06-05 09:41:08,Restaurant
8899,C4137,78.36,2023-06-05 09:42:24,Restaurant
2055,C5986,47.1,2023-06-05 09:44:01,Electronics
5157,C3496,56.46,2023-06-05 09:44:51,Electronics
1194,C4119,39.69,2023-06-05 09:46:00,Retail
3268,C5836,73.27,2023-06-05 09:47:25,Entertainment
9917,C5775,23.01,2023-06-05 09:47:28,Restaurant
2266,C4349,53.56,2023-06-05 09:48:35,Entertainment
5018,C4579,84.08,2023-06-05 09:49:06,Electronics
1612,C9031,95.35,2023-06-05 09:50:20,Retail
10812,C1138,54.57,2023-06-05 09:50:32,Electronics
6809,C8752,54.02,2023-06-05 09:50:49,Grocery
6458,C4478,1.79,2023-06-05 09:51:59,Grocery
10321,C4874,81.82,2023-06-05 09:52:52,Grocery
8205,C3959,0.77,2023-06-05 09:53:31,Restaurant
5196,C8734,64.94,2023-06-05 09:57:18,Entertainment
1480,C8251,99.85,2023-06-05 09:58:15,Electronics
4768,C7816,72.65,2023-06-05 09:58:33,Restaurant
4004,C6488,39.72,2023-06-05 09:59:42,Retail
5362,C4096,1.02,2023-06-05 10:01:03,Retail
1354,C3900,44.55,2023-06-05 10:01:14,Retail
4398,C3451,81.79,2023-06-05 10:02:28,Grocery
2430,C9317,64.8,2023-06-05 10:03:07,Electronics
7174,C8716,64.62,2023-06-05 10:04:43,Retail
2613,C9937,76.21,2023-06-05 10:05:33,Restaurant
4045,C3230,1.47,2023-06-05 10:06:24,Grocery
2295,C5743,73.39,2023-06-05 10:06:51,Retail
10326,C8116,3316.73,2023-06-05 10:07:25,Electronics
9141,C3142,107.47,2023-06-05 10:08:35,Grocery
2405,C3112,58.86,2023-06-05 10:10:47,Entertainment
7456,C7108,61.74,2023-06-05 10:12:05,Entertainment
2877,C8780,72.52,2023-06-05 10:13:51,Electronics
10029,C2922,45.94,2023-06-05 10:16:17,Electronics
3821,C3688,41.9,2023-06-05 10:16:55,Restaurant
7298,C9250,47.41,2023-06-05 10:17:13,Retail
3011,C6417,90.53,2023-06-05 10:18:23,Restaurant
3049,C3616,82.78,2023-06-05 10:19:05,Retail
10950,C7230,63.27,2023-06-05 10:21:06,Electronics
1040,C8527,62.03,2023-06-05 10:21:10,Restaurant
8355,C8974,30.01,2023-06-05 10:23:32,Electronics
1764,C9922,62.16,2023-06-05 10:23:36,Retail
10842,C3638,82.31,2023-06-05 10:27:16,Retail
8084,C3787,49.28,2023-06-05 10:27:34,Retail
6604,C7987,65.07,2023-06-05 10:30:13,Retail
5145,C6851,3573.82,2023-06-05 10:31:23,Electronics
6477,C6536,65.51,2023-06-05 10:31:40,Restaurant
9215,C9151,57.25,2023-06-05 10:31:47,Entertainment
9402,C9264,32.62,2023-06-05 10:32:25,Entertainment
8501,C2626,83.72,2023-06-05 10:32:45,Entertainment
4481,C6640,64.5,2023-06-05 10:36:47,Grocery
10053,C5925,36.96,2023-06-05 10:37:58,Electronics
9494,C9875,84.38,2023-06-05 10:39:36,Entertainment
9119,C4211,6609.17,2023-06-05 10:40:40,Entertainment
4811,C1824,60.39,2023-06-05 10:40:43,Grocery
2606,C9507,57.77,2023-06-05 10:44:12,Electronics
10377,C2803,74.14,2023-06-05 10:47:37,Retail
3748,C7516,70.02,2023-06-05 10:47:57,Restaurant
8964,C4225,79.27,2023-06-05 10:48:22,Retail
3712,C5740,62.84,2023-06-05 10:48:31,Restaurant
6499,C3446,87.6,2023-06-05 10:50:41,Grocery
8752,C8160,99.31,2023-06-05 10:53:35,Restaurant
7110,C3949,43.69,2023-06-05 10:54:07,Grocery
10427,C6618,49.71,2023-06-05 10:54:19,Entertainment
8932,C8437,85.78,2023-06-05 10:54:55,Retail
5584,C3148,16.88,2023-06-05 10:55:23,Entertainment
10476,C9254,83.44,2023-06-05 10:56:53,Entertainment
4585,C9680,78.97,2023-06-05 10:59:53,Retail
1420,C5844,48.88,2023-06-05 10:59:53,Grocery
5762,C4080,72.58,2023-06-05 11:01:28,Grocery
7920,C2860,58.21,2023-06-05 11:01:33,Retail
3178,C5944,120.32,2023-06-05 11:01:42,Grocery
10030,C3960,54.69,2023-06-05 11:01:52,Entertainment
6364,C3155,36.06,2023-06-05 11:03:15,Entertainment
4819,C8277,79.1,2023-06-05 11:03:56,Restaurant
2094,C6464,47.6,2023-06-05 11:04:20,Retail
8682,C3340,80.34,2023-06-05 11:06:41,Retail
1733,C8253,50.97,2023-06-05 11:07:21,Grocery
5397,C8317,94.89,2023-06-05 11:07:24,Grocery
6493,C9779,42.26,2023-06-05 11:07:42,Retail
3894,C4329,94.76,2023-06-05 11:08:49,Retail
3465,C8501,74.67,2023-06-05 11:08:56,Retail
7389,C4022,87.25,2023-06-05 11:09:11,Entertainment
7846,C9138,10.0,2023-06-05 11:09:58,Entertainment
10048,C9919,77.13,2023-06-05 11:12:02,Retail
7950,C7502,64.38,2023-06-05 11:12:17,Entertainment
7760,C6629,75.63,2023-06-05 11:14:14,Entertainment
2219,C6751,69.53,2023-06-05 11:15:55,Retail
5802,C1918,80.47,2023-06-05 11:17:10,Retail
7222,C3440,84.6,2023-06-05 11:19:27,Grocery
4641,C1749,58.06,2023-06-05 11:22:45,Entertainment
4417,C1635,117.94,2023-06-05 11:22:48,Restaurant
9989,C2468,67.02,2023-06-05 11:24:09,Restaurant
3899,C2083,52.48,2023-06-05 11:24:19,Entertainment
8786,C5225,57.23,2023-06-05 11:26:00,Electronics
6895,C9972,56.9,2023-06-05 11:27:24,Retail
4011,C4902,10.0,2023-06-05 11:28:59,Entertainment
4147,C9231,29.42,2023-06-05 11:28:59,Entertainment
2110,C3858,47.53,2023-06-05 11:30:16,Electronics
2676,C3223,51.34,2023-06-05 11:32:24,Restaurant
8493,C2934,80.51,2023-06-05 11:32:31,Entertainment
2341,C8205,84.29,2023-06-05 11:36:11,Retail
1885,C6446,35.88,2023-06-05 11:36:27,Restaurant
1653,C9004,31.87,2023-06-05 11:36:41,Retail
10132,C6022,111.25,2023-06-05 11:38:12,Restaurant
2142,C7580,34.56,2023-06-05 11:39:42,Retail
4303,C5872,47.15,2023-06-05 11:43:18,Entertainment
9657,C7812,63.51,2023-06-05 11:43:26,Grocery
2567,C6546,16.41,2023-06-05 11:44:43,Retail
10862,C3336,68.1,2023-06-05 11:44:45,Retail
5846,C2960,78.99,2023-06-05 11:47:33,Electronics
7364,C4715,81.31,2023-06-05 11:47:34,Grocery
10483,C2951,39.04,2023-06-05 11:48:00,Retail
2979,C5706,80.05,2023-06-05 11:50:38,Electronics
8466,C1523,42.51,2023-06-05 11:51:26,Restaurant
4158,C8728,11.93,2023-06-05 11:52:40,Electronics
4647,C6535,32.78,2023-06-05 11:52:57,Electronics
2501,C3254,57.38,2023-06-05 11:56:21,Retail
9500,C2734,80.94,2023-06-05 11:56:56,Grocery
2089,C8450,47.81,2023-06-05 11:57:56,Restaurant
7157,C4855,96.0,2023-06-05 11:58:26,Entertainment
10298,C1517,39.55,2023-06-05 11:59:25,Entertainment
1434,C6279,56.79,2023-06-05 12:02:39,Retail
5567,C5306,61.26,2023-06-05 12:03:03,Restaurant
6860,C8803,56.54,2023-06-05 12:03:05,Electronics
7761,C9856,44.45,2023-06-05 12:05:36,Grocery
4018,C1719,35.14,2023-06-05 12:05:48,Entertainment
4296,C6424,43.65,2023-06-05 12:08:27,Restaurant
8011,C4857,20.13,2023-06-05 12:09:01,Entertainment
1754,C4792,97.14,2023-06-05 12:09:34,Electronics
5857,C9190,40.6,2023-06-05 12:10:35,Grocery
4810,C5557,80.98,2023-06-05 12:12:21,Entertainment
6426,C4425,59.62,2023-06-05 12:12:56,Retail
1008,C9935,64.11,2023-06-05 12:13:22,Restaurant
4103,C2506,101.87,2023-06-05 12:13:26,Restaurant
1898,C7246,65.46,2023-06-05 12:14:54,Restaurant
9868,C4662,38.18,2023-06-05 12:15:58,Entertainment
8088,C8129,84.24,2023-06-05 12:17:20,Grocery
10722,C3591,61.8,2023-06-05 12:19:27,Entertainment
2368,C9214,78.21,2023-06-05 12:19:31,Restaurant
10301,C8852,79.58,2023-06-05 12:19:47,Grocery
7959,C9133,89.33,2023-06-05 12:21:23,Retail
4538,C6236,38.92,2023-06-05 12:23:23,Grocery
8537,C1162,72.07,2023-06-05 12:23:30,Restaurant
10386,C3977,44.71,2023-06-05 12:24:12,Grocery
4040,C8417,78.67,2023-06-05 12:24:34,Entertainment
6308,C5684,30.53,2023-06-05 12:27:47,Entertainment
8109,C1471,84.92,2023-06-05 12:28:33,Electronics
4232,C3983,65.28,2023-06-05 12:29:27,Entertainment
3691,C5305,56.75,2023-06-05 12:29:37,Retail
10246,C6382,80.55,2023-06-05 12:29:42,Grocery
1394,C6663,52.07,2023-06-05 12:30:42,Electronics
10270,C4704,59.01,2023-06-05 12:30:55,Retail
5922,C9572,54.92,2023-06-05 12:36:16,Restaurant
5692,C9630,13.0,2023-06-05 12:37:43,Electronics
9931,C9977,77.14,2023-06-05 12:38:21,Electronics
7843,C2639,56.73,2023-06-05 12:38:21,Retail
6070,C3425,49.38,2023-06-05 12:41:48,Restaurant
5989,C8054,91.09,2023-06-05 12:43:46,Retail
8100,C8066,74.89,2023-06-05 12:43:56,Electronics
6500,C5595,88.93,2023-06-05 12:44:32,Entertainment
4425,C1331,72.05,2023-06-05 12:45:28,Electronics
1426,C5930,9728.52,2023-06-05 12:46:59,Grocery
7855,C2234,60.18,2023-06-05 12:47:47,Entertainment
5402,C7562,113.93,2023-06-05 12:48:44,Grocery
8819,C3332,86.71,2023-06-05 12:49:40,Entertainment
2796,C7850,66.96,2023-06-05 12:51:59,Grocery
8312,C2763,32.57,2023-06-05 12:52:36,Electronics
1049,C1750,46.53,2023-06-05 12:53:48,Entertainment
6049,C7266,62.68,2023-06-05 12:54:07,Restaurant
1594,C7149,53.57,2023-06-05 12:55:45,Entertainment
3518,C9300,74.26,2023-06-05 12:55:49,Grocery
5074,C5237,65.85,2023-06-05 12:56:00,Restaurant
3845,C4366,39.37,2023-06-05 12:59:03,Grocery
6973,C7411,70.26,2023-06-05 13:00:24,Retail
5564,C5254,106.72,2023-06-05 13:00:52,Grocery
4042,C4827,33.83,2023-06-05 13:01:17,Entertainment
3137,C1056,61.7,2023-06-05 13:01:32,Electronics
9249,C9898,15.8,2023-06-05 13:02:21,Electronics
2068,C7797,100.41,2023-06-05 13:02:32,Retail
6390,C1902,1.78,2023-06-05 13:02:37,Grocery
5577,C7866,36.77,2023-06-05 13:02:49,Entertainment
8546,C2007,32.5,2023-06-05 13:03:40,Entertainment
5815,C7304,68.27,2023-06-05 13:07:28,Electronics
4786,C9598,48.73,2023-06-05 13:08:38,Restaurant
1044,C2291,69.52,2023-06-05 13:08:40,Entertainment
2312,C6083,73.08,2023-06-05 13:09:49,Restaurant
2509,C2298,77.39,2023-06-05 13:10:23,Electronics
5171,C8863,73.54,2023-06-05 13:11:20,Retail
2470,C2680,69.71,2023-06-05 13:11:28,Grocery
1731,C7232,81.77,2023-06-05 13:11:40,Electronics
9601,C7983,1371.69,2023-06-05 13:12:15,Grocery
5343,C7068,58.61,2023-06-05 13:13:11,Entertainment
10312,C3153,3531.76,2023-06-05 13:13:12,Electronics
1041,C9785,62.55,2023-06-05 13:15:35,Restaurant
10978,C8021,1.58,2023-06-05 13:15:48,Electronics
8110,C5754,77.24,2023-06-05 13:15:59,Retail
5404,C1852,94.35,2023-06-05 13:16:30,Electronics
6436,C9608,71.5,2023-06-05 13:17:21,Entertainment
3188,C9120,41.58,2023-06-05 13:18:02,Entertainment
5764,C3988,21.16,2023-06-05 13:19:52,Electronics
5423,C1941,77.03,2023-06-05 13:20:17,Electronics
7109,C1616,32.21,2023-06-05 13:20:24,Entertainment
9293,C5909,42.83,2023-06-05 13:20:38,Electronics
4544,C7857,88.39,2023-06-05 13:22:00,Restaurant
5841,C8113,56.57,2023-06-05 13:22:06,Grocery
9122,C5289,1.49,2023-06-05 13:23:32,Electronics
4622,C4267,46.82,2023-06-05 13:25:43,Grocery
6766,C9220,10.0,2023-06-05 13:26:19,Retail
10894,C8222,58.1,2023-06-05 13:28:51,Entertainment
6492,C6169,76.79,2023-06-05 13:29:23,Grocery
5449,C9482,34.26,2023-06-05 13:30:16,Grocery
3063,C7813,96.9,2023-06-05 13:31:57,Grocery
10554,C3351,101.2,2023-06-05 13:31:58,Retail
10264,C7729,39.3,2023-06-05 13:32:21,Retail
3675,C2854,51.66,2023-06-05 13:32:31,Electronics
9841,C4987,51.85,2023-06-05 13:33:33,Entertainment
6039,C7251,68.18,2023-06-05 13:35:11,Grocery
4272,C2207,1000.0,2023-06-05 13:35:35,Electronics
6970,C5365,1.16,2023-06-05 13:36:40,Electronics
2597,C8159,41.91,2023-06-05 13:39:07,Retail
6467,C6307,15.72,2023-06-05 13:40:04,Entertainment
7282,C6989,22.88,2023-06-05 13:40:24,Retail
2850,C3363,81.78,2023-06-05 13:41:55,Grocery
8571,C2380,87.96,2023-06-05 13:43:26,Entertainment
7709,C2060,45.18,2023-06-05 13:44:42,Electronics
9948,C6298,72.29,2023-06-05 13:45:32,Restaurant
9954,C8239,96.82,2023-06-05 13:45:45,Entertainment
2317,C2251,66.81,2023-06-05 13:46:10,Restaurant
5698,C8801,75.26,2023-06-05 13:47:05,Entertainment
8934,C7997,38.76,2023-06-05 13:48:16,Entertainment
5405,C3633,109.78,2023-06-05 13:50:56,Electronics
10106,C5055,43.73,2023-06-05 13:51:13,Electronics
2237,C6314,75.38,2023-06-05 13:52:25,Electronics
2189,C1982,94.05,2023-06-05 13:54:12,Grocery
4802,C8688,1000.0,2023-06-05 13:54:19,Entertainment
6848,C3740,53.41,2023-06-05 13:54:26,Electronics
1423,C7888,54.62,2023-06-05 13:55:27,Grocery
8876,C9816,1.19,2023-06-05 14:00:06,Electronics
6246,C5372,54.57,2023-06-05 14:00:13,Electronics
10352,C3167,28.21,2023-06-05 14:00:21,Retail
8800,C6215,94.39,2023-06-05 14:00:38,Grocery
9264,C4438,72.29,2023-06-05 14:00:59,Entertainment
5913,C9586,60.48,2023-06-05 14:01:05,Retail
10151,C1155,82.84,2023-06-05 14:01:05,Retail
1847,C6091,45.48,2023-06-05 14:02:04,Retail
9489,C2764,55.69,2023-06-05 14:04:20,Restaurant
2794,C5754,103.97,2023-06-05 14:04:32,Electronics
6823,C5603,0.01,2023-06-05 14:05:39,Electronics
2164,C4522,73.9,2023-06-05 14:07:47,Entertainment
4793,C5072,17.48,2023-06-05 14:08:03,Restaurant
2211,C8030,10.0,2023-06-05 14:09:04,Retail
8400,C7810,93.36,2023-06-05 14:09:10,Entertainment
4881,C3205,73.19,2023-06-05 14:09:50,Electronics
10450,C5491,64.26,2023-06-05 14:09:54,Restaurant
4221,C6846,104.91,2023-06-05 14:10:33,Entertainment
5158,C6971,76.11,2023-06-05 14:12:16,Retail
7796,C6779,25.65,2023-06-05 14:13:59,Electronics
10611,C7314,93.31,2023-06-05 14:18:21,Electronics
10174,C2424,63.88,2023-06-05 14:19:29,Restaurant
1664,C6016,15.17,2023-06-05 14:21:06,Entertainment
3787,C8032,35.29,2023-06-05 14:22:01,Grocery
3841,C5065,28.88,2023-06-05 14:22:43,Retail
10676,C7859,71.14,2023-06-05 14:23:02,Grocery
8339,C4458,44.34,2023-06-05 14:23:50,Grocery
1286,C2200,96.91,2023-06-05 14:25:03,Electronics
4746,C6384,20.45,2023-06-05 14:25:19,Grocery
9101,C2887,63.79,2023-06-05 14:25:44,Entertainment
8186,C5263,58.6,2023-06-05 14:29:07,Entertainment
10715,C1431,21.39,2023-06-05 14:29:52,Entertainment
8649,C3668,19.98,2023-06-05 14:29:56,Retail
2487,C1872,50.17,2023-06-05 14:30:21,Entertainment
9633,C9801,59.64,2023-06-05 14:30:25,Electronics
5704,C3213,13.34,2023-06-05 14:31:45,Entertainment
1823,C7622,72.92,2023-06-05 14:32:23,Grocery
1451,C3414,64.74,2023-06-05 14:37:20,Entertainment
4749,C5395,35.71,2023-06-05 14:37:28,Retail
1773,C5728,2720.59,2023-06-05 14:37:36,Electronics
6694,C9704,98.78,2023-06-05 14:37:52,Retail
3394,C8381,61.37,2023-06-05 14:39:22,Restaurant
8215,C5033,49.19,2023-06-05 14:40:45,Electronics
10279,C5415,50.29,2023-06-05 14:41:47,Retail
8861,C6269,63.43,2023-06-05 14:42:05,Electronics
1258,C9320,26.21,2023-06-05 14:44:20,Restaurant
5208,C6961,86.24,2023-06-05 14:46:34,Restaurant
8371,C3378,89.82,2023-06-05 14:48:53,Grocery
9911,C9230,76.56,2023-06-05 14:49:35,Entertainment
7224,C7844,28.14,2023-06-05 14:52:12,Grocery
1752,C5771,39.67,2023-06-05 14:53:40,Restaurant
7274,C9433,75.34,2023-06-05 14:55:35,Electronics
5525,C2285,54.48,2023-06-05 14:56:26,Restaurant
4001,C9872,55.41,2023-06-05 14:57:09,Retail
3297,C4791,45.01,2023-06-05 14:57:13,Restaurant
4279,C2215,5657.21,2023-06-05 14:57:24,Entertainment
3874,C5295,78.97,2023-06-05 14:59:15,Restaurant
2670,C8311,49.1,2023-06-05 15:00:22,Restaurant
7424,C6047,86.43,2023-06-05 15:00:59,Restaurant
6282,C7633,80.35,2023-06-05 15:03:20,Electronics
8617,C9514,18.87,2023-06-05 15:03:51,Retail
2715,C8372,67.12,2023-06-05 15:04:46,Entertainment
7032,C7643,92.74,2023-06-05 15:05:38,Entertainment
10146,C9711,65.69,2023-06-05 15:06:51,Grocery
10549,C3669,46.37,2023-06-05 15:08:11,Retail
1648,C9464,59.84,2023-06-05 15:08:47,Entertainment
5341,C9553,63.05,2023-06-05 15:09:47,Entertainment
3718,C1971,43.91,2023-06-05 15:10:03,Restaurant
5103,C4602,71.98,2023-06-05 15:10:26,Electronics
1966,C5712,50.06,2023-06-05 15:11:30,Restaurant
2799,C6364,10.0,2023-06-05 15:11:57,Retail
10269,C5098,138.44,2023-06-05 15:12:22,Grocery
8463,C3598,44.6,2023-06-05 15:12:52,Grocery
5255,C6781,103.28,2023-06-05 15:13:24,Entertainment
6703,C8122,41.7,2023-06-05 15:15:05,Entertainment
4970,C5819,76.48,2023-06-05 15:15:53,Entertainment
10765,C3050,94.32,2023-06-05 15:16:30,Electronics
10803,C5410,51.92,2023-06-05 15:16:39,Electronics
8171,C6128,68.23,2023-06-05 15:17:28,Restaurant
9569,C5726,48.49,2023-06-05 15:18:02,Restaurant
1568,C9837,74.3,2023-06-05 15:18:06,Restaurant
5533,C9066,68.07,2023-06-05 15:19:09,Retail
1996,C4115,76.55,2023-06-05 15:19:36,Entertainment
1638,C6325,76.28,2023-06-05 15:20:41,Restaurant
5026,C4994,34.02,2023-06-05 15:20:45,Entertainment
10340,C5317,27.31,2023-06-05 15:21:27,Grocery
4298,C4112,101.93,2023-06-05 15:21:32,Grocery
1297,C3584,66.05,2023-06-05 15:23:42,Grocery
4962,C5117,70.72,2023-06-05 15:25:19,Grocery
8104,C4102,92.03,2023-06-05 15:27:16,Electronics
2307,C8138,44.11,2023-06-05 15:27:45,Electronics
2956,C5442,70.24,2023-06-05 15:27:57,Electronics
9431,C9985,61.94,2023-06-05 15:28:35,Restaurant
4969,C4170,47.43,2023-06-05 15:28:40,Restaurant
7360,C3161,33.16,2023-06-05 15:30:29,Retail
5837,C1853,59.59,2023-06-05 15:31:02,Grocery
2010,C3877,8885.62,2023-06-05 15:31:10,Grocery
10757,C6014,30.15,2023-06-05 15:35:13,Grocery
10007,C3967,96.27,2023-06-05 15:37:46,Restaurant
5689,C8260,76.15,2023-06-05 15:38:03,Electronics
8481,C9444,2.15,2023-06-05 15:39:08,Retail
2259,C9633,69.93,2023-06-05 15:40:11,Entertainment
2023,C2886,8728.48,2023-06-05 15:41:38,Electronics
3962,C6272,64.77,2023-06-05 15:42:29,Entertainment
1151,C3060,55.7,2023-06-05 15:42:31,Grocery
6228,C9732,46.86,2023-06-05 15:43:00,Retail
2976,C8793,77.01,2023-06-05 15:43:48,Grocery
1273,C4346,68.2,2023-06-05 15:44:21,Entertainment
9718,C1105,67.08,2023-06-05 15:45:22,Electronics
8023,C7765,64.17,2023-06-05 15:47:08,Grocery
8443,C4394,51.44,2023-06-05 15:49:21,Restaurant
9575,C4372,42.63,2023-06-05 15:49:25,Entertainment
7193,C1977,77.1,2023-06-05 15:52:53,Electronics
5225,C2029,48.15,2023-06-05 15:53:34,Electronics
1927,C1588,88.66,2023-06-05 15:55:24,Grocery
9599,C9313,81.24,2023-06-05 15:55:58,Electronics
8299,C8825,65.28,2023-06-05 15:56:49,Retail
10026,C9830,1.16,2023-06-05 15:58:06,Restaurant
9056,C9481,89.3,2023-06-05 16:00:45,Electronics
9251,C1139,57.7,2023-06-05 16:00:50,Electronics
2240,C3549,10.0,2023-06-05 16:02:25,Restaurant
4484,C2480,38.49,2023-06-05 16:02:45,Electronics
10442,C8145,73.81,2023-06-05 16:04:54,Entertainment
3735,C7600,39.96,2023-06-05 16:07:44,Electronics
4023,C8511,47.58,2023-06-05 16:09:29,Retail
6344,C7292,86.84,2023-06-05 16:09:56,Electronics
9782,C6620,70.32,2023-06-05 16:10:32,Grocery
2348,C6766,17.12,2023-06-05 16:10:57,Electronics
7793,C5315,39.23,2023-06-05 16:12:00,Grocery
8983,C9514,63.55,2023-06-05 16:12:05,Entertainment
4364,C2293,77.69,2023-06-05 16:12:35,Retail
1167,C2982,83.7,2023-06-05 16:12:49,Grocery
9256,C7647,13.67,2023-06-05 16:12:57,Entertainment
2868,C3662,37.53,2023-06-05 16:14:20,Restaurant
9734,C4244,36.87,2023-06-05 16:15:03,Grocery
3832,C3017,37.41,2023-06-05 16:15:08,Electronics
5964,C7313,60.75,2023-06-05 16:15:13,Restaurant
1429,C1006,75.47,2023-06-05 16:16:10,Restaurant
5452,C2477,21.69,2023-06-05 16:17:43,Grocery
2852,C9341,84.02,2023-06-05 16:18:31,Restaurant
2007,C5835,72.15,2023-06-05 16:19:40,Entertainment
10349,C3436,34.43,2023-06-05 16:19:43,Entertainment
7957,C9605,75.6,2023-06-05 16:19:45,Electronics
1963,C5183,35.24,2023-06-05 16:20:33,Entertainment
7677,C1665,25.69,2023-06-05 16:21:17,Retail
10872,C3645,59.95,2023-06-05 16:25:25,Restaurant
4144,C9921,73.89,2023-06-05 16:25:30,Restaurant
9098,C2208,68.4,2023-06-05 16:25:32,Retail
6088,C7476,16.32,2023-06-05 16:26:18,Electronics
6751,C8471,21.61,2023-06-05 16:27:27,Entertainment
2039,C7242,69.18,2023-06-05 16:28:54,Electronics
6104,C6254,38.94,2023-06-05 16:29:45,Restaurant
3663,C1505,56.79,2023-06-05 16:29:51,Electronics
3736,C9447,60.56,2023-06-05 16:30:35,Electronics
9240,C4281,26.32,2023-06-05 16:32:38,Grocery
4210,C7481,50.91,2023-06-05 16:32:49,Restaurant
1162,C7537,1.3,2023-06-05 16:32:54,Retail
3840,C2380,59.69,2023-06-05 16:32:55,Grocery
2182,C2494,57.62,2023-06-05 16:33:03,Restaurant
4729,C5850,45.96,2023-06-05 16:34:39,Retail
1857,C5781,93.2,2023-06-05 16:34:54,Restaurant
8658,C2934,48.57,2023-06-05 16:35:06,Entertainment
3740,C8996,86.86,2023-06-05 16:35:54,Restaurant
4141,C7266,35.5,2023-06-05 16:40:24,Grocery
4554,C9311,69.54,2023-06-05 16:40:56,Retail
9361,C3337,34.8,2023-06-05 16:41:39,Electronics
3264,C3390,67.49,2023-06-05 16:41:59,Electronics
10422,C4160,77.4,2023-06-05 16:42:46,Electronics
3037,C8319,40.62,2023-06-05 16:43:17,Retail
7187,C6875,76.75,2023-06-05 16:44:35,Retail
8567,C6656,1000.0,2023-06-05 16:47:17,Grocery
6017,C1618,83.76,2023-06-05 16:47:49,Entertainment
2944,C3399,59.92,2023-06-05 16:51:12,Restaurant
5785,C1134,28.39,2023-06-05 16:52:35,Grocery
4187,C2478,1.74,2023-06-05 16:53:09,Entertainment
4000,C4817,109.31,2023-06-05 16:56:49,Entertainment
6210,C6118,43.87,2023-06-05 16:57:03,Electronics
7623,C5942,84.18,2023-06-05 16:57:30,Electronics
8044,C6006,48.09,2023-06-05 16:59:32,Entertainment
5286,C1706,87.13,2023-06-05 17:00:08,Retail
6201,C3248,40.95,2023-06-05 17:00:09,Entertainment
5071,C5127,58.87,2023-06-05 17:01:16,Electronics
6655,C7773,55.29,2023-06-05 17:02:04,Restaurant
2750,C1464,27.46,2023-06-05 17:02:33,Restaurant
4965,C4695,37.36,2023-06-05 17:03:24,Grocery
9222,C4830,38.72,2023-06-05 17:03:57,Electronics
4480,C6730,10.75,2023-06-05 17:05:46,Grocery
6552,C6095,3148.14,2023-06-05 17:06:09,Retail
1025,C3615,77.08,2023-06-05 17:06:40,Retail
9720,C9056,112.15,2023-06-05 17:07:42,Grocery
6081,C9221,32.38,2023-06-05 17:09:07,Restaurant
6562,C6114,24.38,2023-06-05 17:09:24,Restaurant
8168,C5312,4434.22,2023-06-05 17:11:33,Restaurant
3815,C7270,22.49,2023-06-05 17:13:20,Retail
6685,C9098,75.54,2023-06-05 17:14:36,Entertainment
3122,C7266,38.86,2023-06-05 17:18:34,Grocery
8747,C7583,83.59,2023-06-05 17:18:49,Electronics
3652,C4196,82.42,2023-06-05 17:18:50,Entertainment
1444,C9445,2008.21,2023-06-05 17:20:04,Electronics
5747,C5094,1.2,2023-06-05 17:20:06,Entertainment
10796,C4471,47.91,2023-06-05 17:20:20,Electronics
10918,C2531,46.12,2023-06-05 17:20:44,Electronics
10496,C5079,82.28,2023-06-05 17:22:41,Restaurant
7953,C2833,87.27,2023-06-05 17:23:40,Retail
7928,C8145,50.87,2023-06-05 17:27:11,Grocery
9323,C7322,51.82,2023-06-05 17:27:13,Retail
6126,C2823,51.32,2023-06-05 17:27:41,Restaurant
7711,C4261,30.6,2023-06-05 17:29:08,Electronics
3158,C2102,67.06,2023-06-05 17:29:32,Grocery
3673,C9115,88.84,2023-06-05 17:31:24,Retail
9419,C7499,0.85,2023-06-05 17:35:55,Grocery
6254,C3196,1.13,2023-06-05 17:37:07,Entertainment
7745,C6356,113.71,2023-06-05 17:39:45,Grocery
8569,C4232,82.7,2023-06-05 17:40:15,Electronics
2492,C7326,61.33,2023-06-05 17:40:30,Retail
6757,C8373,51.83,2023-06-05 17:40:40,Retail
1234,C3697,102.19,2023-06-05 17:42:10,Grocery
7412,C6427,85.18,2023-06-05 17:42:52,Electronics
6387,C1801,36.51,2023-06-05 17:45:17,Entertainment
2255,C8043,49.97,2023-06-05 17:47:51,Electronics
5237,C1653,61.17,2023-06-05 17:48:01,Grocery
4102,C3110,83.2,2023-06-05 17:48:49,Retail
7686,C8273,82.77,2023-06-05 17:48:53,Retail
3650,C8939,62.11,2023-06-05 17:49:43,Retail
4456,C1474,32.85,2023-06-05 17:50:34,Entertainment
5069,C1889,69.22,2023-06-05 17:51:34,Grocery
6838,C1542,49.74,2023-06-05 17:51:44,Restaurant
4769,C8908,22.29,2023-06-05 17:53:36,Restaurant
9456,C9721,20.88,2023-06-05 17:54:04,Retail
1348,C2684,62.93,2023-06-05 17:54:08,Grocery
1978,C7302,45.14,2023-06-05 17:54:47,Entertainment
4954,C5712,23.93,2023-06-05 17:54:54,Retail
9216,C6194,53.99,2023-06-05 17:56:28,Grocery
3033,C1111,30.15,2023-06-05 17:56:57,Electronics
9620,C3748,10.0,2023-06-05 17:58:13,Grocery
6137,C9573,15.6,2023-06-05 17:58:52,Entertainment
3203,C4692,65.2,2023-06-05 17:58:54,Entertainment
4422,C8785,33.06,2023-06-05 18:00:41,Grocery
8357,C6910,68.56,2023-06-05 18:00:59,Grocery
6524,C2838,91.52,2023-06-05 18:01:09,Electronics
7668,C6149,98.75,2023-06-05 18:03:25,Grocery
9752,C5802,84.3,2023-06-05 18:03:39,Restaurant
8542,C6157,0.49,2023-06-05 18:03:48,Retail
5436,C3776,86.63,2023-06-05 18:05:07,Electronics
10243,C6828,54.13,2023-06-05 18:05:21,Entertainment
8329,C1741,49.83,2023-06-05 18:06:12,Grocery
7334,C1371,15.77,2023-06-05 18:07:47,Restaurant
2293,C7626,1000.0,2023-06-05 18:08:06,Grocery
10434,C3094,33.52,2023-06-05 18:08:41,Retail
10162,C8500,16.31,2023-06-05 18:09:31,Grocery
5817,C5049,82.38,2023-06-05 18:10:42,Restaurant
7755,C9157,53.12,2023-06-05 18:11:02,Restaurant
5868,C4812,76.29,2023-06-05 18:11:38,Entertainment
10932,C6385,59.65,2023-06-05 18:11:43,Entertainment
5995,C5162,77.77,2023-06-05 18:11:49,Grocery
7369,C3430,69.19,2023-06-05 18:12:36,Restaurant
2552,C1713,92.93,2023-06-05 18:12:44,Retail
10921,C8675,19.31,2023-06-05 18:12:58,Grocery
10334,C3498,40.72,2023-06-05 18:13:54,Electronics
3127,C9835,26.3,2023-06-05 18:14:59,Grocery
1358,C6442,65.47,2023-06-05 18:15:54,Restaurant
5185,C2252,90.1,2023-06-05 18:16:56,Entertainment
1092,C5304,58.15,2023-06-05 18:19:10,Retail
6540,C6363,34.0,2023-06-05 18:19:23,Entertainment
3849,C7418,39.38,2023-06-05 18:20:07,Entertainment
2907,C8726,80.29,2023-06-05 18:20:48,Retail
3331,C5379,48.31,2023-06-05 18:21:56,Electronics
6176,C1651,66.05,2023-06-05 18:22:05,Electronics
3282,C6770,90.45,2023-06-05 18:22:06,Entertainment
2045,C6374,99.65,2023-06-05 18:24:03,Restaurant
2231,C7878,39.07,2023-06-05 18:24:38,Grocery
6097,C2467,47.57,2023-06-05 18:26:11,Grocery
3825,C3480,67.48,2023-06-05 18:28:00,Electronics
8960,C4696,38.84,2023-06-05 18:31:29,Electronics
1519,C7883,86.74,2023-06-05 18:32:54,Restaurant
5083,C2938,73.67,2023-06-05 18:35:12,Retail
4209,C7120,97.29,2023-06-05 18:37:27,Grocery
10746,C1983,63.31,2023-06-05 18:37:30,Grocery
7904,C4938,99.76,2023-06-05 18:37:47,Retail
5188,C9309,7181.5,2023-06-05 18:37:50,Electronics
4269,C4695,60.8,2023-06-05 18:39:25,Grocery
5570,C8722,71.88,2023-06-05 18:39:38,Grocery
9084,C4654,78.74,2023-06-05 18:39:46,Electronics
3119,C3218,81.13,2023-06-05 18:39:59,Entertainment
7169,C7759,43.16,2023-06-05 18:40:48,Electronics
6817,C3077,54.65,2023-06-05 18:40:57,Retail
4721,C3443,1.29,2023-06-05 18:41:29,Retail
9926,C8987,7606.4,2023-06-05 18:41:37,Restaurant
1676,C4777,61.05,2023-06-05 18:41:49,Electronics
4560,C8713,98.21,2023-06-05 18:43:24,Retail
6774,C7038,73.0,2023-06-05 18:44:44,Retail
2105,C5542,35.75,2023-06-05 18:46:33,Entertainment
4078,C3848,59.12,2023-06-05 18:48:34,Entertainment
4338,C4056,39.45,2023-06-05 18:50:19,Retail
3428,C7685,95.17,2023-06-05 18:52:33,Grocery
4790,C9570,54.37,2023-06-05 18:54:59,Restaurant
5177,C2783,62.18,2023-06-05 18:55:06,Grocery
2152,C3067,35.89,2023-06-05 18:56:17,Entertainment
10495,C1844,24.82,2023-06-05 18:56:33,Entertainment
4475,C7102,32.07,2023-06-05 18:58:31,Restaurant
8713,C7711,72.98,2023-06-05 18:58:35,Retail
7079,C7801,56.49,2023-06-05 18:58:44,Restaurant
3698,C6744,73.46,2023-06-05 18:59:06,Electronics
4919,C9888,24.87,2023-06-05 18:59:21,Entertainment
5400,C4513,25.95,2023-06-05 18:59:53,Entertainment
6851,C1890,70.87,2023-06-05 19:02:15,Electronics
9317,C1525,51.63,2023-06-05 19:02:32,Entertainment
5005,C3611,33.94,2023-06-05 19:03:03,Entertainment
9482,C4613,82.09,2023-06-05 19:03:20,Restaurant
7648,C3814,122.3,2023-06-05 19:03:20,Restaurant
9552,C7136,31.42,2023-06-05 19:03:35,Electronics
7956,C9551,1.84,2023-06-05 19:03:51,Grocery
2196,C5712,129.81,2023-06-05 19:04:03,Electronics
8318,C5151,32.01,2023-06-05 19:05:25,Restaurant
2624,C8272,12.99,2023-06-05 19:07:18,Grocery
8659,C4483,35.65,2023-06-05 19:13:02,Entertainment
9952,C3681,71.01,2023-06-05 19:14:13,Retail
7772,C8531,36.19,2023-06-05 19:14:15,Grocery
9871,C5767,70.91,2023-06-05 19:16:39,Electronics
9728,C8060,81.34,2023-06-05 19:17:04,Entertainment
7425,C1406,26.26,2023-06-05 19:18:15,Entertainment
6929,C7995,73.47,2023-06-05 19:19:02,Retail
1524,C1096,0.97,2023-06-05 19:20:06,Electronics
7955,C2976,10.03,2023-06-05 19:20:21,Grocery
4316,C8869,27.86,2023-06-05 19:20:56,Entertainment
2859,C6456,40.69,2023-06-05 19:20:58,Restaurant
5095,C5612,75.46,2023-06-05 19:22:41,Restaurant
4857,C7125,55.11,2023-06-05 19:22:48,Restaurant
7785,C9037,45.43,2023-06-05 19:23:38,Entertainment
3768,C8230,10.0,2023-06-05 19:24:24,Grocery
6136,C9952,22.49,2023-06-05 19:25:08,Entertainment
7151,C3589,23.79,2023-06-05 19:25:31,Grocery
8812,C3057,31.2,2023-06-05 19:25:41,Entertainment
2491,C4862,106.2,2023-06-05 19:26:10,Entertainment
8423,C8147,2040.68,2023-06-05 19:26:11,Entertainment
5195,C9842,51.99,2023-06-05 19:26:42,Entertainment
1635,C6511,67.15,2023-06-05 19:26:55,Electronics
6803,C5738,82.18,2023-06-05 19:27:52,Electronics
9846,C8125,49.09,2023-06-05 19:29:58,Entertainment
1183,C9423,94.25,2023-06-05 19:31:33,Entertainment
9702,C7993,10.0,2023-06-05 19:31:45,Restaurant
7868,C2102,61.8,2023-06-05 19:31:52,Retail
3971,C1862,79.91,2023-06-05 19:32:02,Restaurant
3474,C8212,10.0,2023-06-05 19:32:09,Electronics
1359,C7745,55.64,2023-06-05 19:32:19,Retail
1077,C6168,83.16,2023-06-05 19:34:00,Restaurant
6422,C9635,48.35,2023-06-05 19:34:55,Grocery
9331,C1941,24.93,2023-06-05 19:35:42,Retail
3272,C4768,89.89,2023-06-05 19:36:51,Restaurant
8681,C1458,51.43,2023-06-05 19:37:40,Retail
5466,C2744,46.17,2023-06-05 19:38:16,Entertainment
10929,C8096,77.75,2023-06-05 19:38:23,Retail
3197,C5913,58.04,2023-06-05 19:38:54,Restaurant
4901,C6617,82.98,2023-06-05 19:39:16,Electronics
6099,C7776,82.64,2023-06-05 19:42:52,Grocery
3769,C8479,51.59,2023-06-05 19:45:31,Electronics
6159,C2767,59.77,2023-06-05 19:46:04,Restaurant
7251,C8524,7659.74,2023-06-05 19:46:43,Entertainment
9451,C8219,52.41,2023-06-05 19:46:50,Electronics
1830,C4073,85.4,2023-06-05 19:46:55,Restaurant
5087,C1745,41.96,2023-06-05 19:47:30,Electronics
7314,C8405,19.84,2023-06-05 19:48:11,Retail
6541,C3347,65.83,2023-06-05 19:48:45,Entertainment
6792,C6628,0.56,2023-06-05 19:48:56,Electronics
10382,C7849,97.27,2023-06-05 19:49:03,Electronics
2181,C2099,62.45,2023-06-05 19:49:09,Electronics
9079,C8443,1.4,2023-06-05 19:49:24,Electronics
3706,C9720,14.09,2023-06-05 19:50:43,Restaurant
3528,C3725,1.07,2023-06-05 19:50:54,Entertainment
8730,C1866,41.53,2023-06-05 19:51:24,Retail
9179,C9106,70.6,2023-06-05 19:51:43,Electronics
8047,C2815,34.86,2023-06-05 19:53:15,Grocery
1321,C7939,49.66,2023-06-05 19:53:25,Restaurant
2781,C7070,57.91,2023-06-05 19:56:22,Electronics
4416,C7581,34.42,2023-06-05 19:57:11,Electronics
6563,C4438,67.33,2023-06-05 19:57:14,Restaurant
5011,C6724,48.72,2023-06-05 19:57:24,Grocery
10004,C8856,72.84,2023-06-05 19:59:14,Restaurant
7180,C8454,81.33,2023-06-05 20:00:06,Entertainment
7320,C2313,75.88,2023-06-05 20:01:32,Electronics
8544,C3692,98.0,2023-06-05 20:01:41,Retail
8028,C5275,43.52,2023-06-05 20:01:45,Grocery
9950,C5981,59.13,2023-06-05 20:02:02,Retail
5148,C2639,78.25,2023-06-05 20:03:23,Grocery
3406,C2344,62.36,2023-06-05 20:04:25,Grocery
10708,C4452,58.96,2023-06-05 20:04:37,Grocery
6400,C7831,29.76,2023-06-05 20:04:42,Retail
2766,C2195,49.9,2023-06-05 20:06:52,Retail
10809,C6154,92.27,2023-06-05 20:07:13,Retail
6332,C8449,31.7,2023-06-05 20:11:16,Entertainment
7177,C8141,28.71,2023-06-05 20:13:30,Retail
7218,C5060,97.33,2023-06-05 20:14:16,Entertainment
7312,C9730,100.58,2023-06-05 20:14:21,Retail
3793,C2276,0.65,2023-06-05 20:17:30,Entertainment
1952,C3785,95.89,2023-06-05 20:19:30,Electronics
10870,C3780,40.82,2023-06-05 20:19:44,Electronics
10526,C6312,69.39,2023-06-05 20:20:33,Entertainment
8170,C9470,39.45,2023-06-05 20:21:42,Restaurant
5599,C3203,33.53,2023-06-05 20:24:16,Entertainment
6554,C2426,81.36,2023-06-05 20:24:54,Grocery
7798,C6250,48.37,2023-06-05 20:25:42,Retail
6460,C4296,46.98,2023-06-05 20:26:03,Retail
8726,C3028,69.17,2023-06-05 20:26:20,Entertainment
6912,C2506,39.14,2023-06-05 20:26:55,Electronics
6415,C2063,87.47,2023-06-05 20:30:03,Restaurant
9089,C8876,13.12,2023-06-05 20:30:36,Grocery
4716,C1044,61.24,2023-06-05 20:31:06,Electronics
9766,C5359,69.83,2023-06-05 20:32:48,Retail
9553,C9171,68.11,2023-06-05 20:33:45,Entertainment
4273,C1547,86.0,2023-06-05 20:36:07,Entertainment
8799,C1993,52.02,2023-06-05 20:37:39,Electronics
2384,C6962,83.29,2023-06-05 20:39:00,Grocery
8287,C6599,77.98,2023-06-05 20:41:34,Restaurant
2681,C2438,88.85,2023-06-05 20:42:32,Grocery
10266,C8985,65.58,2023-06-05 20:43:35,Restaurant
4638,C6015,1753.95,2023-06-05 20:44:05,Retail
4325,C2892,83.44,2023-06-05 20:44:48,Retail
6957,C5243,76.98,2023-06-05 20:45:01,Retail
9509,C4485,89.98,2023-06-05 20:45:11,Grocery
10210,C4687,62.18,2023-06-05 20:45:23,Electronics
2797,C5067,67.9,2023-06-05 20:46:03,Restaurant
9740,C4482,84.96,2023-06-05 20:48:21,Restaurant
6480,C1582,68.12,2023-06-05 20:48:35,Retail
4789,C9504,86.79,2023-06-05 20:49:56,Grocery
3646,C8389,20.71,2023-06-05 20:49:59,Restaurant
6553,C1721,63.01,2023-06-05 20:50:34,Entertainment
10062,C9563,47.06,2023-06-05 20:50:43,Retail
2954,C4310,54.15,2023-06-05 20:50:50,Grocery
2881,C2795,73.83,2023-06-05 20:53:21,Grocery
8513,C6592,82.13,2023-06-05 20:54:12,Electronics
2537,C6780,71.53,2023-06-05 20:55:29,Electronics
3911,C3877,44.41,2023-06-05 20:57:06,Electronics
3498,C1440,59.02,2023-06-05 20:57:09,Retail
7784,C2792,51.04,2023-06-05 20:57:59,Grocery
10799,C4075,0.14,2023-06-05 20:58:17,Entertainment
10563,C1193,51.15,2023-06-05 21:00:03,Grocery
7315,C7031,41.9,2023-06-05 21:03:39,Grocery
2568,C3868,84.01,2023-06-05 21:04:36,Entertainment
1114,C9797,47.82,2023-06-05 21:04:36,Retail
5399,C2642,28.69,2023-06-05 21:07:20,Electronics
6048,C1187,39.99,2023-06-05 21:07:46,Grocery
2204,C4674,80.91,2023-06-05 21:09:13,Restaurant
2022,C6549,86.5,2023-06-05 21:10:20,Grocery
2752,C1744,37.74,2023-06-05 21:10:47,Restaurant
2472,C3042,78.97,2023-06-05 21:11:17,Grocery
1317,C9004,111.17,2023-06-05 21:11:36,Entertainment
9335,C3815,69.57,2023-06-05 21:13:03,Grocery
2054,C1609,0.01,2023-06-05 21:16:35,Electronics
4207,C6978,12.3,2023-06-05 21:16:55,Grocery
10764,C7185,29.78,2023-06-05 21:17:49,Entertainment
3409,C7225,41.1,2023-06-05 21:18:46,Entertainment
3206,C8586,68.24,2023-06-05 21:19:06,Restaurant
3886,C9791,5232.76,2023-06-05 21:20:08,Retail
8200,C3025,83.59,2023-06-05 21:20:09,Retail
1438,C4501,73.94,2023-06-05 21:20:53,Entertainment
9095,C1110,56.91,2023-06-05 21:22:56,Electronics
1834,C8242,62.89,2023-06-05 21:23:16,Entertainment
8641,C9502,65.79,2023-06-05 21:23:57,Retail
2232,C8432,55.89,2023-06-05 21:24:02,Restaurant
3224,C5398,59.07,2023-06-05 21:24:12,Entertainment
1794,C1659,119.54,2023-06-05 21:25:44,Entertainment
5406,C7375,57.54,2023-06-05 21:26:08,Grocery
9870,C2895,64.58,2023-06-05 21:26:14,Grocery
6386,C4401,31.65,2023-06-05 21:31:47,Entertainment
1275,C4910,80.78,2023-06-05 21:32:47,Restaurant
3592,C8365,59.65,2023-06-05 21:34:16,Retail
9861,C4666,50.46,2023-06-05 21:34:27,Electronics
7565,C7111,35.67,2023-06-05 21:35:10,Restaurant
4667,C7147,64.26,2023-06-05 21:35:40,Restaurant
3333,C2294,38.3,2023-06-05 21:36:13,Entertainment
3374,C3661,1.03,2023-06-05 21:36:34,Entertainment
2313,C6562,97.0,2023-06-05 21:37:20,Retail
2862,C8487,61.23,2023-06-05 21:38:38,Restaurant
4556,C3785,10.52,2023-06-05 21:39:06,Electronics
9541,C1217,49.4,2023-06-05 21:39:27,Electronics
8946,C1712,103.87,2023-06-05 21:42:50,Entertainment
10743,C5698,80.66,2023-06-05 21:43:21,Retail
1259,C2312,25.49,2023-06-05 21:45:22,Grocery
7707,C2666,43.3,2023-06-05 21:47:21,Retail
1546,C7455,73.16,2023-06-05 21:49:04,Retail
8776,C3973,45.95,2023-06-05 21:49:13,Grocery
9696,C7515,40.67,2023-06-05 21:50:18,Retail
9743,C1966,56.92,2023-06-05 21:53:46,Electronics
4235,C2705,55.26,2023-06-05 21:55:35,Electronics
6581,C4384,7344.07,2023-06-05 21:56:47,Restaurant
5209,C9227,102.56,2023-06-05 21:57:42,Electronics
7758,C5287,44.44,2023-06-05 21:59:27,Restaurant
6565,C4285,3209.08,2023-06-05 21:59:54,Retail
10025,C9501,82.84,2023-06-05 22:04:44,Entertainment
3512,C7176,92.42,2023-06-05 22:04:51,Restaurant
1877,C5634,105.15,2023-06-05 22:10:43,Electronics
2547,C9312,32.2,2023-06-05 22:11:30,Grocery
4990,C1654,39.6,2023-06-05 22:12:07,Retail
10503,C6317,49.92,2023-06-05 22:12:43,Retail
4503,C4666,76.02,2023-06-05 22:12:44,Restaurant
9368,C9043,77.41,2023-06-05 22:13:26,Electronics
8221,C2998,102.08,2023-06-05 22:13:31,Electronics
8599,C9314,46.03,2023-06-05 22:14:21,Restaurant
10641,C6707,45.3,2023-06-05 22:20:05,Retail
4552,C8794,66.92,2023-06-05 22:20:17,Retail
4339,C8303,110.89,2023-06-05 22:20:44,Entertainment
1228,C7658,50.3,2023-06-05 22:21:53,Grocery
1470,C9486,37.96,2023-06-05 22:22:13,Restaurant
10156,C7206,56.23,2023-06-05 22:22:52,Grocery
10014,C6328,38.84,2023-06-05 22:24:40,Entertainment
10157,C5380,53.24,2023-06-05 22:26:40,Retail
8993,C7183,30.93,2023-06-05 22:27:48,Entertainment
5281,C4452,52.74,2023-06-05 22:29:20,Retail
6411,C7038,66.08,2023-06-05 22:31:04,Grocery
9621,C8712,45.22,2023-06-05 22:31:12,Grocery
5595,C1159,63.27,2023-06-05 22:32:07,Grocery
3431,C2468,46.6,2023-06-05 22:32:33,Entertainment
6192,C2015,78.23,2023-06-05 22:34:09,Retail
3205,C3365,10.11,2023-06-05 22:34:19,Retail
1054,C2654,11025.42,2023-06-05 22:34:58,Electronics
3329,C5135,86.63,2023-06-05 22:35:56,Retail
3516,C7566,15.54,2023-06-05 22:36:39,Electronics
9412,C1437,60.19,2023-06-05 22:38:33,Restaurant
10012,C3051,58.73,2023-06-05 22:38:54,Restaurant
6215,C4387,90.6,2023-06-05 22:39:05,Entertainment
9828,C1520,23.36,2023-06-05 22:41:40,Entertainment
7467,C8249,69.89,2023-06-05 22:43:22,Entertainment
2929,C4684,71.88,2023-06-05 22:43:24,Grocery
3657,C9056,88.2,2023-06-05 22:44:16,Retail
7166,C4731,76.14,2023-06-05 22:44:57,Grocery
1189,C3167,47.5,2023-06-05 22:45:25,Retail
10205,C9652,98.43,2023-06-05 22:46:14,Electronics
3655,C9109,63.76,2023-06-05 22:46:14,Grocery
7692,C2140,63.7,2023-06-05 22:47:11,Electronics
9220,C3942,83.89,2023-06-05 22:47:47,Retail
9793,C8486,22.43,2023-06-05 22:48:02,Restaurant
4412,C3821,17.17,2023-06-05 22:48:18,Entertainment
7903,C3420,20.59,2023-06-05 22:48:38,Entertainment
4636,C7284,49.62,2023-06-05 22:50:07,Entertainment
10440,C8347,17.06,2023-06-05 22:51:49,Restaurant
2498,C2623,31.82,2023-06-05 22:52:23,Retail
2980,C6262,55.33,2023-06-05 22:53:47,Retail
3216,C6411,113.33,2023-06-05 22:55:06,Electronics
4984,C3636,95.78,2023-06-05 22:55:07,Entertainment
4584,C7253,63.16,2023-06-05 22:58:00,Electronics
7052,C6035,109.8,2023-06-05 22:58:06,Entertainment
3401,C7227,92.89,2023-06-05 23:00:16,Retail
1003,C5506,3819.95,2023-06-05 23:00:28,Retail
8739,C1310,100.24,2023-06-05 23:02:52,Entertainment
3291,C1554,98.36,2023-06-05 23:04:06,Grocery
7899,C9556,85.74,2023-06-05 23:05:04,Grocery
6181,C9027,32.01,2023-06-05 23:05:46,Electronics
6306,C7521,61.14,2023-06-05 23:05:48,Electronics
8770,C3526,66.59,2023-06-05 23:07:53,Entertainment
1476,C3184,10.0,2023-06-05 23:07:54,Retail
10897,C6138,75.74,2023-06-05 23:12:41,Electronics
6611,C4246,68.33,2023-06-05 23:13:45,Restaurant
5410,C8727,100.14,2023-06-05 23:14:28,Entertainment
7727,C5569,63.64,2023-06-05 23:14:51,Grocery
1597,C2245,89.23,2023-06-05 23:15:00,Grocery
5138,C5762,51.48,2023-06-05 23:15:39,Retail
10197,C7643,4610.98,2023-06-05 23:17:37,Entertainment
8787,C7152,45.04,2023-06-05 23:17:50,Restaurant
4929,C9564,14.88,2023-06-05 23:20:26,Grocery
1365,C1634,52.06,2023-06-05 23:21:59,Entertainment
4208,C2188,20.47,2023-06-05 23:24:51,Grocery
9315,C2709,81.23,2023-06-05 23:25:33,Electronics
6787,C8740,90.41,2023-06-05 23:27:15,Entertainment
1887,C7180,43.81,2023-06-05 23:31:15,Restaurant
7812,C7749,78.56,2023-06-05 23:32:27,Restaurant
6463,C2111,61.58,2023-06-05 23:34:14,Retail
6101,C6984,34.33,2023-06-05 23:35:15,Retail
4459,C4288,75.81,2023-06-05 23:37:49,Retail
8408,C8993,63.93,2023-06-05 23:38:11,Retail
6212,C8359,102.77,2023-06-05 23:38:35,Electronics
1849,C7684,71.34,2023-06-05 23:40:51,Retail
6029,C7550,37.49,2023-06-05 23:42:09,Restaurant
7815,C5001,15.04,2023-06-05 23:43:11,Retail
1220,C8260,64.62,2023-06-05 23:44:27,Entertainment
4828,C2681,45.84,2023-06-05 23:44:43,Restaurant
3775,C3604,50.37,2023-06-05 23:45:10,Restaurant
1607,C2129,64.8,2023-06-05 23:45:48,Grocery
4171,C6813,93.89,2023-06-05 23:46:31,Entertainment
5416,C7075,89.69,2023-06-05 23:46:48,Grocery
6117,C3555,82.28,2023-06-05 23:47:04,Entertainment
3015,C4050,6118.53,2023-06-05 23:47:36,Grocery
5154,C8383,43.54,2023-06-05 23:47:54,Restaurant
9517,C4580,67.19,2023-06-05 23:49:35,Electronics
7552,C6285,79.19,2023-06-05 23:50:13,Restaurant
6216,C3270,48.36,2023-06-05 23:52:44,Grocery
5025,C4937,10.0,2023-06-05 23:54:04,Grocery
1960,C8555,70.98,2023-06-05 23:55:33,Retail
3505,C9180,82.32,2023-06-05 23:57:33,Retail
2372,C2695,51.17,2023-06-05 23:57:36,Electronics
6961,C2153,51.83,2023-06-05 23:57:45,Grocery
2063,C8432,65.95,2023-06-05 23:59:01,Entertainment
4937,C5374,6910.72,2023-06-05 23:59:10,Grocery
5499,C5706,0.82,2023-06-05 23:59:40,Grocery
5931,C4139,84.96,2023-06-06 00:00:38,Grocery
10986,C8790,96.37,2023-06-06 00:01:15,Retail
4604,C1077,60.39,2023-06-06 00:01:34,Electronics
1240,C5673,55.23,2023-06-06 00:03:16,Grocery
7163,C4769,27.85,2023-06-06 00:04:06,Retail
10497,C4440,30.76,2023-06-06 00:05:02,Electronics
3363,C5593,37.28,2023-06-06 00:05:20,Electronics
9484,C3750,47.47,2023-06-06 00:07:23,Grocery
9854,C8803,10.0,2023-06-06 00:08:21,Restaurant
1217,C8579,31.75,2023-06-06 00:09:26,Restaurant
9754,C7188,44.04,2023-06-06 00:09:34,Entertainment
1292,C6718,61.61,2023-06-06 00:11:09,Grocery
3337,C4984,67.38,2023-06-06 00:12:25,Electronics
1702,C5786,26.67,2023-06-06 00:12:28,Entertainment
8324,C2866,92.64,2023-06-06 00:14:19,Restaurant
9864,C7176,73.51,2023-06-06 00:14:33,Retail
6079,C2393,25.61,2023-06-06 00:15:55,Grocery
9826,C9520,25.57,2023-06-06 00:17:29,Entertainment
7913,C5373,47.46,2023-06-06 00:17:46,Retail
7124,C9315,10.0,2023-06-06 00:18:58,Grocery
9531,C6209,64.27,2023-06-06 00:18:59,Restaurant
1732,C8381,49.55,2023-06-06 00:19:17,Entertainment
2706,C7523,80.56,2023-06-06 00:19:49,Grocery
5836,C6905,51.31,2023-06-06 00:19:49,Electronics
3180,C9540,51.69,2023-06-06 00:20:55,Restaurant
9171,C9168,67.55,2023-06-06 00:23:24,Grocery
10466,C7567,64.47,2023-06-06 00:24:19,Entertainment
9433,C8171,36.82,2023-06-06 00:26:11,Electronics
8496,C3572,74.71,2023-06-06 00:27:03,Electronics
1931,C4727,45.98,2023-06-06 00:28:30,Entertainment
1268,C2343,35.38,2023-06-06 00:29:51,Electronics
3217,C2295,34.36,2023-06-06 00:30:13,Electronics
9135,C3807,43.89,2023-06-06 00:31:32,Restaurant
9729,C3795,75.4,2023-06-06 00:31:46,Grocery
5763,C2121,54.05,2023-06-06 00:32:54,Entertainment
6002,C5660,38.06,2023-06-06 00:34:27,Entertainment
1379,C2137,80.43,2023-06-06 00:35:30,Electronics
3534,C1172,5526.72,2023-06-06 00:35:30,Electronics
6643,C6711,101.57,2023-06-06 00:36:46,Retail
3510,C3525,84.39,2023-06-06 00:38:52,Grocery
7115,C7861,76.31,2023-06-06 00:39:28,Entertainment
3782,C3711,55.62,2023-06-06 00:40:19,Electronics
3995,C5016,66.22,2023-06-06 00:40:51,Restaurant
5102,C9740,64.74,2023-06-06 00:41:07,Electronics
9228,C9220,67.7,2023-06-06 00:41:27,Grocery
3425,C8061,32.7,2023-06-06 00:42:05,Electronics
6200,C7436,48.24,2023-06-06 00:42:28,Grocery
4378,C7936,103.08,2023-06-06 00:42:38,Grocery
6723,C6212,60.53,2023-06-06 00:43:20,Electronics
4476,C9008,48.52,2023-06-06 00:43:23,Retail
4618,C7280,42.74,2023-06-06 00:44:33,Electronics
8403,C1606,86.43,2023-06-06 00:48:13,Electronics
8485,C8489,78.27,2023-06-06 00:49:06,Electronics
9646,C3238,77.11,2023-06-06 00:50:21,Entertainment
1589,C3683,24.1,2023-06-06 00:51:24,Retail
6969,C7397,61.82,2023-06-06 00:53:26,Entertainment
7897,C8106,66.73,2023-06-06 00:55:02,Entertainment
4080,C7625,27.73,2023-06-06 00:55:25,Electronics
3362,C2218,40.95,2023-06-06 00:55:51,Electronics
3784,C7493,1.06,2023-06-06 00:56:05,Grocery
6479,C8774,7629.82,2023-06-06 00:56:21,Entertainment
8111,C5289,22.43,2023-06-06 00:58:51,Restaurant
3163,C5009,107.3,2023-06-06 00:58:58,Entertainment
5104,C3234,55.17,2023-06-06 01:01:07,Retail
4630,C5076,19.84,2023-06-06 01:02:01,Restaurant
9440,C2646,91.79,2023-06-06 01:03:16,Grocery
10473,C1145,50.0,2023-06-06 01:03:21,Electronics
4310,C1893,4479.37,2023-06-06 01:04:40,Restaurant
8890,C8580,70.49,2023-06-06 01:05:52,Electronics
4094,C7098,71.11,2023-06-06 01:07:07,Electronics
8327,C3985,62.78,2023-06-06 01:07:35,Grocery
8708,C8371,0.73,2023-06-06 01:08:23,Electronics
4859,C1750,16.29,2023-06-06 01:11:17,Retail
1450,C4262,50.43,2023-06-06 01:11:43,Retail
9150,C1756,58.55,2023-06-06 01:12:08,Entertainment
5669,C7505,60.5,2023-06-06 01:13:06,Retail
1449,C4680,58.89,2023-06-06 01:14:07,Grocery
4101,C8265,85.19,2023-06-06 01:14:53,Grocery
10316,C3066,61.08,2023-06-06 01:15:13,Electronics
7551,C9908,92.94,2023-06-06 01:17:00,Restaurant
1062,C4432,111.61,2023-06-06 01:17:05,Entertainment
10926,C3953,20.02,2023-06-06 01:17:11,Entertainment
10486,C1747,96.04,2023-06-06 01:18:12,Electronics
2729,C3697,47.56,2023-06-06 01:18:23,Retail
9276,C4433,90.58,2023-06-06 01:20:04,Retail
4999,C9608,102.44,2023-06-06 01:20:51,Grocery
8027,C3627,75.23,2023-06-06 01:21:43,Retail
10935,C6610,1.0,2023-06-06 01:22:00,Grocery
1369,C8541,53.16,2023-06-06 01:22:04,Grocery
7241,C4571,56.58,2023-06-06 01:22:47,Entertainment
3097,C8484,102.6,2023-06-06 01:23:10,Retail
1934,C2612,1.23,2023-06-06 01:23:25,Retail
3634,C7286,71.58,2023-06-06 01:25:55,Entertainment
3872,C2106,35.26,2023-06-06 01:28:08,Restaurant
7128,C5528,14.82,2023-06-06 01:29:01,Electronics
3936,C8457,84.17,2023-06-06 01:29:05,Retail
10379,C6956,65.33,2023-06-06 01:29:40,Grocery
3121,C7135,5840.71,2023-06-06 01:29:46,Grocery
9270,C6581,1.12,2023-06-06 01:30:52,Entertainment
3140,C8585,38.47,2023-06-06 01:31:37,Restaurant
7465,C8278,77.85,2023-06-06 01:33:23,Restaurant
3484,C7524,52.62,2023-06-06 01:33:44,Electronics
2370,C2013,49.41,2023-06-06 01:33:53,Electronics
5826,C6113,62.92,2023-06-06 01:33:54,Electronics
2374,C2381,73.36,2023-06-06 01:34:01,Electronics
4079,C1509,37.62,2023-06-06 01:34:34,Retail
3836,C6152,74.43,2023-06-06 01:35:12,Restaurant
9669,C4182,93.81,2023-06-06 01:37:20,Entertainment
6593,C9856,59.02,2023-06-06 01:37:40,Electronics
1839,C3146,59.72,2023-06-06 01:38:07,Entertainment
1862,C8736,21.32,2023-06-06 01:38:25,Entertainment
3391,C6347,61.45,2023-06-06 01:40:30,Entertainment
1551,C8564,1.05,2023-06-06 01:40:40,Electronics
2480,C8167,71.71,2023-06-06 01:43:06,Retail
3434,C6315,83.36,2023-06-06 01:43:44,Retail
1276,C5351,39.31,2023-06-06 01:44:13,Retail
7966,C4865,80.68,2023-06-06 01:46:03,Restaurant
7529,C1958,53.13,2023-06-06 01:46:32,Restaurant
2625,C6759,58.38,2023-06-06 01:47:56,Grocery
2155,C6327,59.32,2023-06-06 01:47:57,Electronics
8947,C4678,72.5,2023-06-06 01:49:40,Electronics
7888,C3958,91.4,2023-06-06 01:50:26,Retail
8541,C6542,39.17,2023-06-06 01:53:10,Grocery
6536,C6572,11.14,2023-06-06 01:53:28,Electronics
3436,C1202,31.16,2023-06-06 01:54:18,Grocery
7301,C1892,16.85,2023-06-06 01:56:41,Retail
10192,C8858,86.84,2023-06-06 01:57:25,Electronics
2380,C8199,57.92,2023-06-06 01:58:13,Grocery
7134,C9151,31.45,2023-06-06 01:59:36,Restaurant
8345,C9755,0.9,2023-06-06 02:00:26,Electronics
2542,C9576,125.04,2023-06-06 02:00:27,Restaurant
10801,C1530,36.55,2023-06-06 02:01:19,Electronics
7752,C8635,106.17,2023-06-06 02:01:41,Restaurant
9879,C3087,45.87,2023-06-06 02:01:42,Restaurant
4980,C8020,78.14,2023-06-06 02:02:18,Retail
5336,C8901,35.19,2023-06-06 02:03:39,Grocery
10680,C9070,38.04,2023-06-06 02:03:43,Retail
10785,C2710,22.16,2023-06-06 02:04:44,Electronics
1473,C5082,127.33,2023-06-06 02:04:59,Electronics
9584,C8247,109.59,2023-06-06 02:05:41,Grocery
10813,C6843,62.93,2023-06-06 02:06:05,Entertainment
3288,C9882,50.57,2023-06-06 02:06:36,Grocery
3869,C8717,43.38,2023-06-06 02:07:07,Entertainment
9255,C7616,80.22,2023-06-06 02:09:29,Entertainment
2541,C2402,7249.3,2023-06-06 02:11:05,Retail
10517,C5194,25.24,2023-06-06 02:11:18,Restaurant
6404,C3906,27.0,2023-06-06 02:11:43,Entertainment
2268,C4460,61.85,2023-06-06 02:12:05,Electronics
4695,C2928,54.31,2023-06-06 02:14:49,Grocery
10756,C9222,72.57,2023-06-06 02:15:48,Entertainment
2866,C6373,17.91,2023-06-06 02:16:40,Electronics
10090,C7968,75.2,2023-06-06 02:17:55,Grocery
6869,C8122,93.62,2023-06-06 02:18:05,Electronics
8352,C8817,38.95,2023-06-06 02:19:03,Retail
5172,C8583,46.91,2023-06-06 02:20:11,Electronics
10653,C7399,60.96,2023-06-06 02:20:45,Retail
2049,C5951,1000.0,2023-06-06 02:20:49,Grocery
9195,C7129,68.08,2023-06-06 02:21:43,Restaurant
6513,C7780,74.47,2023-06-06 02:23:05,Entertainment
2431,C9843,78.55,2023-06-06 02:26:33,Restaurant
9943,C4196,0.61,2023-06-06 02:27:05,Electronics
5900,C8439,41.82,2023-06-06 02:27:19,Electronics
6294,C1694,58.81,2023-06-06 02:27:31,Grocery
6456,C6468,5389.99,2023-06-06 02:28:01,Entertainment
6904,C8306,52.61,2023-06-06 02:29:09,Electronics
6037,C5921,58.42,2023-06-06 02:29:10,Restaurant
6021,C3267,60.63,2023-06-06 02:29:46,Retail
4897,C7859,72.16,2023-06-06 02:29:54,Entertainment
4200,C6301,96.19,2023-06-06 02:30:38,Electronics
3125,C7154,55.39,2023-06-06 02:30:53,Entertainment
5553,C2972,55.49,2023-06-06 02:33:33,Entertainment
10843,C9218,49.62,2023-06-06 02:33:46,Entertainment
9329,C2146,51.92,2023-06-06 02:34:16,Restaurant
7555,C5447,1.16,2023-06-06 02:34:45,Electronics
9201,C8282,31.74,2023-06-06 02:35:41,Grocery
4709,C1645,40.68,2023-06-06 02:36:46,Retail
7471,C7786,79.68,2023-06-06 02:37:14,Restaurant
4242,C6234,3278.54,2023-06-06 02:37:32,Electronics
2671,C4515,62.05,2023-06-06 02:37:56,Retail
4346,C5400,0.51,2023-06-06 02:39:50,Electronics
8307,C5841,33.82,2023-06-06 02:40:26,Restaurant
3661,C3740,37.36,2023-06-06 02:41:05,Electronics
9694,C2512,67.69,2023-06-06 02:41:28,Grocery
6252,C2302,55.4,2023-06-06 02:41:40,Electronics
10990,C6811,6143.73,2023-06-06 02:43:02,Grocery
3236,C4113,64.07,2023-06-06 02:43:25,Electronics
8014,C3625,60.3,2023-06-06 02:47:00,Restaurant
2071,C7686,24.69,2023-06-06 02:47:04,Retail
9204,C4771,75.31,2023-06-06 02:47:38,Restaurant
7629,C4027,63.08,2023-06-06 02:48:22,Retail
3051,C9233,71.68,2023-06-06 02:49:20,Entertainment
4076,C5896,40.86,2023-06-06 02:49:33,Entertainment
6862,C4828,10361.72,2023-06-06 02:50:31,Grocery
8888,C1138,43.03,2023-06-06 02:50:50,Entertainment
2528,C9189,62.28,2023-06-06 02:51:42,Electronics
7061,C2033,38.65,2023-06-06 02:51:46,Restaurant
9726,C7829,62.7,2023-06-06 02:53:33,Electronics
3196,C3444,32.41,2023-06-06 02:55:08,Retail
7958,C5125,41.72,2023-06-06 02:58:10,Grocery
9565,C6202,26.47,2023-06-06 02:58:30,Electronics
7997,C5144,42.97,2023-06-06 02:59:39,Electronics
6892,C6528,10.0,2023-06-06 02:59:45,Entertainment
9987,C3826,44.31,2023-06-06 02:59:59,Entertainment
7998,C7302,46.34,2023-06-06 03:01:26,Retail
10956,C1886,45.58,2023-06-06 03:01:38,Retail
4248,C5345,98.11,2023-06-06 03:02:00,Restaurant
3508,C4965,15.92,2023-06-06 03:03:06,Retail
5106,C9941,64.87,2023-06-06 03:03:14,Grocery
4139,C9907,10.0,2023-06-06 03:05:23,Restaurant
2810,C2475,74.21,2023-06-06 03:06:10,Grocery
6725,C7652,54.51,2023-06-06 03:06:18,Retail
6224,C3378,93.02,2023-06-06 03:07:38,Restaurant
7231,C9701,60.85,2023-06-06 03:07:56,Restaurant
10449,C3735,79.26,2023-06-06 03:08:13,Entertainment
5650,C6191,64.84,2023-06-06 03:08:34,Grocery
3830,C2646,54.38,2023-06-06 03:13:31,Grocery
1172,C1344,27.99,2023-06-06 03:15:01,Entertainment
10581,C2392,75.64,2023-06-06 03:15:14,Restaurant
5619,C6903,98.56,2023-06-06 03:15:36,Retail
8063,C7791,99.96,2023-06-06 03:16:29,Retail
5942,C1214,41.57,2023-06-06 03:18:14,Electronics
2998,C2758,89.32,2023-06-06 03:18:23,Electronics
3732,C8405,85.76,2023-06-06 03:18:49,Entertainment
5825,C7375,56.37,2023-06-06 03:19:15,Grocery
6182,C7445,16.77,2023-06-06 03:20:57,Retail
2321,C9355,96.32,2023-06-06 03:21:05,Retail
5037,C7143,83.53,2023-06-06 03:22:37,Entertainment
1573,C1659,61.96,2023-06-06 03:22:44,Electronics
3430,C1430,59.32,2023-06-06 03:23:15,Electronics
8870,C1070,104.9,2023-06-06 03:24:08,Electronics
1904,C9229,57.13,2023-06-06 03:24:37,Retail
3799,C1132,50.36,2023-06-06 03:25:03,Retail
3440,C2387,46.84,2023-06-06 03:25:46,Entertainment
7189,C4313,72.79,2023-06-06 03:27:05,Electronics
10459,C9412,10.0,2023-06-06 03:27:27,Entertainment
1622,C9817,53.04,2023-06-06 03:28:14,Restaurant
3633,C3258,81.44,2023-06-06 03:29:30,Entertainment
9265,C8773,46.91,2023-06-06 03:30:00,Grocery
2143,C7984,23.49,2023-06-06 03:30:31,Retail
9026,C1201,73.94,2023-06-06 03:31:26,Restaurant
10739,C7742,37.3,2023-06-06 03:31:46,Grocery
6858,C8802,38.71,2023-06-06 03:31:53,Restaurant
1324,C1058,84.86,2023-06-06 03:31:59,Retail
4192,C9625,42.56,2023-06-06 03:32:04,Restaurant
7340,C6680,64.36,2023-06-06 03:32:31,Restaurant
6555,C6460,77.25,2023-06-06 03:32:49,Entertainment
4688,C2654,49.4,2023-06-06 03:34:03,Entertainment
9099,C6863,53.26,2023-06-06 03:34:49,Entertainment
10881,C5226,50.69,2023-06-06 03:35:41,Grocery
1696,C1231,53.92,2023-06-06 03:35:57,Grocery
8504,C6482,47.83,2023-06-06 03:36:27,Grocery
1361,C5371,71.28,2023-06-06 03:37:30,Electronics
10726,C3314,72.88,2023-06-06 03:37:52,Restaurant
9980,C5014,77.88,2023-06-06 03:38:27,Grocery
1816,C1601,75.29,2023-06-06 03:41:55,Electronics
1483,C9976,43.3,2023-06-06 03:44:15,Grocery
2147,C2204,76.98,2023-06-06 03:45:25,Entertainment
6574,C3446,2227.19,2023-06-06 03:49:10,Grocery
8103,C5636,83.05,2023-06-06 03:50:39,Entertainment
1922,C9742,60.03,2023-06-06 03:51:38,Entertainment
3977,C2129,58.71,2023-06-06 03:52:26,Entertainment
5622,C1324,61.69,2023-06-06 03:53:26,Entertainment
3239,C4974,70.46,2023-06-06 03:53:44,Electronics
2222,C3347,43.75,2023-06-06 03:55:49,Restaurant
5578,C7099,85.74,2023-06-06 03:56:40,Entertainment
7654,C8777,50.96,2023-06-06 03:57:00,Electronics
4152,C1427,47.63,2023-06-06 03:58:10,Restaurant
2386,C5634,1.5,2023-06-06 03:59:18,Grocery
3902,C4909,44.97,2023-06-06 04:01:09,Retail
8506,C3014,118.64,2023-06-06 04:01:39,Grocery
3087,C4365,60.87,2023-06-06 04:02:05,Restaurant
7504,C5303,42.05,2023-06-06 04:03:09,Restaurant
3344,C7213,48.5,2023-06-06 04:03:33,Electronics
6131,C6437,66.15,2023-06-06 04:03:33,Restaurant
4105,C3007,77.05,2023-06-06 04:06:32,Electronics
5824,C8746,38.3,2023-06-06 04:06:37,Retail
4553,C6873,66.1,2023-06-06 04:06:43,Electronics
10161,C7852,39.03,2023-06-06 04:07:23,Grocery
7721,C7557,33.23,2023-06-06 04:07:30,Grocery
4675,C2897,47.56,2023-06-06 04:09:10,Grocery
7689,C5761,28.63,2023-06-06 04:09:58,Grocery
9445,C7403,109.0,2023-06-06 04:10:35,Restaurant
8003,C4872,45.66,2023-06-06 04:10:42,Electronics
10180,C2256,62.94,2023-06-06 04:10:54,Retail
4390,C5525,81.94,2023-06-06 04:11:28,Grocery
6355,C3930,62.61,2023-06-06 04:11:49,Grocery
8435,C8675,68.79,2023-06-06 04:12:21,Grocery
2540,C4068,49.56,2023-06-06 04:12:58,Electronics
2716,C8632,52.36,2023-06-06 04:13:04,Electronics
6326,C6299,1.14,2023-06-06 04:13:36,Restaurant
6522,C5953,64.54,2023-06-06 04:14:41,Restaurant
10084,C7255,71.19,2023-06-06 04:15:09,Grocery
7556,C6939,87.92,2023-06-06 04:15:50,Electronics
4215,C3235,92.28,2023-06-06 04:16:24,Electronics
10548,C6081,19.88,2023-06-06 04:17:24,Electronics
10411,C7088,115.16,2023-06-06 04:17:53,Retail
7291,C2860,113.58,2023-06-06 04:18:00,Retail
6129,C8719,23.04,2023-06-06 04:18:58,Electronics
1744,C4929,47.27,2023-06-06 04:19:03,Grocery
6995,C9759,39.96,2023-06-06 04:19:07,Entertainment
9449,C5476,55.68,2023-06-06 04:21:21,Electronics
9578,C5068,1.53,2023-06-06 04:22:45,Retail
2600,C7334,59.64,2023-06-06 04:23:36,Entertainment
1472,C1822,73.03,2023-06-06 04:24:48,Entertainment
10134,C2565,95.91,2023-06-06 04:25:08,Grocery
7269,C9887,56.32,2023-06-06 04:26:00,Retail
1381,C6753,10.54,2023-06-06 04:27:44,Retail
2032,C1228,51.43,2023-06-06 04:29:49,Entertainment
4291,C3703,58.89,2023-06-06 04:31:18,Electronics
1233,C1960,58.78,2023-06-06 04:33:18,Entertainment
9843,C3792,65.13,2023-06-06 04:33:35,Grocery
6639,C8842,91.82,2023-06-06 04:34:25,Entertainment
8460,C6878,81.32,2023-06-06 04:34:51,Restaurant
6952,C9857,10770.54,2023-06-06 04:35:02,Electronics
7636,C6770,67.83,2023-06-06 04:37:06,Restaurant
6638,C6758,25.7,2023-06-06 04:37:51,Electronics
8076,C3764,44.27,2023-06-06 04:37:57,Restaurant
1491,C9540,56.46,2023-06-06 04:38:16,Retail
1843,C2989,19.68,2023-06-06 04:40:31,Electronics
2078,C4868,44.9,2023-06-06 04:41:21,Retail
2991,C7504,45.42,2023-06-06 04:41:50,Entertainment
6609,C6119,34.7,2023-06-06 04:42:28,Restaurant
3190,C6642,59.39,2023-06-06 04:44:16,Restaurant
2477,C8361,57.22,2023-06-06 04:48:59,Restaurant
8146,C5264,60.02,2023-06-06 04:51:32,Entertainment
4213,C5944,66.62,2023-06-06 04:53:30,Entertainment
3676,C2871,58.55,2023-06-06 04:53:53,Electronics
1164,C8177,30.9,2023-06-06 04:54:32,Retail
10565,C7191,41.76,2023-06-06 04:58:25,Grocery
6233,C1483,41.63,2023-06-06 04:58:40,Grocery
4947,C6876,56.04,2023-06-06 05:02:27,Entertainment
1753,C1534,61.27,2023-06-06 05:02:53,Grocery
5916,C5638,10.0,2023-06-06 05:02:56,Restaurant
10763,C9544,0.88,2023-06-06 05:03:08,Grocery
9299,C6410,41.16,2023-06-06 05:03:18,Retail
4096,C5240,45.25,2023-06-06 05:03:54,Restaurant
4354,C4727,53.55,2023-06-06 05:04:29,Retail
6154,C1136,63.54,2023-06-06 05:04:31,Retail
4794,C8895,65.94,2023-06-06 05:07:55,Entertainment
9037,C4983,41.2,2023-06-06 05:08:42,Electronics
7259,C8607,0.8,2023-06-06 05:08:53,Entertainment
4869,C7437,63.79,2023-06-06 05:10:42,Electronics
9885,C9775,79.1,2023-06-06 05:10:46,Grocery
3639,C3838,68.1,2023-06-06 05:11:14,Entertainment
3314,C9673,67.43,2023-06-06 05:12:52,Retail
8974,C6477,70.7,2023-06-06 05:13:13,Electronics
10968,C2338,51.21,2023-06-06 05:13:40,Grocery
9143,C4140,6247.41,2023-06-06 05:14:05,Entertainment
1323,C1722,10.0,2023-06-06 05:14:06,Restaurant
9608,C3890,78.49,2023-06-06 05:15:29,Electronics
7756,C9032,45.36,2023-06-06 05:15:30,Grocery
9741,C4041,69.64,2023-06-06 05:15:31,Entertainment
6991,C7563,71.0,2023-06-06 05:15:47,Entertainment
5561,C2650,64.38,2023-06-06 05:15:55,Entertainment
1861,C8905,42.0,2023-06-06 05:17:32,Electronics
3328,C9625,57.13,2023-06-06 05:17:45,Electronics
2488,C7495,47.19,2023-06-06 05:18:19,Restaurant
6149,C5653,65.48,2023-06-06 05:20:14,Electronics
8926,C9570,76.87,2023-06-06 05:21:08,Electronics
2003,C1546,0.65,2023-06-06 05:21:32,Grocery
6886,C5183,75.94,2023-06-06 05:24:04,Entertainment
10818,C6152,37.74,2023-06-06 05:24:11,Retail
4927,C7920,70.15,2023-06-06 05:25:27,Entertainment
3111,C9866,68.25,2023-06-06 05:26:02,Electronics
5390,C5157,59.14,2023-06-06 05:26:41,Entertainment
1810,C3634,66.83,2023-06-06 05:27:09,Grocery
7229,C1550,49.28,2023-06-06 05:30:50,Electronics
7769,C6153,56.04,2023-06-06 05:32:47,Entertainment
10713,C3344,58.5,2023-06-06 05:33:01,Grocery
4996,C6866,74.97,2023-06-06 05:34:21,Electronics
3403,C5839,63.58,2023-06-06 05:35:30,Grocery
4644,C8469,87.66,2023-06-06 05:36:46,Grocery
4521,C5631,95.88,2023-06-06 05:38:05,Electronics
7681,C2895,71.91,2023-06-06 05:38:22,Electronics
7993,C1345,52.37,2023-06-06 05:38:37,Restaurant
6058,C9231,68.45,2023-06-06 05:41:16,Entertainment
3681,C1681,89.78,2023-06-06 05:43:40,Electronics
7922,C4144,6833.21,2023-06-06 05:44:14,Grocery
7725,C8938,76.47,2023-06-06 05:47:54,Restaurant
7832,C7900,29.75,2023-06-06 05:48:24,Grocery
5750,C7199,34.63,2023-06-06 05:48:31,Entertainment
10923,C8616,16.34,2023-06-06 05:49:53,Electronics
5488,C7269,57.17,2023-06-06 05:50:40,Grocery
4179,C3328,86.1,2023-06-06 05:52:04,Entertainment
7419,C2840,65.84,2023-06-06 05:54:26,Entertainment
2746,C3526,34.35,2023-06-06 05:54:51,Restaurant
1564,C5133,47.79,2023-06-06 05:56:19,Grocery
9542,C4811,89.5,2023-06-06 05:57:29,Grocery
1558,C8449,87.08,2023-06-06 06:00:27,Restaurant
8605,C5881,51.2,2023-06-06 06:03:11,Retail
8093,C4328,50.16,2023-06-06 06:05:30,Grocery
3492,C7437,45.74,2023-06-06 06:06:11,Entertainment
9034,C8887,41.44,2023-06-06 06:07:21,Retail
4634,C3112,82.23,2023-06-06 06:07:27,Entertainment
5683,C2381,76.09,2023-06-06 06:09:30,Restaurant
6394,C1531,65.42,2023-06-06 06:09:52,Restaurant
7196,C2820,26.85,2023-06-06 06:10:26,Entertainment
2096,C3063,53.69,2023-06-06 06:12:19,Entertainment
5012,C4624,1.68,2023-06-06 06:13:52,Entertainment
2573,C2033,25.89,2023-06-06 06:14:37,Entertainment
2318,C9363,40.25,2023-06-06 06:15:38,Grocery
1917,C5342,50.01,2023-06-06 06:20:08,Entertainment
5282,C3641,54.96,2023-06-06 06:21:34,Restaurant
8729,C9877,25.69,2023-06-06 06:22:06,Restaurant
1971,C6661,10.78,2023-06-06 06:22:31,Electronics
5152,C6206,77.05,2023-06-06 06:22:49,Retail
1975,C8484,64.58,2023-06-06 06:23:42,Entertainment
7153,C8947,40.92,2023-06-06 06:24:00,Entertainment
3464,C4203,44.73,2023-06-06 06:25:23,Grocery
10234,C1036,72.83,2023-06-06 06:26:16,Entertainment
4766,C3611,82.0,2023-06-06 06:27:19,Electronics
5105,C7406,53.49,2023-06-06 06:27:23,Restaurant
4890,C3845,64.8,2023-06-06 06:28:36,Restaurant
7352,C6616,41.62,2023-06-06 06:28:41,Restaurant
5904,C4039,50.22,2023-06-06 06:29:11,Restaurant
8675,C7086,51.59,2023-06-06 06:29:13,Retail
6537,C8921,63.16,2023-06-06 06:29:32,Retail
2383,C3600,0.94,2023-06-06 06:31:13,Grocery
5221,C1662,0.64,2023-06-06 06:40:01,Entertainment
9337,C7731,61.69,2023-06-06 06:41:17,Electronics
4429,C5593,32.57,2023-06-06 06:42:12,Retail
7272,C6500,75.21,2023-06-06 06:42:16,Grocery
10093,C4338,102.58,2023-06-06 06:43:53,Restaurant
6419,C2999,104.97,2023-06-06 06:44:46,Entertainment
4500,C3167,71.76,2023-06-06 06:46:08,Grocery
2088,C3001,70.8,2023-06-06 06:49:52,Electronics
9571,C4752,84.31,2023-06-06 06:50:10,Restaurant
5908,C6254,41.73,2023-06-06 06:50:16,Electronics
2038,C5295,57.98,2023-06-06 06:51:13,Grocery
1655,C8800,42.61,2023-06-06 06:51:39,Entertainment
10967,C7636,85.16,2023-06-06 06:56:52,Restaurant
1495,C8206,20.8,2023-06-06 06:57:11,Grocery
3096,C7806,35.02,2023-06-06 06:57:30,Grocery
3804,C8826,7675.1,2023-06-06 06:59:36,Retail
7923,C1453,50.74,2023-06-06 07:00:46,Grocery
1576,C4266,69.99,2023-06-06 07:01:18,Restaurant
3301,C4583,56.31,2023-06-06 07:02:30,Restaurant
9709,C7743,23.15,2023-06-06 07:02:54,Entertainment
7316,C2075,12.22,2023-06-06 07:03:59,Electronics
3759,C8951,92.54,2023-06-06 07:04:15,Grocery
2402,C6731,57.23,2023-06-06 07:04:40,Retail
7327,C5521,75.17,2023-06-06 07:04:53,Restaurant
1185,C5562,101.78,2023-06-06 07:07:14,Grocery
1807,C6460,85.67,2023-06-06 07:08:31,Retail
4497,C1328,71.27,2023-06-06 07:08:42,Grocery
9430,C2352,43.26,2023-06-06 07:09:00,Electronics
4031,C8126,51.19,2023-06-06 07:11:31,Grocery
7856,C9779,62.74,2023-06-06 07:14:06,Retail
6654,C7566,25.02,2023-06-06 07:17:39,Entertainment
6756,C7948,48.78,2023-06-06 07:17:42,Electronics
4260,C3725,77.4,2023-06-06 07:18:00,Entertainment
1393,C8119,23.2,2023-06-06 07:18:08,Grocery
8184,C1587,37.57,2023-06-06 07:19:55,Entertainment
6008,C5920,105.01,2023-06-06 07:20:19,Electronics
10079,C3105,92.48,2023-06-06 07:21:12,Restaurant
6773,C8917,81.11,2023-06-06 07:21:13,Entertainment
5782,C5410,59.77,2023-06-06 07:21:18,Retail
10927,C2775,62.03,2023-06-06 07:22:57,Electronics
8577,C9527,92.68,2023-06-06 07:25:20,Retail
8802,C7669,101.0,2023-06-06 07:25:47,Retail
8823,C5016,82.15,2023-06-06 07:25:51,Grocery
5593,C3450,112.49,2023-06-06 07:29:07,Restaurant
6958,C2692,49.51,2023-06-06 07:29:35,Retail
2661,C2858,52.31,2023-06-06 07:30:02,Entertainment
4755,C7566,70.81,2023-06-06 07:30:12,Retail
4427,C5965,10.0,2023-06-06 07:30:32,Retail
5668,C3734,68.01,2023-06-06 07:30:42,Entertainment
7830,C7921,60.72,2023-06-06 07:34:20,Entertainment
5039,C9335,60.3,2023-06-06 07:34:44,Grocery
6478,C8849,77.37,2023-06-06 07:36:16,Electronics
6237,C5970,50.11,2023-06-06 07:36:17,Entertainment
4010,C9680,52.71,2023-06-06 07:36:28,Electronics
9203,C6760,44.66,2023-06-06 07:37:47,Electronics
8320,C5175,62.13,2023-06-06 07:38:43,Restaurant
3694,C8193,73.06,2023-06-06 07:40:08,Restaurant
8907,C5599,63.41,2023-06-06 07:40:26,Electronics
3975,C1752,20.77,2023-06-06 07:41:04,Retail
9170,C7131,29.4,2023-06-06 07:41:45,Restaurant
8433,C4599,68.75,2023-06-06 07:43:58,Grocery
10678,C9826,105.02,2023-06-06 07:44:49,Entertainment
7722,C6834,55.6,2023-06-06 07:45:18,Restaurant
9285,C9188,41.44,2023-06-06 07:45:43,Retail
1543,C3091,36.36,2023-06-06 07:46:04,Retail
8629,C2342,46.06,2023-06-06 07:46:44,Grocery
2179,C3500,97.42,2023-06-06 07:49:01,Restaurant
10891,C7568,83.09,2023-06-06 07:49:10,Electronics
7941,C1326,95.46,2023-06-06 07:50:32,Electronics
5303,C8359,48.22,2023-06-06 07:53:53,Restaurant
6119,C2841,39.19,2023-06-06 07:54:02,Retail
10493,C3178,42.04,2023-06-06 07:55:04,Electronics
10671,C7782,35.04,2023-06-06 07:55:13,Retail
6007,C1107,32.09,2023-06-06 07:56:05,Electronics
9534,C6490,116.81,2023-06-06 07:57:09,Electronics
4240,C4899,67.51,2023-06-06 07:57:35,Restaurant
4317,C4271,46.33,2023-06-06 08:00:03,Retail
7313,C5788,57.72,2023-06-06 08:04:21,Retail
2615,C6262,67.4,2023-06-06 08:04:28,Retail
6046,C2974,1000.0,2023-06-06 08:05:04,Entertainment
3572,C2885,82.82,2023-06-06 08:05:18,Entertainment
1759,C4824,42.38,2023-06-06 08:05:32,Grocery
9781,C7074,100.2,2023-06-06 08:05:49,Restaurant
5560,C7216,46.66,2023-06-06 08:05:51,Grocery
9260,C3445,70.75,2023-06-06 08:05:53,Entertainment
2229,C4524,41.73,2023-06-06 08:06:49,Electronics
6910,C1557,37.38,2023-06-06 08:07:53,Grocery
3019,C4164,79.73,2023-06-06 08:09:09,Electronics
9472,C4908,1.09,2023-06-06 08:10:26,Electronics
10196,C3042,4717.19,2023-06-06 08:13:21,Grocery
6230,C4016,40.54,2023-06-06 08:18:30,Restaurant
8164,C5603,52.48,2023-06-06 08:19:06,Retail
7403,C7628,58.4,2023-06-06 08:19:25,Entertainment
1091,C9830,71.92,2023-06-06 08:25:06,Retail
10889,C6955,10.0,2023-06-06 08:25:11,Retail
8905,C6947,104.2,2023-06-06 08:33:07,Grocery
1652,C7658,73.37,2023-06-06 08:33:20,Restaurant
3302,C9285,35.54,2023-06-06 08:34:10,Electronics
3749,C4568,5815.05,2023-06-06 08:34:40,Restaurant
6836,C3962,95.49,2023-06-06 08:34:50,Restaurant
9263,C4717,9542.84,2023-06-06 08:35:01,Entertainment
2831,C6995,54.41,2023-06-06 08:37:33,Entertainment
9655,C9051,49.92,2023-06-06 08:40:43,Electronics
6199,C6599,51.33,2023-06-06 08:40:44,Entertainment
1707,C5658,66.68,2023-06-06 08:41:30,Restaurant
9008,C7581,55.4,2023-06-06 08:43:09,Electronics
7038,C3440,45.5,2023-06-06 08:44:31,Restaurant
8192,C1668,61.09,2023-06-06 08:44:34,Restaurant
2493,C2337,81.45,2023-06-06 08:44:54,Electronics
4320,C4390,50.76,2023-06-06 08:45:28,Restaurant
4576,C2929,65.88,2023-06-06 08:46:49,Entertainment
5374,C2746,67.27,2023-06-06 08:47:26,Retail
9462,C7399,59.66,2023-06-06 08:47:42,Grocery
4775,C3140,76.37,2023-06-06 08:50:04,Retail
4701,C4272,114.13,2023-06-06 08:50:30,Restaurant
9778,C6521,62.28,2023-06-06 08:51:21,Grocery
6918,C3128,73.79,2023-06-06 08:51:48,Restaurant
1095,C6930,51.0,2023-06-06 08:52:20,Entertainment
6811,C1845,51.43,2023-06-06 08:53:09,Retail
1050,C4733,54.46,2023-06-06 08:53:35,Grocery
3359,C8790,72.29,2023-06-06 08:54:21,Retail
9676,C1945,78.32,2023-06-06 08:54:57,Grocery
3683,C9951,60.16,2023-06-06 08:56:01,Retail
6683,C7208,71.89,2023-06-06 08:56:35,Restaurant
6028,C2505,57.34,2023-06-06 08:56:49,Restaurant
2392,C2079,14.63,2023-06-06 08:56:59,Restaurant
4363,C5896,41.11,2023-06-06 08:57:19,Electronics
7712,C6548,33.62,2023-06-06 08:58:46,Entertainment
2884,C1436,53.32,2023-06-06 08:59:36,Electronics
2193,C6793,49.29,2023-06-06 09:00:04,Entertainment
9018,C6564,33.25,2023-06-06 09:00:15,Retail
6074,C8796,80.03,2023-06-06 09:02:22,Grocery
6034,C3832,57.6,2023-06-06 09:02:28,Restaurant
1418,C6344,54.55,2023-06-06 09:02:34,Grocery
2012,C3165,75.62,2023-06-06 09:06:59,Entertainment
1504,C3267,10.0,2023-06-06 09:07:21,Entertainment
5155,C6379,76.81,2023-06-06 09:07:53,Electronics
8587,C1383,64.76,2023-06-06 09:11:41,Retail
8534,C1487,62.07,2023-06-06 09:12:40,Entertainment
2875,C9025,52.64,2023-06-06 09:12:43,Grocery
2115,C6869,64.64,2023-06-06 09:14:44,Retail
9041,C3091,52.3,2023-06-06 09:15:22,Entertainment
2764,C5873,91.19,2023-06-06 09:15:48,Restaurant
2514,C9991,74.04,2023-06-06 09:16:28,Restaurant
7432,C1901,40.63,2023-06-06 09:20:51,Retail
7991,C7025,70.23,2023-06-06 09:20:56,Entertainment
2150,C3430,54.39,2023-06-06 09:21:45,Retail
7473,C2410,72.64,2023-06-06 09:22:53,Restaurant
7682,C7304,75.2,2023-06-06 09:23:33,Entertainment
2124,C9619,55.37,2023-06-06 09:23:39,Entertainment
5639,C3373,79.95,2023-06-06 09:25:45,Electronics
4367,C9226,86.7,2023-06-06 09:25:58,Entertainment
3194,C7821,46.16,2023-06-06 09:26:01,Grocery
9275,C7843,31.06,2023-06-06 09:26:05,Grocery
5844,C3742,35.44,2023-06-06 09:27:17,Grocery
1852,C2858,24.86,2023-06-06 09:27:25,Grocery
5264,C4768,29.02,2023-06-06 09:28:42,Electronics
4563,C3999,55.44,2023-06-06 09:29:11,Retail
1087,C3340,92.07,2023-06-06 09:29:47,Retail
7263,C6454,113.39,2023-06-06 09:30:42,Retail
7240,C7662,95.35,2023-06-06 09:31:13,Retail
9774,C9520,55.02,2023-06-06 09:34:28,Grocery
9283,C6006,55.79,2023-06-06 09:36:30,Entertainment
9976,C6545,15.48,2023-06-06 09:39:09,Grocery
8250,C3916,99.71,2023-06-06 09:39:14,Entertainment
7871,C7997,5985.93,2023-06-06 09:41:15,Electronics
7577,C9717,62.05,2023-06-06 09:41:31,Entertainment
3149,C3541,24.66,2023-06-06 09:42:16,Retail
7609,C1308,1000.0,2023-06-06 09:42:24,Grocery
9062,C7915,43.16,2023-06-06 09:42:46,Grocery
8085,C2922,59.9,2023-06-06 09:43:53,Restaurant
6370,C9153,61.03,2023-06-06 09:46:03,Retail
3278,C9005,103.74,2023-06-06 09:46:48,Entertainment
3880,C5693,67.37,2023-06-06 09:49:33,Restaurant
3139,C5888,39.86,2023-06-06 09:49:38,Entertainment
6040,C2285,26.3,2023-06-06 09:53:19,Electronics
3519,C7853,22.61,2023-06-06 09:53:35,Retail
1427,C7653,9486.72,2023-06-06 09:54:34,Electronics
6146,C5185,144.43,2023-06-06 09:54:54,Restaurant
6217,C9869,35.47,2023-06-06 09:55:14,Restaurant
10199,C4115,133.73,2023-06-06 09:55:51,Restaurant
6632,C8426,93.26,2023-06-06 09:57:06,Retail
6272,C4323,89.84,2023-06-06 09:59:21,Entertainment
2018,C3695,37.66,2023-06-06 09:59:39,Retail
6865,C8775,46.79,2023-06-06 09:59:54,Electronics
2420,C4509,95.86,2023-06-06 10:02:36,Grocery
3574,C6620,71.34,2023-06-06 10:03:29,Restaurant
6203,C7262,59.2,2023-06-06 10:05:57,Electronics
2244,C5458,75.96,2023-06-06 10:06:18,Electronics
5486,C5224,30.96,2023-06-06 10:06:35,Retail
3185,C1998,74.7,2023-06-06 10:07:39,Retail
3603,C6993,64.73,2023-06-06 10:08:29,Restaurant
9913,C5480,34.35,2023-06-06 10:08:32,Grocery
3831,C3293,44.05,2023-06-06 10:08:37,Electronics
10381,C6751,68.47,2023-06-06 10:09:27,Grocery
10904,C1699,43.73,2023-06-06 10:11:50,Grocery
4577,C8709,78.38,2023-06-06 10:12:23,Entertainment
3448,C5933,62.57,2023-06-06 10:14:02,Retail
3187,C7999,1000.0,2023-06-06 10:15:19,Entertainment
5447,C7642,67.43,2023-06-06 10:19:34,Electronics
6854,C1860,90.51,2023-06-06 10:19:35,Electronics
2858,C3245,80.0,2023-06-06 10:19:53,Grocery
6996,C6571,60.31,2023-06-06 10:21:15,Grocery
4707,C5839,77.04,2023-06-06 10:21:27,Electronics
8996,C3089,50.35,2023-06-06 10:22:21,Restaurant
6674,C8584,72.77,2023-06-06 10:22:37,Restaurant
8841,C5609,71.34,2023-06-06 10:23:10,Restaurant
10107,C2270,34.85,2023-06-06 10:23:32,Electronics
3628,C7116,43.67,2023-06-06 10:26:01,Entertainment
5702,C9987,64.16,2023-06-06 10:26:28,Restaurant
7657,C8203,57.93,2023-06-06 10:26:55,Restaurant
9177,C9609,35.64,2023-06-06 10:27:00,Entertainment
7035,C9570,16.72,2023-06-06 10:27:06,Entertainment
10698,C2804,72.4,2023-06-06 10:27:09,Retail
2694,C4292,64.53,2023-06-06 10:29:25,Electronics
6424,C9595,60.85,2023-06-06 10:32:27,Entertainment
1897,C8749,64.51,2023-06-06 10:32:34,Electronics
3035,C7284,10.0,2023-06-06 10:33:09,Grocery
5140,C5107,64.63,2023-06-06 10:35:20,Entertainment
10692,C1046,99.55,2023-06-06 10:36:12,Electronics
8116,C8506,62.33,2023-06-06 10:36:30,Grocery
9697,C2316,85.5,2023-06-06 10:37:11,Grocery
9332,C7039,58.61,2023-06-06 10:38:14,Restaurant
10724,C3406,57.54,2023-06-06 10:38:23,Grocery
8095,C5361,69.04,2023-06-06 10:38:40,Restaurant
10952,C6922,68.31,2023-06-06 10:39:04,Electronics
10412,C4903,116.35,2023-06-06 10:40:43,Restaurant
3873,C1225,124.74,2023-06-06 10:42:47,Retail
4911,C4560,20.06,2023-06-06 10:43:51,Electronics
4832,C9996,58.56,2023-06-06 10:45:45,Restaurant
7495,C1691,29.35,2023-06-06 10:46:39,Grocery
10433,C1717,58.74,2023-06-06 10:47:01,Electronics
6551,C1067,0.27,2023-06-06 10:47:05,Electronics
8140,C5956,124.97,2023-06-06 10:47:13,Grocery
2538,C4941,74.7,2023-06-06 10:50:42,Restaurant
3113,C2130,5992.6,2023-06-06 10:51:39,Grocery
7481,C7156,46.41,2023-06-06 10:53:30,Electronics
6589,C3806,56.32,2023-06-06 10:54:03,Grocery
3689,C1528,58.31,2023-06-06 10:54:23,Retail
7198,C8513,11.58,2023-06-06 10:55:01,Retail
7430,C2515,82.23,2023-06-06 10:55:34,Entertainment
4454,C3222,66.93,2023-06-06 10:59:58,Electronics
9849,C6349,67.69,2023-06-06 11:01:15,Grocery
6617,C8672,76.83,2023-06-06 11:04:35,Grocery
5856,C3583,56.24,2023-06-06 11:05:50,Retail
9303,C7400,44.99,2023-06-06 11:05:57,Entertainment
4806,C9055,90.72,2023-06-06 11:06:08,Entertainment
2333,C2234,10.0,2023-06-06 11:06:10,Restaurant
10607,C4675,83.92,2023-06-06 11:07:14,Electronics
8510,C1107,50.21,2023-06-06 11:08:15,Electronics
4902,C5819,33.39,2023-06-06 11:11:38,Retail
9876,C4082,1.27,2023-06-06 11:12:04,Electronics
4860,C3689,60.49,2023-06-06 11:13:03,Grocery
5129,C4617,1.34,2023-06-06 11:13:06,Retail
9173,C8606,78.11,2023-06-06 11:15:42,Entertainment
4197,C3137,69.17,2023-06-06 11:16:16,Entertainment
10948,C6245,73.79,2023-06-06 11:17:47,Grocery
6891,C9518,60.04,2023-06-06 11:18:31,Electronics
5391,C6024,29.19,2023-06-06 11:20:06,Electronics
3640,C3733,1000.0,2023-06-06 11:20:43,Retail
2247,C8957,43.55,2023-06-06 11:22:15,Grocery
1106,C2040,85.06,2023-06-06 11:23:09,Electronics
7980,C7139,0.94,2023-06-06 11:23:12,Retail
6906,C4594,89.54,2023-06-06 11:25:23,Restaurant
1374,C1387,65.06,2023-06-06 11:27:30,Retail
10791,C5623,56.23,2023-06-06 11:28:41,Electronics
3509,C5139,46.43,2023-06-06 11:28:44,Entertainment
8199,C3425,20.88,2023-06-06 11:29:13,Restaurant
1464,C3417,66.76,2023-06-06 11:30:18,Electronics
2819,C5609,2803.1,2023-06-06 11:30:25,Grocery
1563,C7906,29.38,2023-06-06 11:30:33,Entertainment
1656,C9041,62.5,2023-06-06 11:33:38,Electronics
4815,C7607,87.82,2023-06-06 11:35:19,Retail
2755,C7825,88.19,2023-06-06 11:35:59,Electronics
7459,C6651,10.0,2023-06-06 11:36:01,Entertainment
2315,C6456,74.38,2023-06-06 11:37:07,Entertainment
8235,C1718,70.91,2023-06-06 11:37:51,Grocery
6379,C7719,71.7,2023-06-06 11:40:54,Grocery
7337,C9870,45.22,2023-06-06 11:41:01,Retail
10190,C9334,28.43,2023-06-06 11:41:37,Retail
3843,C1439,130.61,2023-06-06 11:42:32,Retail
10660,C3370,44.06,2023-06-06 11:44:19,Entertainment
7918,C7649,46.12,2023-06-06 11:45:08,Grocery
2876,C5911,0.42,2023-06-06 11:45:34,Electronics
5093,C5937,73.27,2023-06-06 11:46:24,Restaurant
3684,C4580,40.95,2023-06-06 11:48:24,Grocery
5661,C4012,61.82,2023-06-06 11:49:17,Restaurant
1139,C1319,10.0,2023-06-06 11:52:57,Retail
4431,C2609,45.06,2023-06-06 11:55:14,Retail
1767,C5352,39.08,2023-06-06 11:55:57,Retail
1225,C2528,63.45,2023-06-06 11:56:21,Entertainment
9955,C8904,44.68,2023-06-06 12:00:06,Entertainment
8365,C2833,53.36,2023-06-06 12:00:21,Entertainment
1033,C2519,71.43,2023-06-06 12:00:23,Entertainment
2665,C9482,43.32,2023-06-06 12:01:32,Electronics
6225,C3589,58.97,2023-06-06 12:02:18,Grocery
5810,C5097,54.15,2023-06-06 12:08:27,Electronics
6542,C2609,78.59,2023-06-06 12:10:25,Grocery
8009,C5929,5806.55,2023-06-06 12:10:41,Restaurant
9808,C6278,0.94,2023-06-06 12:10:49,Restaurant
5352,C7971,59.5,2023-06-06 12:13:03,Electronics
10306,C9119,69.82,2023-06-06 12:13:11,Retail
4698,C2741,38.83,2023-06-06 12:14:36,Restaurant
1841,C8178,52.43,2023-06-06 12:15:11,Electronics
9246,C5496,60.56,2023-06-06 12:16:07,Restaurant
5813,C2998,13.25,2023-06-06 12:16:24,Grocery
4086,C3290,83.57,2023-06-06 12:16:34,Electronics
2407,C6072,42.33,2023-06-06 12:18:34,Entertainment
1777,C5982,55.57,2023-06-06 12:19:02,Retail
9145,C7196,85.38,2023-06-06 12:20:12,Entertainment
7100,C3079,72.94,2023-06-06 12:20:59,Retail
2522,C1782,73.26,2023-06-06 12:21:23,Entertainment
10215,C9416,60.26,2023-06-06 12:21:36,Grocery
9253,C5617,72.62,2023-06-06 12:24:19,Grocery
8955,C7420,86.34,2023-06-06 12:25:46,Restaurant
2578,C1717,59.14,2023-06-06 12:26:01,Entertainment
4256,C1788,70.79,2023-06-06 12:27:17,Restaurant
1248,C9883,89.88,2023-06-06 12:27:25,Retail
4193,C8831,82.47,2023-06-06 12:28:30,Grocery
9267,C9451,124.33,2023-06-06 12:31:55,Retail
6779,C9624,54.71,2023-06-06 12:31:59,Restaurant
8647,C9020,46.11,2023-06-06 12:32:51,Restaurant
5537,C9374,55.6,2023-06-06 12:35:09,Electronics
4024,C2391,0.01,2023-06-06 12:37:42,Retail
7575,C4087,22.8,2023-06-06 12:38:00,Grocery
1567,C1317,91.94,2023-06-06 12:38:22,Restaurant
4972,C3906,86.27,2023-06-06 12:40:25,Restaurant
3884,C7590,37.24,2023-06-06 12:40:33,Entertainment
8763,C9876,51.16,2023-06-06 12:40:37,Electronics
4727,C4787,111.41,2023-06-06 12:43:48,Retail
2655,C9674,66.01,2023-06-06 12:44:09,Electronics
8000,C6945,48.88,2023-06-06 12:44:39,Grocery
4218,C8982,46.29,2023-06-06 12:45:16,Entertainment
6822,C3171,0.75,2023-06-06 12:45:18,Retail
8334,C8454,20.58,2023-06-06 12:46:08,Grocery
2252,C9394,48.27,2023-06-06 12:48:22,Entertainment
9515,C1719,63.48,2023-06-06 12:48:39,Entertainment
9310,C6387,44.86,2023-06-06 12:49:58,Entertainment
7296,C6778,48.09,2023-06-06 12:50:01,Retail
10371,C8851,59.69,2023-06-06 12:51:16,Retail
2323,C6724,12.3,2023-06-06 12:51:26,Entertainment
8928,C4143,52.89,2023-06-06 12:51:29,Entertainment
10072,C3321,109.79,2023-06-06 12:53:02,Electronics
2270,C5186,38.49,2023-06-06 12:54:16,Entertainment
1350,C7658,54.99,2023-06-06 12:55:04,Restaurant
4098,C1357,10.0,2023-06-06 12:56:44,Retail
7463,C2435,35.71,2023-06-06 12:57:11,Grocery
6673,C2873,43.84,2023-06-06 12:57:39,Restaurant
6650,C2162,43.58,2023-06-06 12:58:15,Entertainment
4258,C8179,80.7,2023-06-06 12:58:23,Retail
10345,C2688,62.45,2023-06-06 12:59:06,Retail
10263,C3518,10.0,2023-06-06 13:00:52,Entertainment
1608,C9289,51.8,2023-06-06 13:01:00,Entertainment
1909,C9617,61.99,2023-06-06 13:01:20,Electronics
5940,C4616,75.55,2023-06-06 13:03:19,Retail
4151,C3946,67.85,2023-06-06 13:04:09,Entertainment
7859,C5344,28.24,2023-06-06 13:05:30,Restaurant
9033,C7897,125.95,2023-06-06 13:06:46,Retail
6207,C4938,57.98,2023-06-06 13:08:12,Entertainment
6775,C2854,95.72,2023-06-06 13:08:48,Restaurant
3773,C3161,29.11,2023-06-06 13:09:47,Entertainment
4131,C2437,60.45,2023-06-06 13:10:54,Electronics
6783,C2281,101.86,2023-06-06 13:12:47,Electronics
7619,C2948,43.03,2023-06-06 13:13:56,Restaurant
8642,C7468,61.31,2023-06-06 13:15:20,Electronics
10314,C2767,45.34,2023-06-06 13:17:44,Retail
1509,C4505,65.97,2023-06-06 13:18:48,Entertainment
6527,C4311,51.1,2023-06-06 13:20:52,Entertainment
8985,C2194,6192.91,2023-06-06 13:22:48,Retail
6283,C1685,40.75,2023-06-06 13:24:00,Retail
1071,C5422,55.23,2023-06-06 13:24:56,Restaurant
5870,C6690,84.23,2023-06-06 13:25:10,Retail
2200,C9313,72.44,2023-06-06 13:25:37,Electronics
2221,C3972,53.77,2023-06-06 13:26:03,Electronics
1905,C6439,96.95,2023-06-06 13:26:26,Entertainment
7912,C7757,20.94,2023-06-06 13:32:31,Retail
1417,C7691,80.32,2023-06-06 13:34:03,Electronics
10630,C1710,90.89,2023-06-06 13:35:31,Restaurant
3765,C1266,80.44,2023-06-06 13:35:47,Retail
1800,C3973,44.36,2023-06-06 13:38:25,Retail
1115,C5371,103.14,2023-06-06 13:43:48,Electronics
2758,C9938,72.3,2023-06-06 13:44:48,Entertainment
10900,C7769,88.43,2023-06-06 13:45:25,Retail
5849,C1146,83.98,2023-06-06 13:45:50,Electronics
1774,C8195,67.02,2023-06-06 13:46:25,Electronics
9768,C1685,42.51,2023-06-06 13:48:51,Retail
3517,C9755,23.08,2023-06-06 13:49:39,Entertainment
2050,C7689,7395.5,2023-06-06 13:52:09,Restaurant
8833,C1985,26.24,2023-06-06 13:53:03,Electronics
2842,C5582,58.45,2023-06-06 13:53:40,Grocery
4446,C7126,81.8,2023-06-06 13:53:43,Entertainment
8373,C8139,100.26,2023-06-06 13:54:03,Entertainment
7837,C6185,66.24,2023-06-06 13:55:35,Grocery
1461,C9099,108.59,2023-06-06 13:56:18,Restaurant
4063,C2481,53.13,2023-06-06 13:57:00,Retail
9469,C4305,7425.08,2023-06-06 13:57:10,Entertainment
9767,C1118,2083.51,2023-06-06 13:58:45,Electronics
4872,C4122,99.4,2023-06-06 13:58:53,Entertainment
4670,C1796,88.21,2023-06-06 13:59:45,Entertainment
1819,C6153,72.95,2023-06-06 14:00:31,Grocery
9468,C7183,49.56,2023-06-06 14:01:00,Entertainment
7065,C7586,22.2,2023-06-06 14:01:24,Grocery
9194,C3575,49.48,2023-06-06 14:01:58,Restaurant
9156,C5049,64.14,2023-06-06 14:02:58,Electronics
6529,C8270,37.56,2023-06-06 14:03:42,Entertainment
3491,C5592,93.35,2023-06-06 14:04:20,Electronics
6798,C8687,36.47,2023-06-06 14:05:01,Electronics
7808,C2594,89.32,2023-06-06 14:06:21,Restaurant
2401,C3317,84.57,2023-06-06 14:08:42,Retail
1984,C5847,22.94,2023-06-06 14:11:02,Retail
3537,C4637,103.45,2023-06-06 14:11:47,Electronics
3790,C1017,36.95,2023-06-06 14:11:50,Entertainment
9840,C4946,71.01,2023-06-06 14:12:41,Restaurant
10394,C5590,34.31,2023-06-06 14:13:59,Entertainment
4603,C1950,56.51,2023-06-06 14:14:06,Grocery
9459,C1782,22.59,2023-06-06 14:14:33,Electronics
8851,C5578,10.0,2023-06-06 14:15:06,Entertainment
9990,C8596,77.97,2023-06-06 14:16:34,Entertainment
1306,C5333,63.97,2023-06-06 14:17:00,Grocery
9869,C5244,75.57,2023-06-06 14:18:13,Retail
2309,C9584,89.0,2023-06-06 14:19:34,Retail
2995,C1613,55.39,2023-06-06 14:23:56,Grocery
1013,C2535,94.98,2023-06-06 14:26:26,Grocery
7534,C6855,32.34,2023-06-06 14:27:49,Grocery
9212,C8086,58.42,2023-06-06 14:28:47,Retail
8736,C2970,10.79,2023-06-06 14:28:54,Entertainment
6491,C5904,46.76,2023-06-06 14:30:18,Entertainment
7423,C2914,48.62,2023-06-06 14:30:23,Entertainment
2445,C4891,75.06,2023-06-06 14:30:58,Restaurant
7537,C5467,112.4,2023-06-06 14:31:00,Entertainment
9488,C9396,38.48,2023-06-06 14:31:10,Grocery
1256,C3579,13.55,2023-06-06 14:34:11,Electronics
8452,C2653,26.06,2023-06-06 14:34:25,Entertainment
3686,C2677,67.27,2023-06-06 14:36:02,Grocery
6304,C5770,31.22,2023-06-06 14:37:03,Entertainment
7041,C1604,0.23,2023-06-06 14:37:39,Entertainment
10257,C8058,67.75,2023-06-06 14:39:12,Electronics
6425,C4438,85.18,2023-06-06 14:39:17,Grocery
1953,C3868,68.38,2023-06-06 14:43:18,Restaurant
9290,C7974,46.39,2023-06-06 14:43:44,Retail
9723,C2144,0.37,2023-06-06 14:45:30,Retail
3772,C4314,81.38,2023-06-06 14:46:18,Entertainment
3018,C5833,49.91,2023-06-06 14:46:46,Grocery
8387,C8947,66.29,2023-06-06 14:46:51,Grocery
10974,C5250,90.7,2023-06-06 14:47:43,Entertainment
10731,C7823,24.44,2023-06-06 14:51:18,Grocery
4743,C1158,47.66,2023-06-06 14:51:58,Restaurant
9587,C9055,72.63,2023-06-06 14:54:01,Electronics
2239,C1861,74.6,2023-06-06 14:54:29,Restaurant
1290,C5345,101.39,2023-06-06 14:54:42,Restaurant
6782,C9469,32.82,2023-06-06 14:55:41,Retail
10094,C2156,50.61,2023-06-06 14:56:53,Entertainment
5616,C6483,49.53,2023-06-06 15:01:24,Grocery
2782,C9437,22.03,2023-06-06 15:01:24,Entertainment
6362,C3960,74.59,2023-06-06 15:01:59,Electronics
10593,C9905,72.3,2023-06-06 15:02:02,Restaurant
8179,C4095,21.08,2023-06-06 15:06:21,Retail
7247,C1260,38.26,2023-06-06 15:06:24,Grocery
8132,C4847,94.61,2023-06-06 15:06:59,Entertainment
10737,C5907,64.83,2023-06-06 15:12:23,Electronics
2722,C8088,105.85,2023-06-06 15:12:51,Electronics
1680,C2958,39.77,2023-06-06 15:13:10,Electronics
6325,C7775,59.09,2023-06-06 15:13:50,Restaurant
2044,C1410,7145.71,2023-06-06 15:15:17,Entertainment
2227,C2503,72.19,2023-06-06 15:15:37,Electronics
6690,C1003,67.99,2023-06-06 15:18:37,Restaurant
8197,C9077,72.72,2023-06-06 15:19:06,Restaurant
6878,C9704,52.85,2023-06-06 15:19:39,Electronics
10129,C3023,40.41,2023-06-06 15:20:13,Grocery
1325,C6464,50.49,2023-06-06 15:20:48,Grocery
4876,C1761,1362.03,2023-06-06 15:20:52,Electronics
7209,C9548,66.53,2023-06-06 15:21:35,Electronics
4097,C2228,72.64,2023-06-06 15:23:15,Grocery
3263,C4625,45.32,2023-06-06 15:24:14,Grocery
1316,C9280,72.32,2023-06-06 15:24:30,Entertainment
6634,C1495,86.35,2023-06-06 15:24:44,Grocery
8775,C6329,36.81,2023-06-06 15:26:35,Electronics
5716,C2467,54.48,2023-06-06 15:27:38,Grocery
3497,C3947,56.65,2023-06-06 15:27:48,Electronics
4836,C9328,51.08,2023-06-06 15:28:56,Grocery
1566,C8705,24.4,2023-06-06 15:31:50,Restaurant
10902,C8374,65.27,2023-06-06 15:31:55,Grocery
8087,C9615,77.05,2023-06-06 15:32:01,Restaurant
3710,C6302,41.49,2023-06-06 15:33:16,Restaurant
4145,C8940,63.75,2023-06-06 15:35:08,Restaurant
3174,C4836,0.85,2023-06-06 15:35:49,Entertainment
2893,C3421,39.52,2023-06-06 15:38:06,Entertainment
1487,C8373,46.51,2023-06-06 15:38:14,Entertainment
8795,C9264,51.06,2023-06-06 15:38:17,Retail
2592,C1783,58.24,2023-06-06 15:38:18,Entertainment
4882,C9172,58.78,2023-06-06 15:40:09,Entertainment
7066,C6312,60.37,2023-06-06 15:40:27,Restaurant
9583,C4007,35.04,2023-06-06 15:41:32,Entertainment
7056,C2047,87.93,2023-06-06 15:41:57,Grocery
3616,C6766,51.2,2023-06-06 15:42:32,Electronics
1911,C1251,94.5,2023-06-06 15:43:05,Grocery
5332,C9706,10.0,2023-06-06 15:44:37,Entertainment
10480,C4609,41.23,2023-06-06 15:44:55,Retail
9628,C1324,68.6,2023-06-06 15:45:17,Entertainment
10779,C1895,47.8,2023-06-06 15:46:30,Electronics
4787,C4669,120.12,2023-06-06 15:46:59,Electronics
10626,C6467,52.45,2023-06-06 15:47:03,Entertainment
1498,C4841,101.67,2023-06-06 15:47:06,Grocery
9094,C4018,50.61,2023-06-06 15:47:34,Restaurant
8379,C3427,71.66,2023-06-06 15:48:15,Retail
4645,C9524,31.77,2023-06-06 15:50:15,Electronics
8572,C1605,77.35,2023-06-06 15:50:30,Entertainment
4275,C1328,57.09,2023-06-06 15:50:39,Grocery
3623,C2931,60.31,2023-06-06 15:50:46,Restaurant
9354,C6084,77.04,2023-06-06 15:50:56,Grocery
8263,C9042,3608.44,2023-06-06 15:51:37,Grocery
9680,C4970,69.43,2023-06-06 15:52:29,Electronics
10965,C2134,53.92,2023-06-06 15:53:32,Grocery
10694,C1281,24.23,2023-06-06 15:54:24,Entertainment
6317,C8400,82.33,2023-06-06 15:54:30,Grocery
8633,C3130,42.83,2023-06-06 15:54:48,Grocery
7242,C3174,31.8,2023-06-06 15:54:52,Entertainment
6103,C4120,46.52,2023-06-06 15:55:25,Electronics
9825,C3345,0.89,2023-06-06 15:57:35,Retail
3680,C9880,65.06,2023-06-06 16:00:25,Restaurant
4676,C7828,96.63,2023-06-06 16:01:40,Electronics
6732,C3278,82.44,2023-06-06 16:09:08,Retail
9407,C5141,56.22,2023-06-06 16:11:21,Grocery
10121,C4698,2509.79,2023-06-06 16:11:32,Grocery
1782,C9090,57.05,2023-06-06 16:12:36,Electronics
1549,C8022,59.09,2023-06-06 16:20:12,Electronics
1102,C2796,105.34,2023-06-06 16:22:25,Electronics
9328,C9591,69.35,2023-06-06 16:23:51,Retail
1309,C3546,53.43,2023-06-06 16:24:32,Retail
10238,C9446,40.45,2023-06-06 16:25:06,Retail
8970,C1456,57.17,2023-06-06 16:27:09,Retail
5974,C7997,94.71,2023-06-06 16:27:21,Restaurant
10574,C5385,111.5,2023-06-06 16:27:28,Entertainment
3565,C2599,63.23,2023-06-06 16:27:38,Grocery
10127,C7203,98.03,2023-06-06 16:28:05,Retail
6914,C4552,77.71,2023-06-06 16:28:49,Restaurant
9479,C6523,10.61,2023-06-06 16:31:05,Restaurant
1345,C6862,47.1,2023-06-06 16:31:12,Electronics
7598,C3108,48.27,2023-06-06 16:32:26,Grocery
1478,C9702,73.2,2023-06-06 16:33:28,Entertainment
2378,C5059,80.51,2023-06-06 16:33:54,Retail
1758,C2166,70.34,2023-06-06 16:35:53,Entertainment
6026,C5198,117.87,2023-06-06 16:37:55,Entertainment
8241,C5635,97.37,2023-06-06 16:38:26,Entertainment
6307,C5989,74.66,2023-06-06 16:40:36,Entertainment
9083,C1060,53.68,2023-06-06 16:40:36,Restaurant
1935,C2646,33.31,2023-06-06 16:40:41,Electronics
9506,C6181,60.09,2023-06-06 16:41:32,Electronics
3985,C7044,34.25,2023-06-06 16:42:37,Restaurant
6360,C8311,69.32,2023-06-06 16:44:02,Grocery
8977,C2766,20.96,2023-06-06 16:44:09,Electronics
5980,C6529,79.49,2023-06-06 16:44:39,Retail
9409,C9291,137.75,2023-06-06 16:45:34,Entertainment
6496,C6434,59.54,2023-06-06 16:46:10,Electronics
4501,C3837,63.95,2023-06-06 16:47:07,Grocery
8074,C4248,64.96,2023-06-06 16:47:49,Electronics
10353,C7574,7985.5,2023-06-06 16:49:00,Electronics
8123,C4476,80.58,2023-06-06 16:49:16,Grocery
1318,C5114,28.94,2023-06-06 16:49:42,Retail
9266,C4829,49.5,2023-06-06 16:49:46,Retail
8445,C2412,83.14,2023-06-06 16:50:00,Restaurant
5020,C8780,19.81,2023-06-06 16:50:10,Entertainment
10732,C3452,74.55,2023-06-06 16:50:42,Entertainment
8113,C8388,62.99,2023-06-06 16:52:11,Grocery
8144,C1673,3117.38,2023-06-06 16:52:22,Retail
3716,C3221,79.01,2023-06-06 16:52:36,Grocery
1814,C5722,48.75,2023-06-06 16:53:06,Retail
7083,C8187,52.36,2023-06-06 16:54:24,Electronics
2814,C4944,65.98,2023-06-06 16:57:44,Restaurant
3330,C6807,50.97,2023-06-06 16:57:59,Retail
4347,C2009,1.53,2023-06-06 16:59:09,Entertainment
9338,C7407,32.58,2023-06-06 17:00:56,Grocery
4991,C3518,91.24,2023-06-06 17:01:03,Grocery
6036,C2562,66.3,2023-06-06 17:02:33,Retail
4181,C9064,55.72,2023-06-06 17:03:51,Entertainment
3357,C4764,95.91,2023-06-06 17:05:47,Retail
9905,C3415,73.84,2023-06-06 17:06:00,Electronics
1929,C4846,27.03,2023-06-06 17:07:45,Electronics
8979,C4905,83.24,2023-06-06 17:08:32,Grocery
4784,C6148,65.44,2023-06-06 17:10:09,Restaurant
1406,C9821,67.78,2023-06-06 17:13:07,Electronics
7329,C3424,47.91,2023-06-06 17:13:43,Electronics
9434,C3297,110.15,2023-06-06 17:14:52,Restaurant
6427,C1953,58.4,2023-06-06 17:15:00,Electronics
6931,C5216,42.54,2023-06-06 17:17:28,Retail
6244,C4026,10.0,2023-06-06 17:19:01,Entertainment
10744,C2822,84.72,2023-06-06 17:19:13,Grocery
5606,C1781,40.1,2023-06-06 17:23:50,Electronics
8882,C3022,1000.0,2023-06-06 17:25:25,Retail
6167,C6168,84.01,2023-06-06 17:26:55,Entertainment
3656,C7703,10.0,2023-06-06 17:27:46,Entertainment
3292,C2217,67.75,2023-06-06 17:28:45,Retail
8703,C8786,46.95,2023-06-06 17:30:06,Retail
10996,C6304,101.81,2023-06-06 17:30:34,Restaurant
4224,C7199,25.11,2023-06-06 17:31:01,Electronics
1619,C3885,68.36,2023-06-06 17:32:15,Entertainment
3047,C8625,64.85,2023-06-06 17:32:23,Restaurant
4003,C1157,78.6,2023-06-06 17:32:40,Entertainment
5032,C5203,136.97,2023-06-06 17:33:06,Retail
2361,C7299,15.15,2023-06-06 17:33:25,Grocery
2733,C6669,75.53,2023-06-06 17:34:09,Retail
4033,C4879,64.46,2023-06-06 17:35:14,Entertainment
9051,C6057,63.92,2023-06-06 17:35:34,Entertainment
4448,C9442,33.66,2023-06-06 17:35:58,Electronics
8368,C1439,54.53,2023-06-06 17:37:20,Retail
10914,C2195,1.1,2023-06-06 17:37:42,Grocery
6399,C2784,49.89,2023-06-06 17:37:45,Retail
7356,C9986,76.42,2023-06-06 17:38:00,Retail
6271,C4646,43.78,2023-06-06 17:38:18,Entertainment
1609,C6590,64.56,2023-06-06 17:38:58,Retail
4114,C7270,72.52,2023-06-06 17:39:27,Restaurant
3153,C1527,34.41,2023-06-06 17:40:04,Electronics
5793,C7885,60.4,2023-06-06 17:41:14,Entertainment
8078,C7570,0.36,2023-06-06 17:42:11,Electronics
10343,C4250,56.32,2023-06-06 17:43:07,Restaurant
9606,C5012,55.16,2023-06-06 17:44:33,Entertainment
4161,C4813,0.99,2023-06-06 17:44:48,Electronics
8663,C3569,35.85,2023-06-06 17:46:22,Grocery
1475,C8478,1000.0,2023-06-06 17:46:26,Electronics
3695,C2923,10.0,2023-06-06 17:47:36,Retail
10022,C9684,66.97,2023-06-06 17:49:00,Entertainment
1007,C2679,35.17,2023-06-06 17:49:10,Retail
7763,C1289,62.77,2023-06-06 17:50:48,Restaurant
2014,C6994,69.52,2023-06-06 17:52:11,Retail
4528,C6327,83.76,2023-06-06 17:52:17,Retail
7585,C8856,86.79,2023-06-06 17:53:38,Electronics
2452,C6070,85.04,2023-06-06 17:54:14,Electronics
8902,C4623,60.94,2023-06-06 17:54:25,Restaurant
6173,C9202,75.97,2023-06-06 17:54:49,Retail
5818,C1549,30.78,2023-06-06 17:57:17,Electronics
9353,C3601,27.62,2023-06-06 17:58:16,Entertainment
10037,C3110,46.19,2023-06-06 17:58:53,Grocery
6784,C9574,43.29,2023-06-06 17:59:14,Entertainment
6954,C4578,91.44,2023-06-06 17:59:39,Retail
6788,C2279,33.31,2023-06-06 18:01:26,Grocery
3311,C7739,45.72,2023-06-06 18:01:42,Retail
1879,C9022,46.23,2023-06-06 18:05:40,Grocery
1005,C4657,27.66,2023-06-06 18:06:02,Retail
9326,C4818,59.1,2023-06-06 18:06:06,Grocery
4409,C8955,45.88,2023-06-06 18:07:00,Restaurant
7266,C5859,42.31,2023-06-06 18:07:05,Retail
9942,C5626,1.18,2023-06-06 18:07:42,Entertainment
3233,C5967,75.09,2023-06-06 18:07:42,Restaurant
7523,C2959,60.36,2023-06-06 18:07:43,Electronics
10391,C4473,77.11,2023-06-06 18:07:51,Retail
2863,C3440,24.81,2023-06-06 18:08:30,Grocery
1053,C4814,24.16,2023-06-06 18:09:01,Electronics
2090,C2501,80.24,2023-06-06 18:09:12,Electronics
8883,C6783,71.52,2023-06-06 18:09:23,Restaurant
2702,C3126,0.83,2023-06-06 18:10:06,Entertainment
3805,C2160,23.04,2023-06-06 18:11:53,Retail
2144,C2768,54.57,2023-06-06 18:12:08,Restaurant
3525,C2791,54.6,2023-06-06 18:15:09,Electronics
1829,C1888,57.91,2023-06-06 18:16:12,Electronics
3131,C3924,64.85,2023-06-06 18:16:25,Retail
1516,C7812,70.56,2023-06-06 18:17:49,Grocery
4021,C7767,93.51,2023-06-06 18:17:50,Electronics
3468,C5991,14.67,2023-06-06 18:18:06,Entertainment
2556,C1266,26.25,2023-06-06 18:18:38,Entertainment
3095,C9409,83.83,2023-06-06 18:19:59,Restaurant
4419,C6431,43.96,2023-06-06 18:21:09,Retail
6044,C8115,38.71,2023-06-06 18:21:36,Retail
5204,C9210,68.15,2023-06-06 18:22:48,Retail
7149,C9804,37.09,2023-06-06 18:24:01,Retail
8667,C2807,22.42,2023-06-06 18:24:21,Grocery
6644,C3087,57.41,2023-06-06 18:24:45,Retail
8594,C9278,52.27,2023-06-06 18:25:37,Retail
8487,C2734,56.12,2023-06-06 18:28:16,Entertainment
10490,C1640,61.18,2023-06-06 18:29:37,Entertainment
2042,C4830,63.38,2023-06-06 18:30:02,Entertainment
7520,C8144,34.9,2023-06-06 18:30:30,Retail
8217,C2545,67.77,2023-06-06 18:31:46,Entertainment
3895,C3545,57.39,2023-06-06 18:31:52,Electronics
8038,C4010,69.61,2023-06-06 18:32:21,Restaurant
10585,C8279,79.54,2023-06-06 18:32:55,Entertainment
6006,C5945,59.16,2023-06-06 18:34:43,Electronics
4862,C3301,67.22,2023-06-06 18:35:49,Restaurant
6776,C8889,34.94,2023-06-06 18:35:56,Entertainment
6729,C4460,56.94,2023-06-06 18:36:09,Electronics
8847,C2469,55.16,2023-06-06 18:37:11,Retail
3546,C3469,3476.92,2023-06-06 18:39:27,Electronics
10940,C5560,89.86,2023-06-06 18:39:39,Electronics
4737,C6901,35.12,2023-06-06 18:40:21,Grocery
6844,C7765,46.89,2023-06-06 18:42:42,Restaurant
9492,C4105,4378.05,2023-06-06 18:42:57,Grocery
4573,C5269,50.3,2023-06-06 18:43:17,Electronics
5443,C5520,91.87,2023-06-06 18:43:34,Electronics
10588,C6435,40.55,2023-06-06 18:44:45,Grocery
8356,C5961,40.61,2023-06-06 18:45:30,Grocery
8925,C4734,60.33,2023-06-06 18:46:14,Grocery
8840,C9361,69.49,2023-06-06 18:46:26,Entertainment
9120,C1352,44.11,2023-06-06 18:47:03,Restaurant
10672,C6463,39.74,2023-06-06 18:47:30,Restaurant
5853,C7084,61.11,2023-06-06 18:49:10,Grocery
7205,C3784,84.12,2023-06-06 18:49:48,Entertainment
8376,C2410,43.66,2023-06-06 18:51:45,Retail
8820,C7116,32.99,2023-06-06 18:52:33,Grocery
9946,C2594,102.98,2023-06-06 18:52:43,Retail
9763,C2651,3089.37,2023-06-06 18:53:01,Restaurant
6812,C5780,58.02,2023-06-06 18:53:40,Retail
2808,C9148,34.22,2023-06-06 18:54:31,Retail
2286,C1693,33.74,2023-06-06 18:56:57,Grocery
3852,C4921,58.25,2023-06-06 18:57:59,Entertainment
10730,C1204,0.64,2023-06-06 18:59:47,Electronics
10241,C8999,51.57,2023-06-06 19:01:19,Restaurant
7921,C3456,62.64,2023-06-06 19:04:17,Grocery
3573,C1370,83.74,2023-06-06 19:04:54,Grocery
10851,C6903,95.28,2023-06-06 19:06:42,Electronics
6627,C6954,21.28,2023-06-06 19:07:27,Grocery
4467,C5488,74.98,2023-06-06 19:08:00,Retail
9347,C4382,68.75,2023-06-06 19:09:04,Entertainment
8232,C5412,108.16,2023-06-06 19:11:33,Restaurant
6205,C4726,39.6,2023-06-06 19:13:55,Entertainment
5748,C3675,97.45,2023-06-06 19:14:47,Electronics
1845,C4920,70.17,2023-06-06 19:15:58,Retail
6745,C8974,27.75,2023-06-06 19:16:21,Entertainment
10292,C5667,87.22,2023-06-06 19:16:21,Restaurant
6894,C6132,87.86,2023-06-06 19:17:33,Retail
2911,C4397,52.7,2023-06-06 19:17:51,Restaurant
2675,C3009,86.77,2023-06-06 19:18:17,Electronics
7006,C7391,70.15,2023-06-06 19:18:22,Grocery
2772,C8609,4895.18,2023-06-06 19:19:21,Retail
6151,C5444,38.32,2023-06-06 19:20:54,Restaurant
1872,C7798,89.43,2023-06-06 19:21:34,Entertainment
8305,C9570,64.88,2023-06-06 19:23:00,Electronics
6262,C3253,53.37,2023-06-06 19:23:14,Grocery
9491,C6286,77.61,2023-06-06 19:23:29,Entertainment
7404,C9182,91.44,2023-06-06 19:23:57,Restaurant
2461,C9641,119.8,2023-06-06 19:23:57,Restaurant
4353,C7782,53.98,2023-06-06 19:25:14,Grocery
6184,C1301,72.83,2023-06-06 19:25:42,Entertainment
10808,C1787,43.48,2023-06-06 19:26:39,Entertainment
1304,C2697,27.1,2023-06-06 19:28:02,Grocery
3624,C4908,34.64,2023-06-06 19:28:14,Retail
2637,C1510,67.66,2023-06-06 19:29:18,Retail
1196,C2588,33.72,2023-06-06 19:30:47,Grocery
2338,C6295,83.33,2023-06-06 19:31:11,Restaurant
5546,C9859,91.38,2023-06-06 19:31:49,Electronics
3660,C9006,51.1,2023-06-06 19:32:35,Entertainment
10374,C7997,65.22,2023-06-06 19:32:53,Restaurant
5457,C4707,81.12,2023-06-06 19:35:41,Electronics
8921,C3101,37.9,2023-06-06 19:37:04,Grocery
7013,C3292,115.25,2023-06-06 19:38:05,Entertainment
6351,C6491,90.6,2023-06-06 19:39:04,Retail
4060,C8591,33.01,2023-06-06 19:40:52,Restaurant
10041,C5206,76.51,2023-06-06 19:42:01,Entertainment
7355,C9686,57.01,2023-06-06 19:43:57,Restaurant
4172,C3846,19.71,2023-06-06 19:46:52,Restaurant
6506,C7382,40.5,2023-06-06 19:48:17,Electronics
3520,C9907,63.88,2023-06-06 19:48:38,Electronics
4580,C8736,52.79,2023-06-06 19:49:32,Grocery
1144,C1949,71.37,2023-06-06 19:50:51,Retail
5976,C3733,61.1,2023-06-06 19:51:52,Grocery
1075,C4752,86.49,2023-06-06 19:54:02,Electronics
4487,C7333,102.56,2023-06-06 19:54:13,Grocery
6986,C2985,52.09,2023-06-06 19:54:25,Grocery
5062,C3519,57.72,2023-06-06 19:54:36,Restaurant
6391,C6718,21.94,2023-06-06 19:56:20,Restaurant
5598,C9185,51.68,2023-06-06 19:56:48,Restaurant
4414,C7602,49.63,2023-06-06 19:58:06,Retail
7627,C4365,11.12,2023-06-06 19:58:41,Grocery
4557,C3967,94.0,2023-06-06 19:59:26,Retail
3892,C2294,89.46,2023-06-06 20:00:51,Restaurant
7803,C7003,95.85,2023-06-06 20:01:55,Grocery
7167,C2606,68.08,2023-06-06 20:03:34,Entertainment
9733,C3200,62.57,2023-06-06 20:05:06,Entertainment
4337,C7052,85.17,2023-06-06 20:05:56,Retail
7176,C1890,85.8,2023-06-06 20:06:17,Retail
10286,C8110,72.47,2023-06-06 20:08:16,Entertainment
5418,C1618,103.47,2023-06-06 20:08:53,Grocery
8117,C2404,78.23,2023-06-06 20:09:11,Electronics
9392,C9810,70.32,2023-06-06 20:10:18,Grocery
7632,C2487,71.44,2023-06-06 20:10:30,Entertainment
7378,C3873,26.61,2023-06-06 20:11:33,Grocery
3996,C3466,47.65,2023-06-06 20:16:06,Grocery
7428,C8306,0.82,2023-06-06 20:16:19,Entertainment
3964,C7819,111.85,2023-06-06 20:16:37,Electronics
9230,C9956,61.42,2023-06-06 20:16:58,Restaurant
8277,C7931,58.81,2023-06-06 20:17:24,Retail
4039,C6211,8234.38,2023-06-06 20:18:53,Restaurant
10690,C4853,79.71,2023-06-06 20:18:59,Restaurant
8212,C3958,36.86,2023-06-06 20:19:28,Restaurant
8017,C7656,55.51,2023-06-06 20:22:31,Retail
10256,C2660,58.78,2023-06-06 20:23:23,Electronics
9832,C5937,62.19,2023-06-06 20:24:18,Restaurant
3632,C7852,15.52,2023-06-06 20:27:25,Grocery
7322,C3929,72.54,2023-06-06 20:27:33,Retail
8937,C8086,73.07,2023-06-06 20:27:49,Electronics
8695,C2106,61.19,2023-06-06 20:28:13,Restaurant
1514,C9890,30.95,2023-06-06 20:29:24,Retail
9006,C5831,1.33,2023-06-06 20:33:14,Entertainment
9856,C3224,13.17,2023-06-06 20:33:25,Electronics
9821,C2645,70.1,2023-06-06 20:34:56,Entertainment
9097,C1162,21.03,2023-06-06 20:35:55,Entertainment
10879,C3935,28.9,2023-06-06 20:36:07,Grocery
4109,C3752,3276.19,2023-06-06 20:36:19,Electronics
6009,C4635,63.57,2023-06-06 20:38:44,Grocery
9108,C1486,0.23,2023-06-06 20:42:16,Entertainment
5119,C2394,69.66,2023-06-06 20:42:18,Retail
1854,C2924,41.1,2023-06-06 20:47:56,Entertainment
2631,C1939,99.96,2023-06-06 20:48:26,Grocery
1057,C8428,59.04,2023-06-06 20:49:22,Electronics
10721,C8812,61.89,2023-06-06 20:49:47,Restaurant
3242,C4921,55.42,2023-06-06 20:50:07,Restaurant
9965,C7169,10.0,2023-06-06 20:51:05,Entertainment
7767,C7285,75.34,2023-06-06 20:54:09,Restaurant
1279,C5915,43.06,2023-06-06 20:54:09,Retail
7519,C8872,20.8,2023-06-06 20:54:10,Grocery
9713,C3338,72.95,2023-06-06 20:54:56,Retail
9133,C7056,55.27,2023-06-06 20:55:12,Electronics
6372,C9904,110.06,2023-06-06 20:55:27,Entertainment
2118,C1258,96.54,2023-06-06 20:57:20,Entertainment
10365,C9601,34.58,2023-06-06 21:00:55,Electronics
4704,C4304,87.3,2023-06-06 21:04:23,Retail
2566,C9945,57.84,2023-06-06 21:05:20,Electronics
4019,C4792,10.0,2023-06-06 21:05:59,Entertainment
1340,C3088,79.66,2023-06-06 21:06:13,Grocery
7616,C9412,76.97,2023-06-06 21:06:23,Entertainment
10857,C2228,23.08,2023-06-06 21:06:41,Grocery
10128,C2720,41.11,2023-06-06 21:08:03,Electronics
4473,C1500,87.67,2023-06-06 21:10:04,Entertainment
8270,C9399,74.8,2023-06-06 21:10:20,Restaurant
7940,C8960,42.84,2023-06-06 21:10:58,Grocery
10337,C5087,54.27,2023-06-06 21:11:26,Entertainment
1672,C8434,51.05,2023-06-06 21:12:04,Electronics
2873,C9351,114.76,2023-06-06 21:12:49,Restaurant
4928,C1209,77.16,2023-06-06 21:13:10,Restaurant
2687,C5914,60.99,2023-06-06 21:13:56,Retail
9452,C6866,37.59,2023-06-06 21:14:37,Restaurant
3248,C6886,59.09,2023-06-06 21:15:31,Electronics
2310,C2288,61.5,2023-06-06 21:19:21,Retail
6614,C8629,43.42,2023-06-06 21:19:41,Grocery
9597,C4348,74.81,2023-06-06 21:20:33,Grocery
7345,C4097,90.43,2023-06-06 21:22:01,Retail
6940,C5230,1.01,2023-06-06 21:23:31,Electronics
1820,C5135,43.08,2023-06-06 21:25:27,Retail
10494,C5430,59.51,2023-06-06 21:26:02,Restaurant
1926,C9864,37.05,2023-06-06 21:26:55,Restaurant
7893,C4489,69.26,2023-06-06 21:27:23,Retail
7243,C6872,50.31,2023-06-06 21:28:30,Restaurant
3672,C8492,54.79,2023-06-06 21:29:31,Entertainment
2516,C7934,69.19,2023-06-06 21:29:42,Grocery
8021,C9055,53.51,2023-06-06 21:29:58,Restaurant
9742,C4292,29.77,2023-06-06 21:30:18,Restaurant
4135,C7868,26.94,2023-06-06 21:30:19,Grocery
4615,C7609,0.61,2023-06-06 21:31:03,Entertainment
3219,C7079,33.6,2023-06-06 21:32:15,Restaurant
7144,C6477,32.74,2023-06-06 21:33:18,Retail
8839,C4485,111.41,2023-06-06 21:33:19,Retail
9847,C1478,68.08,2023-06-06 21:33:55,Restaurant
4950,C4675,81.39,2023-06-06 21:35:21,Grocery
2473,C5670,3694.58,2023-06-06 21:36:49,Restaurant
6550,C2897,37.11,2023-06-06 21:38:01,Grocery
1896,C6213,56.19,2023-06-06 21:40:48,Entertainment
4203,C3420,76.22,2023-06-06 21:41:48,Grocery
7293,C4437,74.3,2023-06-06 21:42:09,Entertainment
9904,C8467,55.14,2023-06-06 21:42:23,Restaurant
3094,C3161,53.06,2023-06-06 21:42:35,Restaurant
10898,C7122,84.25,2023-06-06 21:42:37,Retail
7573,C9247,88.11,2023-06-06 21:43:05,Retail
7454,C7056,63.54,2023-06-06 21:43:14,Entertainment
8620,C6371,103.37,2023-06-06 21:43:19,Grocery
9297,C3279,48.64,2023-06-06 21:43:39,Grocery
4680,C9966,10.61,2023-06-06 21:43:40,Entertainment
7944,C6143,41.11,2023-06-06 21:44:48,Restaurant
9147,C6209,116.93,2023-06-06 21:45:21,Grocery
4605,C8406,18.26,2023-06-06 21:46:07,Restaurant
3411,C7383,10.0,2023-06-06 21:46:19,Restaurant
4176,C6878,47.45,2023-06-06 21:47:10,Retail
9857,C9757,52.65,2023-06-06 21:49:02,Entertainment
9427,C8942,65.89,2023-06-06 21:49:21,Entertainment
9187,C8406,77.4,2023-06-06 21:52:53,Restaurant
3036,C4858,52.17,2023-06-06 21:53:45,Grocery
7656,C4033,113.04,2023-06-06 21:54:55,Retail
9291,C7608,39.2,2023-06-06 21:55:59,Retail
9504,C1245,58.8,2023-06-06 21:57:23,Electronics
1719,C9056,70.87,2023-06-06 22:03:20,Entertainment
8482,C2706,75.08,2023-06-06 22:04:03,Restaurant
10553,C2137,82.76,2023-06-06 22:04:13,Grocery
9949,C1886,74.78,2023-06-06 22:04:40,Restaurant
6689,C3276,41.86,2023-06-06 22:05:23,Entertainment
4483,C5237,22.87,2023-06-06 22:06:24,Retail
7985,C8780,70.65,2023-06-06 22:06:57,Retail
3218,C8369,26.08,2023-06-06 22:08:10,Entertainment
2648,C3513,21.23,2023-06-06 22:08:31,Retail
7673,C3226,10.0,2023-06-06 22:10:07,Electronics
8992,C1546,65.63,2023-06-06 22:10:31,Retail
9897,C9819,68.05,2023-06-06 22:12:42,Restaurant
9561,C8270,42.37,2023-06-06 22:13:06,Grocery
7188,C5418,69.85,2023-06-06 22:13:30,Restaurant
9548,C4990,40.3,2023-06-06 22:13:32,Entertainment
8916,C9093,32.76,2023-06-06 22:14:53,Electronics
2062,C7367,59.19,2023-06-06 22:16:16,Grocery
5930,C8952,9006.71,2023-06-06 22:17:04,Entertainment
7135,C3888,64.78,2023-06-06 22:17:20,Entertainment
1191,C4981,71.31,2023-06-06 22:17:31,Grocery
5543,C9613,32.05,2023-06-06 22:17:51,Grocery
4733,C2635,48.41,2023-06-06 22:19:12,Entertainment
1547,C1444,53.63,2023-06-06 22:20:57,Retail
9690,C5053,39.79,2023-06-06 22:22:54,Grocery
10052,C5068,22.97,2023-06-06 22:24:56,Grocery
2400,C2335,70.96,2023-06-06 22:25:02,Entertainment
5433,C9364,54.93,2023-06-06 22:25:29,Grocery
7397,C9845,77.16,2023-06-06 22:27:08,Grocery
9773,C7154,74.79,2023-06-06 22:27:31,Retail
3104,C1049,51.97,2023-06-06 22:27:42,Grocery
3866,C6986,44.06,2023-06-06 22:29:26,Entertainment
7574,C4622,71.48,2023-06-06 22:30:15,Grocery
9689,C5166,33.59,2023-06-06 22:30:53,Restaurant
9138,C2071,56.91,2023-06-06 22:32:20,Restaurant
7195,C3236,49.75,2023-06-06 22:33:12,Entertainment
9836,C8311,31.93,2023-06-06 22:34:50,Electronics
7667,C2848,84.95,2023-06-06 22:37:41,Retail
5445,C6785,43.79,2023-06-06 22:39:02,Restaurant
7448,C9381,56.75,2023-06-06 22:40:00,Electronics
3967,C2276,39.36,2023-06-06 22:40:44,Entertainment
8477,C6820,4345.98,2023-06-06 22:41:48,Entertainment
2667,C2929,81.82,2023-06-06 22:44:26,Grocery
3303,C8471,55.82,2023-06-06 22:46:00,Electronics
2057,C2902,53.29,2023-06-06 22:47:20,Restaurant
8323,C1266,30.71,2023-06-06 22:48:31,Electronics
8678,C5968,89.83,2023-06-06 22:49:01,Entertainment
4650,C6615,39.62,2023-06-06 22:49:52,Restaurant
6231,C6203,80.34,2023-06-06 22:50:03,Restaurant
8552,C5845,78.94,2023-06-06 22:53:08,Grocery
2216,C5477,21.37,2023-06-06 22:55:50,Electronics
5298,C7642,53.78,2023-06-06 22:58:00,Retail
1538,C7371,78.33,2023-06-06 22:58:54,Restaurant
4505,C6004,58.97,2023-06-06 23:00:08,Electronics
4914,C5760,90.05,2023-06-06 23:00:44,Grocery
5386,C8904,44.28,2023-06-06 23:01:37,Retail
5471,C2917,97.52,2023-06-06 23:01:51,Retail
7170,C4276,89.29,2023-06-06 23:02:18,Restaurant
2238,C2391,72.91,2023-06-06 23:02:22,Entertainment
8712,C2463,17.32,2023-06-06 23:02:42,Grocery
8590,C5238,39.85,2023-06-06 23:03:47,Retail
9082,C4594,71.42,2023-06-06 23:04:08,Electronics
4523,C2771,0.46,2023-06-06 23:04:30,Grocery
9245,C5959,51.66,2023-06-06 23:04:45,Retail
7568,C6575,82.56,2023-06-06 23:04:56,Entertainment
1641,C4475,41.01,2023-06-06 23:05:58,Grocery
5241,C5480,44.72,2023-06-06 23:07:07,Entertainment
4822,C9166,71.79,2023-06-06 23:08:02,Grocery
1056,C5554,42.63,2023-06-06 23:08:29,Entertainment
5042,C1718,22.56,2023-06-06 23:09:44,Restaurant
8855,C6215,83.95,2023-06-06 23:09:59,Retail
2448,C8355,4636.94,2023-06-06 23:11:24,Entertainment
10699,C1976,44.9,2023-06-06 23:11:28,Grocery
7302,C2038,84.34,2023-06-06 23:12:15,Restaurant
10504,C2363,57.08,2023-06-06 23:15:45,Electronics
3148,C6671,20.4,2023-06-06 23:16:10,Retail
3402,C2404,76.18,2023-06-06 23:16:54,Restaurant
5830,C9534,75.06,2023-06-06 23:16:55,Entertainment
2686,C5757,5660.57,2023-06-06 23:19:53,Electronics
6899,C1195,10.0,2023-06-06 23:21:27,Retail
8398,C2682,65.58,2023-06-06 23:22:26,Electronics
5315,C8429,15.15,2023-06-06 23:22:32,Grocery
6302,C1807,10.0,2023-06-06 23:23:13,Restaurant
7498,C9095,50.7,2023-06-06 23:26:28,Grocery
5888,C6303,55.11,2023-06-06 23:26:53,Grocery
10566,C7291,25.92,2023-06-06 23:30:41,Retail
4686,C5933,62.17,2023-06-06 23:30:55,Grocery
3858,C2163,10.0,2023-06-06 23:32:12,Retail
7935,C1477,76.73,2023-06-06 23:32:21,Restaurant
10101,C3514,70.73,2023-06-06 23:33:05,Restaurant
10290,C2813,37.98,2023-06-06 23:33:39,Restaurant
8938,C7666,5675.81,2023-06-06 23:34:27,Restaurant
8897,C5606,82.76,2023-06-06 23:35:32,Retail
5229,C1701,63.73,2023-06-06 23:36:40,Restaurant
10972,C9597,33.08,2023-06-06 23:36:48,Grocery
1802,C9056,138.8,2023-06-06 23:37:01,Restaurant
4403,C5687,56.71,2023-06-06 23:37:43,Entertainment
6738,C5726,90.67,2023-06-06 23:39:48,Restaurant
7152,C1476,50.87,2023-06-06 23:40:05,Restaurant
5566,C9987,88.32,2023-06-06 23:41:55,Grocery
3521,C1602,34.79,2023-06-06 23:43:43,Retail
2710,C7708,24.15,2023-06-06 23:43:50,Retail
8382,C1357,38.83,2023-06-06 23:46:28,Restaurant
9749,C2789,57.32,2023-06-06 23:49:35,Electronics
10760,C3569,87.64,2023-06-06 23:50:30,Grocery
9971,C8763,0.46,2023-06-06 23:51:37,Electronics
1397,C9379,33.53,2023-06-06 23:52:22,Electronics
2081,C7018,45.9,2023-06-06 23:52:27,Entertainment
3478,C5922,60.86,2023-06-06 23:54:46,Restaurant
10426,C9955,71.84,2023-06-06 23:54:53,Grocery
7133,C8772,61.7,2023-06-06 23:56:09,Restaurant
10172,C4748,2599.33,2023-06-06 23:56:57,Retail
7860,C1778,61.61,2023-06-06 23:57:03,Entertainment
7824,C3781,89.5,2023-06-06 23:57:16,Restaurant
2395,C7333,43.13,2023-06-06 23:58:17,Restaurant
1344,C1653,82.06,2023-06-06 23:58:46,Entertainment
10230,C8915,93.64,2023-06-07 00:02:06,Restaurant
3570,C5919,96.22,2023-06-07 00:03:04,Restaurant
7436,C5553,78.46,2023-06-07 00:03:29,Electronics
4868,C2978,0.88,2023-06-07 00:05:29,Restaurant
6802,C5827,63.36,2023-06-07 00:06:17,Restaurant
5510,C3994,92.77,2023-06-07 00:06:39,Restaurant
2830,C7606,87.15,2023-06-07 00:07:33,Restaurant
8336,C5342,64.35,2023-06-07 00:08:11,Grocery
6866,C5302,34.0,2023-06-07 00:08:19,Entertainment
6715,C1013,77.69,2023-06-07 00:09:55,Retail
4805,C2226,122.44,2023-06-07 00:09:57,Retail
5425,C9099,41.33,2023-06-07 00:10:04,Entertainment
9958,C4436,42.89,2023-06-07 00:10:37,Grocery
3155,C1256,52.61,2023-06-07 00:15:04,Grocery
9677,C7313,72.9,2023-06-07 00:15:17,Restaurant
7787,C8697,63.35,2023-06-07 00:15:36,Electronics
10988,C3632,18.33,2023-06-07 00:15:45,Entertainment
5707,C8480,44.3,2023-06-07 00:15:53,Entertainment
4013,C9061,50.82,2023-06-07 00:16:34,Electronics
2700,C7044,76.17,2023-06-07 00:17:59,Retail
4917,C3913,10.6,2023-06-07 00:19:32,Retail
7926,C8604,47.56,2023-06-07 00:20:17,Grocery
5428,C4304,60.08,2023-06-07 00:22:57,Entertainment
1534,C5471,24.03,2023-06-07 00:23:13,Electronics
3490,C7161,93.81,2023-06-07 00:24:09,Entertainment
4855,C9973,35.63,2023-06-07 00:28:54,Electronics
8615,C3293,87.82,2023-06-07 00:31:45,Entertainment
6708,C7622,85.54,2023-06-07 00:31:51,Entertainment
4271,C8393,55.68,2023-06-07 00:33:14,Entertainment
1836,C4335,87.72,2023-06-07 00:34:17,Entertainment
6990,C5961,34.65,2023-06-07 00:34:18,Retail
9750,C3721,40.0,2023-06-07 00:35:10,Grocery
8989,C3045,1.15,2023-06-07 00:35:18,Grocery
8338,C4066,3814.86,2023-06-07 00:35:45,Restaurant
9525,C2552,34.65,2023-06-07 00:36:16,Restaurant
3456,C7899,0.01,2023-06-07 00:37:06,Restaurant
3471,C6443,62.11,2023-06-07 00:37:08,Electronics
1203,C2612,83.61,2023-06-07 00:38:22,Grocery
2314,C4630,75.2,2023-06-07 00:39:03,Retail
3112,C1987,58.57,2023-06-07 00:40:23,Electronics
7227,C8711,59.65,2023-06-07 00:40:29,Retail
10605,C3323,80.84,2023-06-07 00:40:30,Retail
6189,C4869,40.81,2023-06-07 00:45:19,Electronics
8672,C9565,84.24,2023-06-07 00:46:40,Grocery
10705,C3361,69.34,2023-06-07 00:47:07,Restaurant
7876,C9268,73.66,2023-06-07 00:48:50,Entertainment
3395,C9038,67.05,2023-06-07 00:49:39,Grocery
3361,C1762,86.25,2023-06-07 00:49:42,Electronics
9598,C4871,0.85,2023-06-07 00:50:01,Retail
7584,C1284,40.19,2023-06-07 00:50:41,Electronics
4713,C8875,11.7,2023-06-07 00:51:08,Electronics
9603,C6103,80.31,2023-06-07 00:51:48,Entertainment
3563,C6706,54.9,2023-06-07 00:53:10,Grocery
9166,C3743,69.79,2023-06-07 00:53:26,Retail
1389,C3925,41.19,2023-06-07 00:55:46,Electronics
3756,C6533,88.05,2023-06-07 00:56:02,Entertainment
5732,C1136,75.24,2023-06-07 00:58:13,Entertainment
1332,C2832,44.12,2023-06-07 00:59:11,Grocery
6520,C4541,23.72,2023-06-07 00:59:26,Grocery
4148,C6269,40.18,2023-06-07 00:59:51,Restaurant
4953,C9370,5993.12,2023-06-07 01:02:17,Entertainment
7981,C2850,85.55,2023-06-07 01:04:20,Retail
2974,C3587,120.47,2023-06-07 01:04:24,Restaurant
8811,C5035,10.82,2023-06-07 01:05:01,Entertainment
3721,C3174,99.83,2023-06-07 01:05:53,Grocery
6027,C5920,58.57,2023-06-07 01:06:24,Restaurant
1142,C6038,48.86,2023-06-07 01:07:03,Restaurant
6032,C6319,48.06,2023-06-07 01:07:30,Restaurant
1274,C6147,29.49,2023-06-07 01:07:47,Electronics
3846,C9482,0.85,2023-06-07 01:12:01,Entertainment
5311,C9369,85.05,2023-06-07 01:12:19,Electronics
7680,C9088,88.73,2023-06-07 01:15:30,Electronics
2276,C8055,1.1,2023-06-07 01:15:35,Retail
1141,C6947,6009.5,2023-06-07 01:16:56,Entertainment
1821,C6296,78.16,2023-06-07 01:19:27,Entertainment
8846,C5925,47.5,2023-06-07 01:19:39,Retail
3378,C6435,33.34,2023-06-07 01:20:24,Retail
2945,C5758,79.92,2023-06-07 01:24:23,Retail
7728,C3414,29.82,2023-06-07 01:26:43,Restaurant
2549,C1333,75.49,2023-06-07 01:28:11,Entertainment
9110,C4241,25.83,2023-06-07 01:28:25,Electronics
8830,C5739,79.77,2023-06-07 01:28:33,Retail
8796,C7308,93.55,2023-06-07 01:29:46,Entertainment
2618,C6372,61.49,2023-06-07 01:30:15,Electronics
5889,C8674,83.39,2023-06-07 01:30:27,Restaurant
8625,C2605,47.32,2023-06-07 01:31:49,Entertainment
3487,C9044,117.59,2023-06-07 01:33:56,Restaurant
4445,C9462,66.92,2023-06-07 01:36:02,Grocery
2645,C6933,107.53,2023-06-07 01:41:18,Grocery
5367,C9515,100.75,2023-06-07 01:41:28,Entertainment
4492,C4688,17.25,2023-06-07 01:42:06,Retail
7838,C7188,47.17,2023-06-07 01:42:24,Restaurant
6019,C6827,83.1,2023-06-07 01:44:09,Restaurant
3664,C4613,109.06,2023-06-07 01:44:41,Retail
3252,C9401,84.68,2023-06-07 01:47:29,Entertainment
10295,C7464,48.0,2023-06-07 01:49:30,Retail
4243,C3750,10.0,2023-06-07 01:50:30,Grocery
3186,C3869,60.53,2023-06-07 01:50:53,Grocery
1425,C3851,10.0,2023-06-07 01:51:06,Electronics
10393,C8734,43.47,2023-06-07 01:51:11,Retail
6484,C8546,58.67,2023-06-07 01:51:14,Electronics
9382,C8079,71.61,2023-06-07 01:51:29,Restaurant
3130,C2943,1.47,2023-06-07 01:52:14,Entertainment
2066,C7866,66.68,2023-06-07 01:53:33,Restaurant
9339,C3572,69.04,2023-06-07 01:56:09,Retail
10643,C5441,10.0,2023-06-07 01:57:28,Grocery
7143,C5118,49.82,2023-06-07 01:57:56,Electronics
2534,C5772,76.55,2023-06-07 02:00:46,Entertainment
3853,C9108,69.91,2023-06-07 02:01:49,Restaurant
7328,C2835,111.7,2023-06-07 02:02:22,Grocery
3733,C2237,45.25,2023-06-07 02:02:49,Grocery
1606,C7071,53.1,2023-06-07 02:04:04,Restaurant
2481,C2502,87.43,2023-06-07 02:05:01,Entertainment
9630,C8002,1.51,2023-06-07 02:08:02,Electronics
7321,C7400,98.76,2023-06-07 02:08:08,Grocery
9824,C4196,5927.14,2023-06-07 02:08:23,Electronics
3376,C7375,80.45,2023-06-07 02:09:11,Electronics
8353,C8539,1.32,2023-06-07 02:09:58,Entertainment
2337,C8354,63.53,2023-06-07 02:11:12,Retail
2803,C9163,54.77,2023-06-07 02:12:30,Electronics
10080,C7914,74.07,2023-06-07 02:12:46,Entertainment
10861,C1244,54.61,2023-06-07 02:13:52,Entertainment
10944,C3551,57.95,2023-06-07 02:15:34,Entertainment
10470,C1058,40.69,2023-06-07 02:18:52,Restaurant
4092,C4246,133.58,2023-06-07 02:20:21,Restaurant
1343,C6974,28.27,2023-06-07 02:21:11,Restaurant
2254,C6655,53.28,2023-06-07 02:21:22,Grocery
6760,C4698,35.54,2023-06-07 02:21:44,Electronics
6347,C7204,12.76,2023-06-07 02:21:53,Grocery
8573,C9805,57.45,2023-06-07 02:22:15,Grocery
2507,C8349,71.79,2023-06-07 02:22:38,Restaurant
5951,C1955,70.7,2023-06-07 02:23:42,Grocery
5439,C4919,73.0,2023-06-07 02:24:36,Entertainment
5992,C9939,65.03,2023-06-07 02:25:48,Electronics
5733,C9059,71.51,2023-06-07 02:25:59,Retail
2853,C7576,10.0,2023-06-07 02:27:38,Electronics
1349,C6794,47.15,2023-06-07 02:28:27,Retail
5731,C9767,3720.29,2023-06-07 02:28:29,Electronics
6515,C9143,38.33,2023-06-07 02:29:34,Grocery
5911,C7348,61.35,2023-06-07 02:30:20,Retail
2840,C9261,0.39,2023-06-07 02:30:32,Restaurant
10807,C1748,58.77,2023-06-07 02:32:34,Restaurant
4006,C7164,82.38,2023-06-07 02:34:59,Restaurant
4182,C9882,59.45,2023-06-07 02:38:50,Restaurant
5972,C6864,16.43,2023-06-07 02:39:01,Retail
2316,C3754,72.77,2023-06-07 02:39:04,Restaurant
8631,C2018,75.23,2023-06-07 02:39:45,Grocery
9853,C5220,15.74,2023-06-07 02:43:43,Restaurant
10826,C2654,26.58,2023-06-07 02:48:28,Grocery
2076,C8264,65.85,2023-06-07 02:49:43,Grocery
4891,C3103,54.24,2023-06-07 02:50:11,Grocery
3891,C6077,71.55,2023-06-07 02:51:47,Grocery
5634,C8322,75.03,2023-06-07 02:52:00,Entertainment
5448,C4281,78.76,2023-06-07 02:54:55,Electronics
8497,C5786,33.3,2023-06-07 02:55:16,Electronics
8769,C2468,103.89,2023-06-07 02:55:32,Entertainment
7518,C6927,13.34,2023-06-07 02:56:02,Grocery
5651,C5773,125.92,2023-06-07 02:57:28,Restaurant
1987,C7484,58.47,2023-06-07 02:57:57,Retail
7161,C4256,0.86,2023-06-07 02:58:36,Restaurant
4998,C6207,35.59,2023-06-07 03:00:20,Grocery
1714,C5136,77.18,2023-06-07 03:02:23,Entertainment
3189,C1768,34.27,2023-06-07 03:03:19,Grocery
3961,C4678,23.8,2023-06-07 03:03:28,Entertainment
1718,C7565,1.18,2023-06-07 03:03:28,Electronics
6430,C2436,49.19,2023-06-07 03:03:53,Entertainment
1022,C8359,48.35,2023-06-07 03:05:41,Grocery
5545,C8836,82.04,2023-06-07 03:06:42,Restaurant
3834,C6759,57.32,2023-06-07 03:08:50,Restaurant
8707,C8551,61.46,2023-06-07 03:09:16,Restaurant
7659,C3963,59.8,2023-06-07 03:10:38,Electronics
10747,C1526,79.51,2023-06-07 03:11:22,Grocery
8737,C9713,105.45,2023-06-07 03:11:23,Restaurant
10728,C5014,99.99,2023-06-07 03:13:23,Restaurant
4807,C6253,1.25,2023-06-07 03:13:46,Entertainment
3558,C6620,32.57,2023-06-07 03:16:53,Electronics
9148,C8037,65.28,2023-06-07 03:18:39,Retail
6295,C5025,85.77,2023-06-07 03:20:27,Grocery
5648,C4739,46.85,2023-06-07 03:20:30,Retail
6401,C3920,50.16,2023-06-07 03:21:39,Electronics
1797,C9502,46.12,2023-06-07 03:24:08,Entertainment
7961,C4900,48.72,2023-06-07 03:24:29,Restaurant
6789,C9834,32.41,2023-06-07 03:25:46,Electronics
4345,C4706,35.07,2023-06-07 03:26:53,Electronics
2780,C3142,4841.73,2023-06-07 03:27:44,Entertainment
8228,C2328,46.46,2023-06-07 03:28:47,Retail
1299,C9900,38.79,2023-06-07 03:29:26,Grocery
4904,C3185,41.67,2023-06-07 03:31:06,Retail
5375,C3535,69.73,2023-06-07 03:31:07,Grocery
10419,C2971,49.96,2023-06-07 03:32:21,Entertainment
4478,C3909,61.29,2023-06-07 03:32:27,Entertainment
3444,C7237,31.22,2023-06-07 03:34:03,Retail
2210,C4705,92.78,2023-06-07 03:34:47,Grocery
5968,C5075,66.63,2023-06-07 03:35:59,Retail
6263,C3683,57.82,2023-06-07 03:36:41,Electronics
3183,C5923,10.0,2023-06-07 03:37:08,Entertainment
5835,C4255,65.16,2023-06-07 03:37:11,Entertainment
8765,C5675,89.25,2023-06-07 03:38:48,Retail
6135,C4339,77.47,2023-06-07 03:39:16,Entertainment
8889,C3044,36.51,2023-06-07 03:42:49,Entertainment
7597,C4643,66.43,2023-06-07 03:44:48,Retail
6933,C2212,48.63,2023-06-07 03:45:07,Entertainment
10645,C7047,32.17,2023-06-07 03:45:33,Restaurant
3779,C5102,47.51,2023-06-07 03:47:08,Grocery
5518,C4755,40.38,2023-06-07 03:47:43,Restaurant
8246,C7248,54.91,2023-06-07 03:48:12,Retail
5309,C3338,52.71,2023-06-07 03:48:24,Restaurant
3761,C1793,59.36,2023-06-07 03:51:20,Restaurant
8102,C4531,65.3,2023-06-07 03:53:47,Electronics
10013,C2629,67.38,2023-06-07 03:54:01,Retail
5740,C1118,73.17,2023-06-07 03:55:51,Electronics
6915,C2995,86.72,2023-06-07 03:56:00,Restaurant
5644,C2168,79.55,2023-06-07 03:56:48,Electronics
9616,C2310,34.6,2023-06-07 03:57:36,Restaurant
8864,C8533,81.35,2023-06-07 03:57:48,Grocery
8764,C3755,47.15,2023-06-07 03:58:16,Entertainment
8761,C2878,77.08,2023-06-07 03:58:34,Restaurant
7016,C1415,53.64,2023-06-07 04:01:19,Restaurant
6726,C7251,53.25,2023-06-07 04:01:25,Electronics
6546,C1598,57.55,2023-06-07 04:01:43,Electronics
7142,C8121,10.0,2023-06-07 04:01:52,Retail
4865,C5166,37.48,2023-06-07 04:02:08,Restaurant
4800,C3571,57.14,2023-06-07 04:02:15,Restaurant
10614,C5699,39.79,2023-06-07 04:02:18,Retail
1717,C2070,78.24,2023-06-07 04:05:26,Grocery
4957,C7349,89.8,2023-06-07 04:06:53,Grocery
5113,C3019,0.99,2023-06-07 04:07:20,Entertainment
9545,C6060,0.76,2023-06-07 04:07:49,Retail
10771,C4009,77.81,2023-06-07 04:08:37,Grocery
1783,C8172,28.62,2023-06-07 04:08:42,Retail
6653,C8552,75.14,2023-06-07 04:08:43,Entertainment
1948,C5000,27.86,2023-06-07 04:09:33,Electronics
6724,C7271,82.03,2023-06-07 04:10:18,Electronics
5381,C6990,62.47,2023-06-07 04:11:23,Electronics
2091,C4475,38.75,2023-06-07 04:13:19,Grocery
3900,C6081,76.91,2023-06-07 04:13:54,Grocery
1081,C4456,53.15,2023-06-07 04:13:55,Grocery
7042,C3319,44.18,2023-06-07 04:14:00,Retail
4442,C4463,52.3,2023-06-07 04:14:50,Restaurant
4620,C1618,89.84,2023-06-07 04:14:57,Grocery
10546,C5621,95.08,2023-06-07 04:15:42,Retail
3346,C8798,64.86,2023-06-07 04:15:58,Retail
1313,C6617,82.37,2023-06-07 04:17:50,Restaurant
4870,C4532,35.23,2023-06-07 04:18:03,Restaurant
6445,C5759,51.23,2023-06-07 04:18:43,Retail
4110,C8096,34.99,2023-06-07 04:19:33,Grocery
5211,C4913,102.9,2023-06-07 04:19:33,Grocery
2153,C5505,44.42,2023-06-07 04:20:27,Electronics
2308,C7560,109.63,2023-06-07 04:25:13,Grocery
5890,C5510,72.45,2023-06-07 04:25:18,Retail
3548,C1402,75.31,2023-06-07 04:25:37,Restaurant
7842,C9001,6221.27,2023-06-07 04:28:35,Restaurant
4401,C2730,38.64,2023-06-07 04:29:38,Electronics
5646,C3654,47.33,2023-06-07 04:31:32,Entertainment
7299,C7929,75.17,2023-06-07 04:31:56,Retail
9096,C6944,76.69,2023-06-07 04:32:23,Entertainment
7009,C8970,56.99,2023-06-07 04:33:24,Restaurant
10545,C3955,66.08,2023-06-07 04:36:50,Entertainment
2051,C2911,75.55,2023-06-07 04:37:19,Restaurant
7011,C8175,27.58,2023-06-07 04:38:27,Grocery
1004,C5012,55.09,2023-06-07 04:40:28,Restaurant
3956,C7274,40.11,2023-06-07 04:44:54,Electronics
7238,C2361,120.67,2023-06-07 04:45:54,Retail
2579,C4268,27.99,2023-06-07 04:50:20,Retail
6948,C3923,62.29,2023-06-07 04:50:48,Electronics
1785,C1653,51.47,2023-06-07 04:51:22,Electronics
6219,C3262,60.31,2023-06-07 04:51:24,Retail
4627,C4122,53.87,2023-06-07 04:52:28,Electronics
8274,C7358,94.99,2023-06-07 04:53:21,Entertainment
7480,C2083,57.16,2023-06-07 04:54:05,Entertainment
7599,C3332,65.42,2023-06-07 04:54:27,Electronics
9244,C5096,75.26,2023-06-07 04:57:25,Grocery
10317,C3548,69.08,2023-06-07 04:57:31,Grocery
6357,C7874,26.92,2023-06-07 04:58:08,Grocery
7497,C5979,19.6,2023-06-07 04:58:43,Grocery
1489,C5050,119.7,2023-06-07 04:59:34,Retail
9144,C9725,18.29,2023-06-07 04:59:52,Retail
7543,C5778,0.89,2023-06-07 05:00:08,Entertainment
4921,C2890,65.63,2023-06-07 05:00:55,Electronics
5325,C9263,28.89,2023-06-07 05:02:59,Electronics
9333,C9495,52.24,2023-06-07 05:04:15,Entertainment
8269,C7020,86.18,2023-06-07 05:04:16,Restaurant
4458,C4158,66.0,2023-06-07 05:05:10,Grocery
6645,C9322,93.66,2023-06-07 05:07:35,Entertainment
4726,C5192,13.32,2023-06-07 05:08:28,Electronics
8607,C8424,61.9,2023-06-07 05:09:18,Grocery
2263,C7475,33.94,2023-06-07 05:10:20,Electronics
5725,C1001,87.98,2023-06-07 05:11:01,Restaurant
1073,C6313,98.08,2023-06-07 05:11:19,Electronics
4681,C5140,65.8,2023-06-07 05:11:46,Restaurant
4845,C8751,38.87,2023-06-07 05:12:12,Retail
9421,C1175,55.05,2023-06-07 05:13:47,Entertainment
3851,C1894,50.67,2023-06-07 05:13:55,Grocery
10636,C3971,110.59,2023-06-07 05:15:23,Grocery
6316,C8595,32.97,2023-06-07 05:15:47,Retail
8032,C7895,66.83,2023-06-07 05:16:00,Retail
4434,C5923,50.34,2023-06-07 05:21:20,Entertainment
10448,C1358,57.92,2023-06-07 05:23:18,Retail
4547,C1578,21.72,2023-06-07 05:24:08,Grocery
6264,C4166,43.0,2023-06-07 05:25:02,Grocery
1901,C9115,50.52,2023-06-07 05:25:18,Grocery
9751,C2307,6713.67,2023-06-07 05:25:30,Electronics
1826,C9889,37.55,2023-06-07 05:27:34,Retail
9050,C8692,100.43,2023-06-07 05:29:28,Restaurant
5758,C5664,89.69,2023-06-07 05:29:55,Retail
5709,C9576,1.1,2023-06-07 05:30:13,Retail
3322,C2753,59.5,2023-06-07 05:30:24,Grocery
2343,C8682,100.22,2023-06-07 05:32:09,Restaurant
6341,C6946,58.53,2023-06-07 05:33:17,Restaurant
5219,C8921,40.82,2023-06-07 05:33:25,Retail
8079,C8027,67.18,2023-06-07 05:33:57,Entertainment
2960,C4920,10.0,2023-06-07 05:34:07,Grocery
10118,C6464,72.68,2023-06-07 05:35:01,Entertainment
9685,C3422,45.22,2023-06-07 05:38:22,Retail
5045,C6248,60.06,2023-06-07 05:39:55,Electronics
3618,C3826,109.8,2023-06-07 05:40:05,Electronics
6675,C6330,10.0,2023-06-07 05:40:11,Entertainment
3994,C9954,62.78,2023-06-07 05:42:42,Electronics
3599,C2025,50.04,2023-06-07 05:43:06,Retail
9035,C8284,61.73,2023-06-07 05:45:21,Restaurant
1555,C7211,58.69,2023-06-07 05:46:31,Grocery
1739,C4404,1.06,2023-06-07 05:50:00,Electronics
8981,C1891,62.56,2023-06-07 05:51:07,Grocery
8465,C9248,79.62,2023-06-07 05:51:19,Electronics
8271,C4274,66.02,2023-06-07 05:51:24,Grocery
9048,C3385,1.58,2023-06-07 05:52:20,Restaurant
5230,C4387,89.34,2023-06-07 05:53:06,Entertainment
2319,C2868,69.66,2023-06-07 05:53:11,Grocery
4016,C5584,77.81,2023-06-07 05:53:12,Retail
4662,C9267,69.54,2023-06-07 05:53:54,Electronics
2253,C2864,4850.27,2023-06-07 05:54:31,Grocery
2692,C4673,127.46,2023-06-07 05:55:21,Retail
7018,C9015,67.18,2023-06-07 05:57:07,Entertainment
7396,C8347,124.01,2023-06-07 05:57:24,Restaurant
9217,C5473,28.96,2023-06-07 05:57:35,Restaurant
5430,C5685,90.47,2023-06-07 06:00:03,Entertainment
7214,C5573,60.61,2023-06-07 06:00:09,Grocery
7213,C8581,50.98,2023-06-07 06:00:52,Entertainment
10604,C7804,76.62,2023-06-07 06:02:19,Retail
9513,C5562,54.59,2023-06-07 06:02:50,Grocery
7541,C1798,47.06,2023-06-07 06:03:16,Restaurant
9589,C4153,41.26,2023-06-07 06:03:27,Entertainment
3020,C3875,4602.19,2023-06-07 06:05:39,Electronics
4531,C5895,4154.47,2023-06-07 06:07:26,Entertainment
2709,C7730,76.4,2023-06-07 06:07:58,Restaurant
3353,C6427,56.27,2023-06-07 06:08:51,Retail
6691,C3403,39.07,2023-06-07 06:09:22,Retail
2475,C3626,32.61,2023-06-07 06:09:26,Retail
2157,C9692,117.3,2023-06-07 06:11:00,Entertainment
8492,C3736,18.29,2023-06-07 06:12:00,Grocery
6452,C4396,80.48,2023-06-07 06:12:33,Grocery
9485,C3736,66.42,2023-06-07 06:13:29,Grocery
7275,C6963,12.19,2023-06-07 06:14:20,Electronics
7004,C4129,60.03,2023-06-07 06:14:42,Electronics
2724,C1907,36.9,2023-06-07 06:15:44,Restaurant
8699,C6074,68.5,2023-06-07 06:15:49,Grocery
1253,C8811,84.29,2023-06-07 06:16:08,Electronics
1760,C5334,96.79,2023-06-07 06:16:13,Electronics
6853,C2900,51.02,2023-06-07 06:16:32,Grocery
3493,C6980,67.68,2023-06-07 06:16:57,Entertainment
2364,C8368,31.23,2023-06-07 06:18:40,Retail
10815,C7523,86.47,2023-06-07 06:19:29,Entertainment
7408,C3556,108.85,2023-06-07 06:23:41,Restaurant
10790,C4924,61.51,2023-06-07 06:24:37,Electronics
9667,C7304,0.68,2023-06-07 06:24:51,Grocery
8750,C1381,47.53,2023-06-07 06:26:05,Restaurant
8210,C1067,32.36,2023-06-07 06:26:10,Electronics
2594,C5476,50.33,2023-06-07 06:26:31,Retail
7343,C1351,34.35,2023-06-07 06:26:59,Grocery
4266,C7149,37.9,2023-06-07 06:27:26,Retail
10250,C1084,78.86,2023-06-07 06:29:11,Restaurant
3222,C4120,73.33,2023-06-07 06:31:35,Entertainment
7666,C7677,54.63,2023-06-07 06:33:54,Retail
3162,C1797,78.67,2023-06-07 06:34:16,Entertainment
1377,C6378,62.44,2023-06-07 06:34:38,Entertainment
9756,C5534,1.65,2023-06-07 06:35:13,Retail
8052,C7722,68.33,2023-06-07 06:35:24,Retail
10346,C9230,80.44,2023-06-07 06:36:07,Electronics
10637,C7967,21.36,2023-06-07 06:36:51,Retail
1346,C4441,25.07,2023-06-07 06:36:52,Restaurant
8714,C7344,71.32,2023-06-07 06:36:54,Retail
10188,C1175,55.93,2023-06-07 06:38:13,Restaurant
3951,C1201,39.02,2023-06-07 06:38:25,Grocery
5787,C2477,30.75,2023-06-07 06:39:12,Entertainment
1157,C7932,88.74,2023-06-07 06:44:04,Restaurant
9910,C6060,48.74,2023-06-07 06:44:14,Grocery
4072,C6828,43.84,2023-06-07 06:44:18,Electronics
2761,C8912,49.9,2023-06-07 06:45:00,Entertainment
4543,C5250,61.28,2023-06-07 06:45:14,Retail
1093,C8019,50.68,2023-06-07 06:46:31,Retail
1743,C3573,75.1,2023-06-07 06:47:48,Retail
4637,C9246,4641.02,2023-06-07 06:48:25,Grocery
7305,C8412,72.64,2023-06-07 06:51:00,Retail
3556,C6707,54.65,2023-06-07 06:51:33,Grocery
10612,C3414,23.39,2023-06-07 06:52:29,Entertainment
2398,C3463,63.77,2023-06-07 06:52:49,Restaurant
2123,C7897,69.7,2023-06-07 06:55:47,Grocery
10213,C7013,57.79,2023-06-07 06:58:06,Grocery
8896,C1324,79.44,2023-06-07 07:00:03,Retail
4847,C8414,61.73,2023-06-07 07:00:08,Retail
5082,C7381,54.15,2023-06-07 07:00:35,Retail
5816,C8257,97.1,2023-06-07 07:01:00,Grocery
8701,C6534,69.78,2023-06-07 07:01:43,Entertainment
5602,C6172,61.1,2023-06-07 07:02:28,Electronics
7676,C5723,50.87,2023-06-07 07:04:30,Retail
4687,C7895,97.89,2023-06-07 07:04:54,Restaurant
6110,C8245,55.35,2023-06-07 07:06:20,Restaurant
5441,C3579,86.22,2023-06-07 07:08:43,Electronics
2555,C5155,28.54,2023-06-07 07:10:25,Entertainment
2159,C8433,96.33,2023-06-07 07:10:25,Electronics
6503,C7147,111.54,2023-06-07 07:10:57,Electronics
1916,C8692,55.46,2023-06-07 07:11:30,Retail
9520,C9185,89.16,2023-06-07 07:11:46,Electronics
5009,C7609,66.0,2023-06-07 07:11:54,Electronics
4823,C8324,63.84,2023-06-07 07:12:19,Electronics
6571,C8227,14.36,2023-06-07 07:12:21,Grocery
5788,C3468,30.12,2023-06-07 07:12:56,Entertainment
5640,C3745,37.76,2023-06-07 07:14:42,Restaurant
1983,C6881,65.91,2023-06-07 07:14:44,Entertainment
4050,C8365,69.11,2023-06-07 07:17:34,Grocery
8543,C7580,46.6,2023-06-07 07:17:59,Grocery
3531,C6432,30.34,2023-06-07 07:18:49,Entertainment
9714,C5407,66.64,2023-06-07 07:20:45,Entertainment
4186,C1621,0.24,2023-06-07 07:20:46,Retail
2256,C2816,26.53,2023-06-07 07:20:53,Electronics
4358,C7858,86.51,2023-06-07 07:21:55,Entertainment
9930,C1353,21.12,2023-06-07 07:22:16,Grocery
6759,C6821,45.91,2023-06-07 07:22:25,Retail
3682,C8231,31.08,2023-06-07 07:23:03,Retail
2389,C6543,1251.31,2023-06-07 07:23:58,Grocery
9619,C7188,111.3,2023-06-07 07:27:31,Retail
1398,C2894,32.59,2023-06-07 07:28:45,Electronics
1205,C7596,59.77,2023-06-07 07:30:07,Retail
10452,C5745,54.91,2023-06-07 07:30:38,Entertainment
9652,C1210,51.27,2023-06-07 07:31:28,Grocery
1034,C7224,10.0,2023-06-07 07:32:18,Electronics
9956,C5769,39.64,2023-06-07 07:32:20,Restaurant
7835,C8695,37.31,2023-06-07 07:33:41,Retail
5126,C3333,78.57,2023-06-07 07:34:14,Grocery
7228,C9261,78.04,2023-06-07 07:35:55,Entertainment
9477,C1457,63.66,2023-06-07 07:36:32,Retail
7078,C3314,94.08,2023-06-07 07:36:48,Entertainment
8525,C7909,68.36,2023-06-07 07:37:26,Electronics
8879,C9825,77.69,2023-06-07 07:38:45,Grocery
8827,C1684,65.56,2023-06-07 07:41:30,Retail
1218,C5092,87.28,2023-06-07 07:42:09,Retail
8236,C8423,37.88,2023-06-07 07:42:35,Electronics
7417,C8243,105.19,2023-06-07 07:42:59,Entertainment
5896,C5844,24.23,2023-06-07 07:43:07,Electronics
6795,C8681,114.63,2023-06-07 07:43:32,Retail
7685,C6111,16.74,2023-06-07 07:43:38,Electronics
3354,C2562,49.39,2023-06-07 07:44:40,Entertainment
1858,C9337,0.72,2023-06-07 07:44:51,Entertainment
9907,C3389,40.74,2023-06-07 07:45:17,Entertainment
2728,C5982,112.24,2023-06-07 07:45:54,Restaurant
8961,C7943,44.21,2023-06-07 07:46:29,Grocery
1060,C7065,72.9,2023-06-07 07:46:49,Entertainment
2848,C6555,46.77,2023-06-07 07:47:58,Restaurant
7455,C7326,32.7,2023-06-07 07:48:31,Retail
8367,C4083,98.44,2023-06-07 07:48:40,Retail
7973,C5498,102.38,2023-06-07 07:48:54,Retail
2533,C3352,24.81,2023-06-07 07:49:05,Retail
4655,C7609,87.46,2023-06-07 07:50:22,Electronics
8627,C7974,41.56,2023-06-07 07:52:46,Retail
8378,C8592,42.88,2023-06-07 07:53:05,Retail
4084,C8570,60.46,2023-06-07 07:53:20,Electronics
3697,C4438,41.31,2023-06-07 07:55:12,Entertainment
10003,C1377,66.53,2023-06-07 07:55:43,Entertainment
7095,C3939,47.07,2023-06-07 07:55:56,Retail
3045,C2017,84.13,2023-06-07 07:56:15,Electronics
1565,C2341,65.24,2023-06-07 07:56:18,Electronics
4418,C7484,72.84,2023-06-07 07:58:23,Entertainment
9124,C1343,52.97,2023-06-07 07:59:43,Restaurant
9985,C9005,45.53,2023-06-07 08:02:42,Retail
9448,C1183,0.45,2023-06-07 08:02:48,Retail
10552,C4077,79.3,2023-06-07 08:03:24,Grocery
7691,C4093,71.99,2023-06-07 08:04:53,Entertainment
6501,C1510,67.15,2023-06-07 08:06:36,Grocery
3043,C6890,45.54,2023-06-07 08:06:52,Electronics
10893,C3113,48.99,2023-06-07 08:10:15,Retail
3156,C4943,1000.0,2023-06-07 08:11:07,Electronics
2510,C1311,66.75,2023-06-07 08:12:32,Entertainment
2658,C6150,32.34,2023-06-07 08:14:15,Electronics
10664,C3979,44.59,2023-06-07 08:14:28,Entertainment
6583,C6739,40.55,2023-06-07 08:16:02,Restaurant
8441,C8738,47.36,2023-06-07 08:16:33,Grocery
1446,C2530,82.18,2023-06-07 08:16:55,Retail
8533,C6927,65.24,2023-06-07 08:19:12,Grocery
4540,C1417,118.59,2023-06-07 08:19:41,Retail
2246,C7947,77.29,2023-06-07 08:22:52,Retail
3100,C6049,61.22,2023-06-07 08:24:11,Restaurant
7621,C1709,44.79,2023-06-07 08:24:20,Grocery
8483,C1826,80.85,2023-06-07 08:25:26,Retail
9229,C9401,36.01,2023-06-07 08:28:09,Retail
3924,C3079,44.99,2023-06-07 08:29:27,Retail
5811,C7251,77.43,2023-06-07 08:30:20,Grocery
10830,C7260,70.37,2023-06-07 08:30:43,Retail
7415,C5748,1.32,2023-06-07 08:32:12,Restaurant
2965,C4814,60.05,2023-06-07 08:32:52,Restaurant
5691,C3150,44.17,2023-06-07 08:33:58,Retail
5137,C2198,117.22,2023-06-07 08:34:41,Entertainment
4671,C1785,48.42,2023-06-07 08:34:55,Entertainment
10947,C4497,104.16,2023-06-07 08:35:17,Electronics
8022,C8718,71.12,2023-06-07 08:35:21,Restaurant
8592,C5979,41.65,2023-06-07 08:36:14,Retail
7091,C8978,63.55,2023-06-07 08:42:55,Restaurant
8755,C1394,57.4,2023-06-07 08:44:35,Electronics
1693,C6912,60.35,2023-06-07 08:45:09,Entertainment
2721,C3114,50.0,2023-06-07 08:45:18,Grocery
10688,C4593,52.55,2023-06-07 08:46:19,Retail
10278,C9788,14.21,2023-06-07 08:47:21,Entertainment
10186,C5683,60.46,2023-06-07 08:48:28,Grocery
10021,C9788,49.69,2023-06-07 08:49:06,Grocery
9100,C1491,78.99,2023-06-07 08:49:15,Electronics
5310,C3979,33.1,2023-06-07 08:49:46,Electronics
7146,C1709,42.0,2023-06-07 08:49:55,Restaurant
3696,C4882,66.42,2023-06-07 08:50:25,Restaurant
5527,C1108,24.04,2023-06-07 08:50:39,Grocery
4113,C1483,65.01,2023-06-07 08:50:57,Restaurant
5217,C3935,66.27,2023-06-07 08:50:59,Grocery
6677,C8294,78.98,2023-06-07 08:51:05,Electronics
10240,C8586,5876.51,2023-06-07 08:52:29,Retail
7695,C3937,56.4,2023-06-07 08:53:31,Entertainment
3427,C9395,67.22,2023-06-07 08:55:18,Grocery
4773,C6875,6827.72,2023-06-07 08:55:57,Restaurant
7875,C5945,62.11,2023-06-07 08:56:52,Grocery
6109,C6729,34.68,2023-06-07 08:57:38,Electronics
2889,C8871,59.73,2023-06-07 08:59:31,Grocery
2905,C7723,40.66,2023-06-07 08:59:35,Restaurant
6771,C1548,35.86,2023-06-07 08:59:48,Entertainment
9651,C1068,42.31,2023-06-07 08:59:54,Restaurant
1236,C1035,83.3,2023-06-07 09:00:29,Restaurant
3915,C1185,82.06,2023-06-07 09:02:15,Retail
4596,C6183,71.4,2023-06-07 09:03:42,Electronics
10221,C3793,59.0,2023-06-07 09:05:31,Grocery
9951,C8496,60.88,2023-06-07 09:07:20,Entertainment
8914,C5544,93.91,2023-06-07 09:07:30,Entertainment
2985,C9767,72.39,2023-06-07 09:07:38,Restaurant
5903,C7210,45.9,2023-06-07 09:07:58,Entertainment
7766,C2951,59.7,2023-06-07 09:08:17,Retail
6367,C5146,103.77,2023-06-07 09:08:40,Electronics
7256,C7641,95.37,2023-06-07 09:08:43,Electronics
5460,C7618,10.82,2023-06-07 09:09:01,Restaurant
4909,C9975,53.81,2023-06-07 09:09:09,Grocery
8249,C5180,46.7,2023-06-07 09:10:31,Restaurant
9413,C2199,20.72,2023-06-07 09:11:34,Electronics
9712,C6642,31.86,2023-06-07 09:11:40,Electronics
9736,C3981,62.07,2023-06-07 09:11:46,Grocery
1757,C8438,75.96,2023-06-07 09:13:21,Grocery
6072,C6507,52.9,2023-06-07 09:15:24,Restaurant
8719,C1750,113.65,2023-06-07 09:15:33,Grocery
3372,C2260,45.97,2023-06-07 09:16:10,Electronics
9109,C4262,68.4,2023-06-07 09:17:07,Restaurant
7983,C9941,123.25,2023-06-07 09:18:00,Entertainment
8753,C3957,55.49,2023-06-07 09:19:19,Retail
8709,C8357,63.3,2023-06-07 09:21:20,Entertainment
1492,C8939,92.86,2023-06-07 09:21:20,Restaurant
9458,C8242,30.92,2023-06-07 09:25:55,Electronics
1570,C6733,99.72,2023-06-07 09:26:28,Grocery
5660,C3741,83.15,2023-06-07 09:27:48,Grocery
8674,C2929,10.0,2023-06-07 09:28:09,Retail
9348,C3128,50.71,2023-06-07 09:30:43,Restaurant
2666,C7340,31.04,2023-06-07 09:31:01,Restaurant
4069,C3430,0.64,2023-06-07 09:31:09,Electronics
10431,C9741,74.77,2023-06-07 09:32:35,Entertainment
3377,C9856,27.54,2023-06-07 09:32:39,Grocery
7833,C5368,72.42,2023-06-07 09:32:50,Entertainment
5673,C8752,58.11,2023-06-07 09:32:54,Restaurant
7416,C3409,98.22,2023-06-07 09:35:47,Entertainment
10939,C2873,56.84,2023-06-07 09:36:18,Restaurant
8165,C6907,53.17,2023-06-07 09:38:49,Electronics
4776,C8914,88.14,2023-06-07 09:39:07,Entertainment
8190,C2900,69.64,2023-06-07 09:39:16,Retail
6003,C1267,111.44,2023-06-07 09:39:16,Electronics
6749,C3248,55.33,2023-06-07 09:39:28,Retail
2274,C1126,65.08,2023-06-07 09:39:36,Entertainment
5876,C3207,61.46,2023-06-07 09:41:02,Restaurant
8315,C7766,76.31,2023-06-07 09:41:21,Restaurant
7283,C7003,89.19,2023-06-07 09:43:53,Entertainment
1154,C3705,47.38,2023-06-07 09:45:05,Entertainment
5394,C3262,48.84,2023-06-07 09:46:35,Grocery
6120,C1893,10.0,2023-06-07 09:46:59,Restaurant
6118,C2405,56.11,2023-06-07 09:47:41,Electronics
6278,C6323,71.43,2023-06-07 09:48:21,Grocery
2369,C3471,25.14,2023-06-07 09:49:43,Restaurant
5345,C9680,54.44,2023-06-07 09:50:09,Retail
7937,C5551,30.04,2023-06-07 09:52:08,Restaurant
9059,C4889,87.74,2023-06-07 09:52:57,Entertainment
3320,C8054,66.09,2023-06-07 09:53:43,Retail
6163,C4787,80.27,2023-06-07 09:54:19,Restaurant
3561,C9537,60.85,2023-06-07 09:54:32,Retail
9737,C9234,54.13,2023-06-07 09:55:58,Restaurant
5772,C4076,17.35,2023-06-07 09:56:52,Retail
9501,C6842,30.42,2023-06-07 09:57:04,Restaurant
1355,C7755,79.78,2023-06-07 09:59:53,Restaurant
2206,C6736,72.18,2023-06-07 10:00:40,Retail
6392,C1601,53.53,2023-06-07 10:00:55,Restaurant
4753,C3996,31.56,2023-06-07 10:02:01,Restaurant
4839,C6584,84.33,2023-06-07 10:03:09,Retail
3762,C1752,110.34,2023-06-07 10:04:13,Restaurant
8159,C2914,75.82,2023-06-07 10:05:42,Grocery
10655,C8838,30.15,2023-06-07 10:06:03,Grocery
7561,C1211,80.89,2023-06-07 10:06:15,Electronics
5912,C4110,44.96,2023-06-07 10:06:32,Electronics
2635,C9406,50.39,2023-06-07 10:06:59,Entertainment
1107,C7304,63.32,2023-06-07 10:07:00,Entertainment
8384,C3721,71.5,2023-06-07 10:07:49,Retail
8335,C8371,58.99,2023-06-07 10:10:25,Retail
2325,C3419,42.97,2023-06-07 10:11:06,Restaurant
9231,C2280,61.41,2023-06-07 10:11:23,Retail
2388,C7697,100.89,2023-06-07 10:11:24,Entertainment
10762,C2506,56.51,2023-06-07 10:11:27,Grocery
4587,C7768,48.57,2023-06-07 10:11:48,Restaurant
6935,C2022,37.63,2023-06-07 10:12:20,Grocery
9385,C4005,47.23,2023-06-07 10:14:06,Entertainment
3482,C6147,3785.91,2023-06-07 10:15:31,Grocery
4858,C2741,5417.96,2023-06-07 10:15:57,Grocery
5745,C8161,54.12,2023-06-07 10:16:03,Retail
1579,C4908,76.65,2023-06-07 10:16:43,Grocery
5822,C9538,27.69,2023-06-07 10:22:00,Electronics
5246,C7201,82.85,2023-06-07 10:22:07,Retail
5780,C2675,77.51,2023-06-07 10:22:54,Retail
5123,C4469,31.15,2023-06-07 10:23:38,Restaurant
10580,C6544,71.55,2023-06-07 10:26:23,Restaurant
9123,C2657,56.17,2023-06-07 10:28:32,Grocery
6578,C1249,58.4,2023-06-07 10:28:43,Restaurant
3358,C4463,83.88,2023-06-07 10:29:10,Entertainment
7683,C5646,4878.18,2023-06-07 10:32:14,Retail
3643,C3298,1.21,2023-06-07 10:34:28,Restaurant
5304,C8723,12.27,2023-06-07 10:34:47,Retail
6518,C8404,14.61,2023-06-07 10:36:19,Restaurant
6762,C7959,72.34,2023-06-07 10:36:54,Grocery
1505,C3471,26.6,2023-06-07 10:37:38,Grocery
8173,C3703,71.89,2023-06-07 10:37:57,Restaurant
4770,C8178,61.5,2023-06-07 10:39:25,Retail
7154,C9436,50.3,2023-06-07 10:40:43,Restaurant
2604,C9151,26.9,2023-06-07 10:40:58,Electronics
6336,C3686,36.25,2023-06-07 10:41:09,Entertainment
3810,C2690,1.51,2023-06-07 10:42:54,Retail
10559,C7594,0.78,2023-06-07 10:43:49,Electronics
3091,C8298,5069.31,2023-06-07 10:44:20,Grocery
8060,C5616,48.39,2023-06-07 10:46:15,Grocery
2069,C2622,90.75,2023-06-07 10:50:34,Retail
7525,C9397,57.47,2023-06-07 10:51:04,Electronics
8347,C1095,29.1,2023-06-07 10:54:05,Restaurant
8129,C1962,88.87,2023-06-07 10:55:14,Entertainment
1923,C7226,99.2,2023-06-07 10:55:58,Restaurant
1110,C9669,36.61,2023-06-07 10:57:14,Restaurant
10455,C4116,85.47,2023-06-07 10:57:23,Grocery
1723,C3444,100.43,2023-06-07 10:57:45,Electronics
2095,C4990,90.59,2023-06-07 10:59:14,Retail
1792,C1339,26.68,2023-06-07 11:00:30,Retail
4323,C2342,73.36,2023-06-07 11:00:30,Grocery
10695,C6937,93.67,2023-06-07 11:00:36,Retail
9979,C7619,86.92,2023-06-07 11:01:31,Electronics
4841,C1889,60.94,2023-06-07 11:03:10,Electronics
9996,C2966,1.21,2023-06-07 11:04:27,Grocery
5235,C8448,54.1,2023-06-07 11:05:40,Entertainment
10835,C3482,63.23,2023-06-07 11:06:25,Restaurant
5302,C4548,30.4,2023-06-07 11:07:54,Grocery
10576,C1221,59.17,2023-06-07 11:08:03,Restaurant
4124,C1567,66.02,2023-06-07 11:16:51,Entertainment
10294,C3190,90.3,2023-06-07 11:17:35,Retail
3243,C6269,62.06,2023-06-07 11:20:26,Electronics
8908,C9074,64.99,2023-06-07 11:20:46,Entertainment
1463,C4997,47.19,2023-06-07 11:21:26,Retail
3921,C5247,32.3,2023-06-07 11:23:18,Grocery
10178,C2476,21.17,2023-06-07 11:25:00,Entertainment
3741,C6362,68.88,2023-06-07 11:25:10,Entertainment
3212,C7363,71.19,2023-06-07 11:25:34,Restaurant
8698,C8883,57.3,2023-06-07 11:27:21,Grocery
2171,C7532,101.12,2023-06-07 11:27:41,Electronics
10693,C4330,74.61,2023-06-07 11:29:01,Entertainment
10363,C7231,45.27,2023-06-07 11:29:13,Grocery
8204,C5654,93.26,2023-06-07 11:31:47,Retail
4118,C4517,68.32,2023-06-07 11:31:48,Entertainment
4741,C2556,6175.49,2023-06-07 11:31:51,Electronics
4308,C9043,67.86,2023-06-07 11:31:53,Electronics
8963,C5095,18.37,2023-06-07 11:31:54,Restaurant
6956,C8234,108.96,2023-06-07 11:31:58,Entertainment
6701,C5910,2.16,2023-06-07 11:32:03,Grocery
9074,C5909,49.59,2023-06-07 11:33:36,Electronics
8342,C5248,1.41,2023-06-07 11:34:14,Retail
3549,C8909,1.12,2023-06-07 11:34:43,Entertainment
1455,C8784,62.65,2023-06-07 11:34:45,Entertainment
9160,C9327,68.17,2023-06-07 11:36:17,Grocery
4589,C3470,91.96,2023-06-07 11:36:24,Grocery
2970,C8739,52.32,2023-06-07 11:36:50,Restaurant
3524,C2392,2492.39,2023-06-07 11:37:24,Retail
10277,C3984,10.0,2023-06-07 11:38:25,Grocery
1331,C1158,69.98,2023-06-07 11:38:40,Retail
1134,C9837,53.78,2023-06-07 11:39:06,Restaurant
7870,C8786,31.34,2023-06-07 11:39:17,Entertainment
1895,C1715,82.54,2023-06-07 11:40:06,Grocery
5620,C5222,59.22,2023-06-07 11:44:47,Restaurant
10960,C5421,63.59,2023-06-07 11:46:38,Electronics
8406,C8964,44.09,2023-06-07 11:47:26,Electronics
6672,C8972,25.68,2023-06-07 11:47:57,Electronics
7023,C9186,58.28,2023-06-07 11:48:02,Retail
8792,C4874,53.8,2023-06-07 11:48:58,Entertainment
7777,C3689,1.08,2023-06-07 11:51:18,Electronics
2288,C1307,57.39,2023-06-07 11:51:51,Grocery
10691,C6926,63.95,2023-06-07 11:52:09,Restaurant
10907,C1130,74.34,2023-06-07 11:54:04,Electronics
8857,C5282,57.58,2023-06-07 11:54:33,Restaurant
10109,C3041,76.78,2023-06-07 11:55:08,Restaurant
6439,C9132,48.56,2023-06-07 11:56:31,Retail
2058,C2592,85.98,2023-06-07 11:57:49,Grocery
5091,C2738,88.95,2023-06-07 11:58:00,Electronics
1419,C7592,23.62,2023-06-07 11:59:01,Retail
6620,C6085,37.45,2023-06-07 12:01:29,Grocery
2390,C1857,32.42,2023-06-07 12:02:09,Electronics
7550,C3738,45.84,2023-06-07 12:03:15,Entertainment
6662,C2082,78.93,2023-06-07 12:07:17,Restaurant
10229,C5901,29.06,2023-06-07 12:07:23,Retail
1267,C1651,48.75,2023-06-07 12:08:25,Electronics
9380,C5081,10.0,2023-06-07 12:08:45,Electronics
5256,C6653,2015.43,2023-06-07 12:08:58,Electronics
3191,C7244,66.61,2023-06-07 12:09:17,Restaurant
9480,C4148,55.27,2023-06-07 12:09:34,Grocery
5523,C2747,83.15,2023-06-07 12:09:54,Electronics
2414,C9331,59.59,2023-06-07 12:11:05,Retail
5016,C6911,109.89,2023-06-07 12:11:25,Restaurant
4968,C4218,81.85,2023-06-07 12:11:36,Entertainment
2260,C6053,9171.93,2023-06-07 12:12:16,Restaurant
1160,C4295,83.83,2023-06-07 12:12:31,Retail
8757,C6199,47.7,2023-06-07 12:12:46,Electronics
10941,C8447,70.23,2023-06-07 12:12:50,Retail
1611,C7882,42.9,2023-06-07 12:12:53,Electronics
3170,C1924,87.92,2023-06-07 12:13:10,Retail
2682,C6236,63.23,2023-06-07 12:13:11,Retail
6223,C8046,52.58,2023-06-07 12:15:11,Electronics
8316,C2548,60.84,2023-06-07 12:16:39,Entertainment
10206,C1693,131.63,2023-06-07 12:16:40,Grocery
1956,C4945,48.03,2023-06-07 12:16:40,Grocery
6327,C8387,61.73,2023-06-07 12:18:16,Retail
3418,C8286,46.49,2023-06-07 12:18:40,Grocery
4735,C1646,32.53,2023-06-07 12:21:19,Grocery
7368,C1775,8223.59,2023-06-07 12:21:30,Entertainment
3017,C6523,80.47,2023-06-07 12:21:42,Restaurant
10057,C9750,79.86,2023-06-07 12:24:08,Retail
3084,C9525,47.02,2023-06-07 12:26:51,Electronics
7217,C5041,39.94,2023-06-07 12:27:37,Grocery
2918,C8531,94.46,2023-06-07 12:28:13,Retail
5967,C9621,37.33,2023-06-07 12:30:44,Restaurant
9922,C4450,41.44,2023-06-07 12:32:20,Entertainment
5044,C4154,58.22,2023-06-07 12:34:24,Electronics
5614,C2577,63.07,2023-06-07 12:35:22,Restaurant
7916,C5201,97.32,2023-06-07 12:35:56,Retail
10253,C7587,41.98,2023-06-07 12:36:36,Electronics
10047,C6956,30.01,2023-06-07 12:38:05,Entertainment
6997,C2318,85.97,2023-06-07 12:38:06,Restaurant
5613,C8807,63.56,2023-06-07 12:38:42,Restaurant
7101,C4377,90.01,2023-06-07 12:39:30,Electronics
2156,C7240,75.67,2023-06-07 12:40:03,Electronics
8138,C9266,59.47,2023-06-07 12:40:44,Grocery
1604,C9728,36.67,2023-06-07 12:41:25,Electronics
9719,C3759,63.86,2023-06-07 12:42:31,Restaurant
8773,C3772,90.15,2023-06-07 12:42:43,Electronics
5677,C7504,48.8,2023-06-07 12:43:33,Grocery
1378,C5564,35.79,2023-06-07 12:43:43,Grocery
1689,C2647,10.0,2023-06-07 12:45:30,Restaurant
10202,C9754,53.97,2023-06-07 12:47:15,Entertainment
9307,C4085,39.28,2023-06-07 12:47:36,Grocery
5710,C9745,90.01,2023-06-07 12:47:53,Retail
4174,C4875,67.55,2023-06-07 12:48:13,Restaurant
2779,C7532,57.53,2023-06-07 12:48:34,Grocery
6475,C4178,63.65,2023-06-07 12:48:44,Restaurant
1061,C6820,43.65,2023-06-07 12:49:16,Entertainment
2437,C3527,44.79,2023-06-07 12:49:36,Restaurant
10239,C1580,0.7,2023-06-07 12:49:52,Grocery
6668,C9921,49.77,2023-06-07 12:52:03,Entertainment
5266,C9430,83.11,2023-06-07 12:52:24,Grocery
8010,C2478,17.23,2023-06-07 12:53:39,Retail
1933,C8110,52.06,2023-06-07 12:53:52,Electronics
10315,C1346,87.47,2023-06-07 12:55:27,Grocery
1827,C8569,30.73,2023-06-07 12:55:43,Restaurant
6380,C8239,65.61,2023-06-07 12:56:50,Entertainment
5579,C6981,88.98,2023-06-07 12:56:59,Entertainment
1806,C7690,62.63,2023-06-07 12:58:04,Entertainment
6666,C8132,48.09,2023-06-07 12:58:23,Retail
7602,C3053,24.59,2023-06-07 12:59:49,Electronics
2030,C2479,87.35,2023-06-07 13:00:48,Retail
9658,C7465,123.48,2023-06-07 13:01:00,Retail
5961,C2658,102.13,2023-06-07 13:02:21,Restaurant
5755,C4924,66.59,2023-06-07 13:03:08,Grocery
1578,C3496,76.68,2023-06-07 13:03:35,Entertainment
7057,C2742,86.01,2023-06-07 13:04:08,Grocery
5263,C3713,66.21,2023-06-07 13:05:23,Electronics
2564,C1726,81.28,2023-06-07 13:05:43,Entertainment
8972,C8077,65.47,2023-06-07 13:06:06,Restaurant
7662,C7948,0.6,2023-06-07 13:06:26,Restaurant
2197,C6119,35.36,2023-06-07 13:08:09,Electronics
1300,C5956,54.23,2023-06-07 13:09:01,Restaurant
8417,C7834,70.43,2023-06-07 13:09:24,Restaurant
3472,C7224,38.39,2023-06-07 13:12:10,Electronics
4940,C5105,46.85,2023-06-07 13:13:02,Restaurant
2913,C8837,104.62,2023-06-07 13:14:15,Entertainment
10959,C7929,57.1,2023-06-07 13:14:25,Entertainment
10273,C7132,104.6,2023-06-07 13:17:17,Electronics
10642,C2702,85.15,2023-06-07 13:21:30,Grocery
2463,C3655,47.49,2023-06-07 13:23:41,Grocery
2397,C5128,63.49,2023-06-07 13:24:17,Entertainment
3743,C2526,33.62,2023-06-07 13:26:03,Electronics
7945,C5882,53.39,2023-06-07 13:26:19,Grocery
10481,C5855,31.41,2023-06-07 13:26:32,Retail
3729,C5402,31.16,2023-06-07 13:28:54,Restaurant
6211,C6395,87.22,2023-06-07 13:31:02,Electronics
1694,C3939,44.81,2023-06-07 13:35:28,Restaurant
8451,C9063,4363.27,2023-06-07 13:35:33,Entertainment
10191,C3235,43.68,2023-06-07 13:36:10,Electronics
7804,C6715,49.68,2023-06-07 13:37:03,Grocery
1669,C7971,65.83,2023-06-07 13:37:46,Restaurant
9804,C9436,59.99,2023-06-07 13:38:59,Grocery
10438,C6690,116.31,2023-06-07 13:38:59,Entertainment
9016,C8014,52.03,2023-06-07 13:39:24,Electronics
9032,C6822,44.58,2023-06-07 13:39:36,Entertainment
9360,C1121,85.76,2023-06-07 13:39:58,Electronics
6356,C1840,51.26,2023-06-07 13:40:46,Retail
3584,C4798,59.76,2023-06-07 13:42:08,Entertainment
1865,C3369,72.07,2023-06-07 13:42:08,Electronics
1036,C6881,30.03,2023-06-07 13:43:15,Restaurant
6746,C8155,74.43,2023-06-07 13:43:18,Retail
9699,C4093,47.04,2023-06-07 13:45:13,Entertainment
5756,C9464,45.76,2023-06-07 13:45:26,Entertainment
5358,C5641,68.66,2023-06-07 13:46:08,Electronics
1128,C5889,45.55,2023-06-07 13:46:19,Retail
10916,C7360,69.43,2023-06-07 13:48:46,Restaurant
10513,C6824,98.32,2023-06-07 13:49:28,Grocery
2024,C8673,61.9,2023-06-07 13:49:46,Restaurant
7651,C2616,75.11,2023-06-07 13:50:21,Restaurant
6444,C4812,117.47,2023-06-07 13:51:33,Electronics
8180,C3435,60.35,2023-06-07 13:51:36,Grocery
10024,C2047,10.0,2023-06-07 13:53:02,Restaurant
6376,C4553,84.12,2023-06-07 13:53:10,Retail
5223,C8989,38.57,2023-06-07 13:54:34,Electronics
3625,C6003,72.02,2023-06-07 13:55:52,Restaurant
2749,C1674,50.59,2023-06-07 13:56:07,Entertainment
3305,C1990,29.56,2023-06-07 13:56:21,Restaurant
3953,C1753,71.17,2023-06-07 13:56:25,Electronics
7696,C1209,58.43,2023-06-07 13:57:11,Restaurant
5008,C9798,38.46,2023-06-07 13:59:15,Entertainment
5233,C7358,10.0,2023-06-07 13:59:27,Electronics
9775,C5355,111.52,2023-06-07 13:59:43,Electronics
6363,C2926,10.0,2023-06-07 14:00:13,Grocery
2344,C8245,80.35,2023-06-07 14:01:39,Grocery
3123,C8348,52.81,2023-06-07 14:02:18,Entertainment
9727,C5724,89.76,2023-06-07 14:02:43,Grocery
4332,C9914,76.48,2023-06-07 14:03:52,Electronics
5882,C9892,54.34,2023-06-07 14:05:05,Entertainment
3522,C6890,51.01,2023-06-07 14:05:56,Restaurant
5156,C6008,66.26,2023-06-07 14:07:22,Electronics
5949,C7814,36.6,2023-06-07 14:08:43,Entertainment
5365,C9561,76.56,2023-06-07 14:13:39,Electronics
9884,C2013,113.63,2023-06-07 14:13:46,Electronics
8798,C5412,38.1,2023-06-07 14:16:16,Retail
6183,C3572,23.95,2023-06-07 14:16:17,Entertainment
5615,C8370,46.01,2023-06-07 14:16:25,Entertainment
3335,C7652,23.14,2023-06-07 14:17:20,Restaurant
3157,C4376,46.24,2023-06-07 14:21:07,Grocery
2013,C9837,83.83,2023-06-07 14:21:40,Entertainment
4808,C4946,86.55,2023-06-07 14:21:54,Restaurant
8807,C4829,94.2,2023-06-07 14:22:14,Entertainment
10776,C7637,46.22,2023-06-07 14:23:53,Entertainment
4854,C5783,20.41,2023-06-07 14:23:59,Retail
1031,C6514,39.6,2023-06-07 14:26:58,Retail
5742,C7121,48.55,2023-06-07 14:27:15,Electronics
8532,C9456,68.46,2023-06-07 14:30:10,Electronics
5590,C7240,86.97,2023-06-07 14:33:47,Grocery
4261,C7783,4064.64,2023-06-07 14:34:20,Retail
3745,C6869,71.73,2023-06-07 14:34:28,Entertainment
2961,C4972,27.18,2023-06-07 14:35:48,Electronics
10369,C6507,66.79,2023-06-07 14:35:55,Retail
1871,C5526,32.42,2023-06-07 14:37:26,Entertainment
6087,C8993,77.15,2023-06-07 14:38:49,Entertainment
10446,C9581,70.49,2023-06-07 14:40:31,Restaurant
1903,C3068,39.69,2023-06-07 14:41:11,Entertainment
10261,C9668,5058.64,2023-06-07 14:43:31,Electronics
5617,C5256,37.81,2023-06-07 14:43:43,Restaurant
1796,C8708,65.96,2023-06-07 14:45:15,Restaurant
5052,C1120,55.65,2023-06-07 14:47:19,Grocery
9666,C3039,33.59,2023-06-07 14:47:55,Entertainment
5576,C4449,108.4,2023-06-07 14:48:41,Entertainment
9306,C7331,55.05,2023-06-07 14:50:27,Electronics
6713,C9992,77.09,2023-06-07 14:53:03,Grocery
5715,C4721,86.5,2023-06-07 14:53:23,Retail
10966,C5487,6223.07,2023-06-07 14:55:02,Grocery
8413,C7914,29.63,2023-06-07 14:56:28,Entertainment
4328,C8715,73.99,2023-06-07 14:56:51,Grocery
5213,C9423,51.44,2023-06-07 14:57:05,Grocery
9453,C3915,106.69,2023-06-07 14:57:58,Restaurant
7273,C1898,99.12,2023-06-07 14:58:21,Electronics
6936,C7271,39.64,2023-06-07 14:59:09,Entertainment
1660,C5820,42.88,2023-06-07 15:00:20,Entertainment
4812,C9305,13.85,2023-06-07 15:00:35,Restaurant
2508,C1086,80.23,2023-06-07 15:01:39,Restaurant
1812,C7744,59.26,2023-06-07 15:02:16,Restaurant
10341,C5052,97.18,2023-06-07 15:03:30,Restaurant
2404,C7421,31.61,2023-06-07 15:04:11,Entertainment
8632,C7961,0.45,2023-06-07 15:07:21,Restaurant
10752,C7494,55.24,2023-06-07 15:07:36,Electronics
10068,C1732,114.27,2023-06-07 15:08:13,Entertainment
5115,C1082,63.15,2023-06-07 15:08:20,Entertainment
4494,C5408,52.75,2023-06-07 15:10:00,Entertainment
2411,C9624,3800.69,2023-06-07 15:12:08,Entertainment
7420,C8847,79.48,2023-06-07 15:13:27,Restaurant
3032,C5064,77.73,2023-06-07 15:16:36,Electronics
9605,C4236,17.88,2023-06-07 15:18:18,Restaurant
2572,C3209,26.18,2023-06-07 15:20:34,Retail
7643,C1229,43.29,2023-06-07 15:21:43,Electronics
8008,C5186,50.34,2023-06-07 15:22:59,Restaurant
9866,C8159,10.0,2023-06-07 15:24:10,Entertainment
7362,C3813,60.94,2023-06-07 15:24:18,Retail
7339,C8764,62.38,2023-06-07 15:27:30,Retail
1088,C5339,24.45,2023-06-07 15:27:32,Retail
6573,C5467,61.81,2023-06-07 15:28:15,Restaurant
3101,C1356,42.68,2023-06-07 15:29:42,Grocery
7946,C2041,55.33,2023-06-07 15:30:19,Restaurant
6605,C7421,49.0,2023-06-07 15:32:42,Retail
8949,C5553,72.58,2023-06-07 15:33:30,Electronics
1630,C5569,60.22,2023-06-07 15:33:46,Restaurant
2731,C6286,43.6,2023-06-07 15:34:10,Electronics
8514,C5698,75.18,2023-06-07 15:37:21,Electronics
7706,C7563,92.04,2023-06-07 15:38:25,Grocery
10524,C8244,69.78,2023-06-07 15:38:52,Restaurant
9532,C8899,18.44,2023-06-07 15:38:58,Restaurant
5914,C9151,49.48,2023-06-07 15:39:39,Electronics
4875,C7790,74.07,2023-06-07 15:41:40,Retail
10276,C8017,50.91,2023-06-07 15:42:27,Grocery
4025,C2565,8639.54,2023-06-07 15:42:40,Entertainment
7927,C8952,29.09,2023-06-07 15:43:15,Entertainment
2738,C4216,57.98,2023-06-07 15:43:34,Restaurant
4654,C3701,86.75,2023-06-07 15:44:44,Restaurant
1824,C9431,62.1,2023-06-07 15:45:21,Entertainment
8530,C7706,61.89,2023-06-07 15:46:28,Retail
2834,C1838,10.0,2023-06-07 15:51:13,Restaurant
9161,C9011,68.04,2023-06-07 15:51:25,Grocery
3304,C7114,67.48,2023-06-07 15:52:13,Entertainment
10226,C9832,31.31,2023-06-07 15:54:08,Restaurant
10936,C8967,33.56,2023-06-07 15:54:41,Grocery
6455,C1745,71.81,2023-06-07 15:55:02,Restaurant
6988,C6880,61.95,2023-06-07 15:55:58,Electronics
10979,C6603,5098.32,2023-06-07 15:57:52,Electronics
8608,C6553,101.24,2023-06-07 15:59:16,Retail
10543,C4094,62.83,2023-06-07 16:04:57,Entertainment
1512,C7678,0.4,2023-06-07 16:05:09,Grocery
3728,C3329,100.0,2023-06-07 16:06:15,Entertainment
8601,C3028,63.88,2023-06-07 16:06:57,Electronics
7150,C3881,105.42,2023-06-07 16:10:44,Electronics
4319,C1421,38.4,2023-06-07 16:11:10,Electronics
1308,C2753,71.03,2023-06-07 16:13:22,Restaurant
9822,C7305,36.07,2023-06-07 16:13:34,Entertainment
9809,C1272,103.61,2023-06-07 16:14:29,Retail
7545,C2258,64.57,2023-06-07 16:15:35,Grocery
10370,C7980,8430.7,2023-06-07 16:15:50,Entertainment
2170,C8430,83.47,2023-06-07 16:16:04,Restaurant
5708,C8126,97.23,2023-06-07 16:16:09,Retail
7232,C7460,22.34,2023-06-07 16:18:08,Electronics
3225,C7179,49.66,2023-06-07 16:18:22,Restaurant
7127,C4409,0.37,2023-06-07 16:18:44,Retail
9375,C6681,15.56,2023-06-07 16:18:50,Grocery
6902,C9605,86.5,2023-06-07 16:18:56,Entertainment
6041,C1916,86.4,2023-06-07 16:20:48,Restaurant
7215,C1237,90.33,2023-06-07 16:21:13,Electronics
2925,C4150,73.92,2023-06-07 16:21:20,Entertainment
10268,C3549,103.87,2023-06-07 16:21:43,Retail
8266,C3151,13.52,2023-06-07 16:24:27,Grocery
8131,C6453,67.17,2023-06-07 16:25:25,Grocery
8310,C1738,70.86,2023-06-07 16:25:35,Electronics
8073,C8576,60.92,2023-06-07 16:25:52,Retail
3415,C2499,73.95,2023-06-07 16:27:13,Restaurant
5973,C8515,64.01,2023-06-07 16:28:32,Grocery
1269,C7868,119.86,2023-06-07 16:29:53,Electronics
7606,C7960,58.4,2023-06-07 16:30:47,Restaurant
4918,C9255,56.92,2023-06-07 16:31:32,Electronics
3002,C9901,11.2,2023-06-07 16:35:30,Grocery
2285,C7505,89.79,2023-06-07 16:37:25,Electronics
6450,C8616,30.31,2023-06-07 16:37:39,Entertainment
8059,C6367,1000.0,2023-06-07 16:37:51,Restaurant
10592,C1915,59.0,2023-06-07 16:39:04,Retail
9678,C7947,89.28,2023-06-07 16:40:16,Electronics
6797,C9399,55.32,2023-06-07 16:41:12,Entertainment
3371,C7525,73.56,2023-06-07 16:41:18,Electronics
1242,C8973,57.12,2023-06-07 16:42:49,Retail
3946,C2889,40.23,2023-06-07 16:43:22,Retail
4923,C8870,62.85,2023-06-07 16:43:22,Retail
5250,C5121,16.11,2023-06-07 16:45:07,Electronics
2294,C7843,81.02,2023-06-07 16:45:30,Electronics
5023,C6668,45.11,2023-06-07 16:46:14,Retail
5981,C3591,81.95,2023-06-07 16:48:30,Entertainment
6412,C7208,68.56,2023-06-07 16:49:32,Entertainment
8208,C5469,65.37,2023-06-07 16:49:58,Restaurant
2762,C5012,85.73,2023-06-07 16:51:06,Restaurant
5552,C8490,61.81,2023-06-07 16:51:11,Entertainment
4122,C8307,10.0,2023-06-07 16:51:38,Grocery
4140,C1319,17.4,2023-06-07 16:52:16,Entertainment
8343,C2742,38.58,2023-06-07 16:52:19,Retail
10971,C7876,56.81,2023-06-07 16:52:39,Retail
1039,C1711,107.38,2023-06-07 16:52:47,Restaurant
5996,C6898,80.76,2023-06-07 16:53:39,Electronics
10074,C4526,1.1,2023-06-07 16:53:39,Electronics
7960,C2478,55.75,2023-06-07 16:53:56,Retail
5065,C6434,25.26,2023-06-07 16:54:19,Grocery
2523,C4906,107.74,2023-06-07 16:54:50,Electronics
8742,C5018,68.66,2023-06-07 16:56:58,Retail
1974,C5097,56.24,2023-06-07 16:57:14,Electronics
6514,C2422,41.83,2023-06-07 16:59:57,Grocery
5727,C3233,32.87,2023-06-07 17:00:06,Retail
4470,C9275,60.73,2023-06-07 17:00:11,Restaurant
4424,C7102,44.8,2023-06-07 17:03:04,Grocery
10016,C9806,9399.33,2023-06-07 17:03:18,Electronics
9126,C7208,30.45,2023-06-07 17:04:24,Retail
4349,C2584,57.96,2023-06-07 17:05:13,Retail
4202,C1359,41.83,2023-06-07 17:06:00,Restaurant
10987,C9773,10.0,2023-06-07 17:06:32,Entertainment
10969,C5887,78.58,2023-06-07 17:07:08,Restaurant
8927,C5494,64.97,2023-06-07 17:09:56,Grocery
9716,C7520,54.27,2023-06-07 17:12:40,Electronics
1442,C2389,86.46,2023-06-07 17:13:26,Retail
6543,C9456,66.23,2023-06-07 17:13:32,Restaurant
6636,C8787,67.05,2023-06-07 17:13:44,Grocery
8089,C8433,5504.69,2023-06-07 17:14:30,Entertainment
4666,C1612,84.63,2023-06-07 17:14:57,Grocery
5786,C4814,71.2,2023-06-07 17:18:44,Electronics
8442,C3654,83.04,2023-06-07 17:21:18,Electronics
8689,C3999,62.11,2023-06-07 17:21:48,Electronics
1825,C1018,72.61,2023-06-07 17:23:07,Entertainment
10674,C5028,14.48,2023-06-07 17:23:24,Grocery
2183,C2398,4095.26,2023-06-07 17:23:34,Electronics
5925,C3126,33.25,2023-06-07 17:23:47,Retail
5959,C9511,86.4,2023-06-07 17:24:01,Electronics
5721,C5256,67.33,2023-06-07 17:25:36,Retail
1649,C4130,27.07,2023-06-07 17:26:25,Restaurant
9058,C1939,57.94,2023-06-07 17:27:04,Grocery
6014,C9376,53.53,2023-06-07 17:28:12,Electronics
5526,C9071,30.49,2023-06-07 17:28:32,Retail
10311,C7370,59.34,2023-06-07 17:28:40,Restaurant
9017,C2659,39.65,2023-06-07 17:30:46,Grocery
10899,C2367,9271.86,2023-06-07 17:31:40,Grocery
9919,C1963,84.57,2023-06-07 17:32:15,Grocery
4178,C6761,10947.41,2023-06-07 17:34:24,Restaurant
5308,C7730,92.95,2023-06-07 17:35:07,Retail
5086,C2036,80.5,2023-06-07 17:35:15,Restaurant
6198,C3485,100.8,2023-06-07 17:35:25,Retail
1388,C5279,86.21,2023-06-07 17:36:02,Entertainment
10540,C8526,66.19,2023-06-07 17:36:51,Grocery
4245,C6500,25.27,2023-06-07 17:41:08,Electronics
2362,C8581,33.2,2023-06-07 17:41:12,Entertainment
2251,C4531,57.52,2023-06-07 17:41:20,Retail
7559,C6761,54.8,2023-06-07 17:42:08,Retail
1550,C3223,25.82,2023-06-07 17:42:53,Retail
6232,C3384,33.13,2023-06-07 17:43:57,Retail
3453,C3739,32.71,2023-06-07 17:46:55,Grocery
7567,C7750,53.22,2023-06-07 17:47:12,Grocery
1637,C9098,23.92,2023-06-07 17:50:31,Electronics
6793,C9765,56.67,2023-06-07 17:50:42,Electronics
3997,C1104,62.05,2023-06-07 17:51:05,Entertainment
4830,C7755,27.89,2023-06-07 17:53:01,Retail
7734,C9147,49.19,2023-06-07 17:55:54,Restaurant
9978,C3434,0.77,2023-06-07 17:58:45,Entertainment
9038,C3255,33.52,2023-06-07 17:59:03,Retail
1123,C5315,65.35,2023-06-07 18:00:58,Restaurant
6829,C3476,0.01,2023-06-07 18:01:07,Restaurant
9558,C4348,101.91,2023-06-07 18:02:32,Grocery
6526,C1612,5628.05,2023-06-07 18:03:02,Restaurant
10780,C7086,85.39,2023-06-07 18:05:29,Entertainment
7965,C7388,57.64,2023-06-07 18:05:35,Electronics
10682,C9785,57.77,2023-06-07 18:05:49,Entertainment
2358,C2257,52.56,2023-06-07 18:06:54,Retail
9967,C3756,71.93,2023-06-07 18:07:12,Entertainment
1252,C1821,54.45,2023-06-07 18:08:43,Electronics
4799,C1190,113.6,2023-06-07 18:08:54,Entertainment
10787,C6942,22.32,2023-06-07 18:09:57,Grocery
5031,C7322,29.31,2023-06-07 18:10:00,Retail
5839,C2850,84.86,2023-06-07 18:12:13,Electronics
8962,C2219,88.7,2023-06-07 18:12:38,Restaurant
6819,C2259,32.14,2023-06-07 18:16:32,Retail
8182,C4766,61.01,2023-06-07 18:17:49,Electronics
7743,C3934,70.34,2023-06-07 18:18:06,Grocery
6880,C8074,83.88,2023-06-07 18:18:10,Entertainment
7105,C8379,27.2,2023-06-07 18:18:45,Entertainment
10271,C8711,87.35,2023-06-07 18:18:53,Retail
3972,C3938,89.73,2023-06-07 18:19:41,Electronics
7324,C2260,101.41,2023-06-07 18:19:49,Electronics
3609,C9019,67.73,2023-06-07 18:20:03,Grocery
4247,C1186,60.47,2023-06-07 18:20:53,Grocery
8069,C1339,16.19,2023-06-07 18:21:46,Restaurant
6241,C4079,83.31,2023-06-07 18:24:59,Electronics
2162,C2624,95.3,2023-06-07 18:25:28,Grocery
9227,C5825,13.79,2023-06-07 18:26:52,Retail
4277,C5278,56.04,2023-06-07 18:27:11,Grocery
8237,C6323,58.91,2023-06-07 18:27:28,Retail
9735,C8970,38.18,2023-06-07 18:29:23,Entertainment
6693,C8421,10.0,2023-06-07 18:29:33,Grocery
9057,C3369,42.8,2023-06-07 18:30:07,Restaurant
1990,C1803,1000.0,2023-06-07 18:30:29,Entertainment
9663,C2167,93.83,2023-06-07 18:30:58,Retail
9610,C5966,18.18,2023-06-07 18:31:11,Restaurant
6123,C5713,47.09,2023-06-07 18:31:20,Restaurant
5654,C5444,15.15,2023-06-07 18:31:32,Restaurant
5215,C8310,77.16,2023-06-07 18:33:19,Retail
6407,C1587,79.29,2023-06-07 18:33:45,Grocery
9345,C2126,70.78,2023-06-07 18:33:55,Entertainment
7496,C5947,105.11,2023-06-07 18:34:09,Electronics
8875,C7435,56.54,2023-06-07 18:34:44,Retail
8872,C3843,78.39,2023-06-07 18:35:39,Entertainment
2336,C8601,65.12,2023-06-07 18:36:23,Restaurant
1678,C4155,1.34,2023-06-07 18:38:17,Restaurant
8900,C2474,18.57,2023-06-07 18:39:03,Electronics
6011,C6159,58.14,2023-06-07 18:39:26,Restaurant
10281,C8185,53.82,2023-06-07 18:40:16,Grocery
1170,C2049,134.82,2023-06-07 18:41:06,Electronics
9757,C2052,53.18,2023-06-07 18:41:23,Restaurant
8924,C5253,69.45,2023-06-07 18:42:04,Electronics
6769,C9948,81.98,2023-06-07 18:44:23,Entertainment
8160,C6132,90.68,2023-06-07 18:44:36,Restaurant
8393,C5830,100.97,2023-06-07 18:45:56,Restaurant
8064,C7022,64.98,2023-06-07 18:46:03,Retail
5444,C7544,66.93,2023-06-07 18:46:29,Retail
3172,C9255,67.09,2023-06-07 18:47:44,Retail
10539,C3973,1.13,2023-06-07 18:48:00,Grocery
1631,C8385,70.68,2023-06-07 18:48:14,Restaurant
1938,C5906,37.95,2023-06-07 18:48:50,Restaurant
5647,C6629,57.41,2023-06-07 18:50:27,Grocery
4867,C4072,30.57,2023-06-07 18:51:47,Restaurant
2726,C9488,59.81,2023-06-07 18:53:54,Entertainment
10985,C8890,67.41,2023-06-07 18:56:16,Electronics
1148,C8962,50.55,2023-06-07 18:56:54,Restaurant
8392,C4298,43.66,2023-06-07 18:57:23,Electronics
1368,C4269,70.29,2023-06-07 18:57:39,Entertainment
8574,C6480,83.53,2023-06-07 19:01:50,Electronics
9193,C7178,64.82,2023-06-07 19:02:27,Entertainment
3649,C1157,44.57,2023-06-07 19:02:35,Electronics
7708,C3764,49.3,2023-06-07 19:02:41,Retail
2536,C1025,55.13,2023-06-07 19:04:09,Grocery
6171,C4054,10.0,2023-06-07 19:04:50,Restaurant
3462,C5040,72.48,2023-06-07 19:07:46,Entertainment
9090,C6431,78.37,2023-06-07 19:08:29,Restaurant
9243,C6394,3401.02,2023-06-07 19:08:32,Grocery
1682,C4033,48.65,2023-06-07 19:09:09,Grocery
8859,C5473,112.78,2023-06-07 19:09:55,Retail
8555,C5986,36.89,2023-06-07 19:14:03,Entertainment
8341,C2281,47.06,2023-06-07 19:14:12,Electronics
10083,C5270,40.63,2023-06-07 19:14:18,Retail
2296,C2887,69.76,2023-06-07 19:14:46,Restaurant
5899,C7014,17.91,2023-06-07 19:16:18,Retail
7995,C1895,58.5,2023-06-07 19:17:21,Grocery
3752,C9105,63.5,2023-06-07 19:18:11,Retail
3693,C2425,22.9,2023-06-07 19:18:11,Grocery
10168,C5699,25.0,2023-06-07 19:20:16,Retail
3569,C2100,108.56,2023-06-07 19:21:52,Grocery
9153,C5819,101.09,2023-06-07 19:21:56,Retail
10142,C6210,4048.69,2023-06-07 19:24:59,Retail
2467,C1854,98.57,2023-06-07 19:26:03,Grocery
7331,C3465,59.13,2023-06-07 19:27:31,Electronics
8359,C5958,69.48,2023-06-07 19:29:06,Restaurant
3010,C2845,96.33,2023-06-07 19:29:22,Retail
1215,C4006,21.21,2023-06-07 19:30:07,Restaurant
9289,C7867,60.87,2023-06-07 19:30:17,Entertainment
6468,C1100,40.38,2023-06-07 19:30:38,Grocery
5596,C3893,70.3,2023-06-07 19:30:53,Entertainment
2479,C3414,30.28,2023-06-07 19:33:47,Retail
7427,C4610,40.77,2023-06-07 19:35:13,Entertainment
3999,C1391,48.43,2023-06-07 19:36:32,Retail
7308,C9629,51.67,2023-06-07 19:37:15,Restaurant
5798,C1519,6447.6,2023-06-07 19:38:39,Grocery
8519,C7101,86.53,2023-06-07 19:41:28,Grocery
1930,C5708,15.98,2023-06-07 19:41:34,Retail
9901,C5863,66.59,2023-06-07 19:42:01,Retail
10909,C2725,70.34,2023-06-07 19:45:55,Restaurant
4946,C1529,55.05,2023-06-07 19:46:18,Restaurant
7539,C7873,40.1,2023-06-07 19:47:39,Electronics
7438,C1369,85.6,2023-06-07 19:48:12,Entertainment
2922,C6804,44.14,2023-06-07 19:48:24,Electronics
9305,C9757,68.91,2023-06-07 19:49:14,Retail
3038,C5374,74.49,2023-06-07 19:49:57,Grocery
6388,C4028,48.03,2023-06-07 19:50:04,Electronics
7765,C8051,43.71,2023-06-07 19:50:14,Entertainment
2139,C1510,43.31,2023-06-07 19:51:40,Restaurant
3973,C4656,2.02,2023-06-07 19:52:31,Grocery
6428,C2790,70.46,2023-06-07 19:54:58,Electronics
8275,C8805,96.18,2023-06-07 19:55:19,Retail
5641,C6527,8571.59,2023-06-07 19:55:21,Grocery
4878,C8381,27.2,2023-06-07 19:59:55,Retail
7386,C8223,70.82,2023-06-07 20:02:31,Retail
8885,C6864,59.96,2023-06-07 20:03:21,Entertainment
8557,C6638,1.13,2023-06-07 20:03:58,Electronics
4835,C5990,28.37,2023-06-07 20:05:41,Electronics
1271,C6183,89.34,2023-06-07 20:06:21,Restaurant
6320,C2854,71.99,2023-06-07 20:06:36,Electronics
2234,C3578,76.72,2023-06-07 20:06:36,Retail
3246,C8639,62.48,2023-06-07 20:09:13,Entertainment
2744,C9234,78.12,2023-06-07 20:09:38,Electronics
2851,C4261,67.4,2023-06-07 20:10:15,Restaurant
6409,C5903,51.73,2023-06-07 20:10:21,Electronics
7347,C1361,10.0,2023-06-07 20:10:29,Retail
8741,C4371,0.25,2023-06-07 20:10:49,Entertainment
4126,C5835,0.61,2023-06-07 20:11:49,Restaurant
1999,C2591,92.16,2023-06-07 20:12:37,Restaurant
5513,C4271,60.99,2023-06-07 20:13:46,Electronics
9009,C2570,35.29,2023-06-07 20:17:12,Retail
6597,C1475,60.2,2023-06-07 20:17:22,Restaurant
8230,C8861,26.04,2023-06-07 20:17:36,Retail
2394,C2548,10.0,2023-06-07 20:19:13,Restaurant
10153,C3547,59.19,2023-06-07 20:19:14,Grocery
8583,C6115,90.0,2023-06-07 20:19:19,Grocery
7590,C8240,30.52,2023-06-07 20:19:23,Entertainment
5509,C5408,100.66,2023-06-07 20:19:24,Electronics
1867,C4122,10.0,2023-06-07 20:20:06,Electronics
5275,C7793,56.87,2023-06-07 20:24:26,Restaurant
1913,C7717,71.83,2023-06-07 20:24:35,Restaurant
7544,C9677,54.29,2023-06-07 20:24:47,Retail
8804,C8932,20.89,2023-06-07 20:25:19,Restaurant
5539,C7518,83.47,2023-06-07 20:27:53,Electronics
3918,C6680,16.94,2023-06-07 20:28:23,Retail
7487,C3865,76.28,2023-06-07 20:28:25,Restaurant
10043,C2386,100.62,2023-06-07 20:28:58,Grocery
9579,C4644,34.94,2023-06-07 20:29:09,Entertainment
5667,C4450,0.7,2023-06-07 20:30:34,Entertainment
6030,C4562,10202.13,2023-06-07 20:32:05,Entertainment
5626,C4259,57.32,2023-06-07 20:33:49,Retail
3679,C7010,43.7,2023-06-07 20:34:20,Grocery
8273,C8298,70.51,2023-06-07 20:34:36,Grocery
4294,C1877,59.13,2023-06-07 20:35:09,Electronics
10396,C8059,45.02,2023-06-07 20:38:22,Retail
9206,C8622,13.23,2023-06-07 20:39:09,Restaurant
2000,C1645,43.63,2023-06-07 20:39:48,Entertainment
10547,C1344,19.01,2023-06-07 20:40:56,Electronics
10777,C7233,75.84,2023-06-07 20:41:03,Grocery
4626,C9700,7181.51,2023-06-07 20:44:22,Grocery
9390,C3587,70.84,2023-06-07 20:45:48,Retail
1032,C2674,84.47,2023-06-07 20:45:50,Retail
8409,C4799,96.28,2023-06-07 20:45:55,Restaurant
5030,C2857,69.68,2023-06-07 20:46:23,Electronics
2241,C3579,37.58,2023-06-07 20:47:49,Electronics
2989,C3880,41.27,2023-06-07 20:48:09,Grocery
8570,C5940,46.62,2023-06-07 20:48:20,Grocery
1713,C1841,71.35,2023-06-07 20:48:34,Grocery
10242,C1942,10.0,2023-06-07 20:51:42,Retail
5033,C9851,31.75,2023-06-07 20:52:17,Entertainment
5210,C1173,91.67,2023-06-07 20:53:04,Grocery
8149,C9074,89.28,2023-06-07 20:53:42,Electronics
5947,C1994,40.96,2023-06-07 20:54:22,Electronics
3396,C4737,53.6,2023-06-07 20:54:59,Retail
5855,C5075,50.63,2023-06-07 20:55:20,Grocery
5322,C1271,22.38,2023-06-07 20:55:26,Restaurant
5283,C7732,103.74,2023-06-07 20:58:19,Entertainment
4967,C9955,65.51,2023-06-07 21:00:02,Entertainment
5462,C5277,81.42,2023-06-07 21:00:04,Restaurant
8256,C3669,74.26,2023-06-07 21:00:42,Electronics
8843,C3644,61.43,2023-06-07 21:01:52,Retail
2769,C8202,87.68,2023-06-07 21:04:04,Entertainment
8991,C1994,1.63,2023-06-07 21:04:27,Electronics
6820,C5552,52.74,2023-06-07 21:05:42,Retail
7186,C4181,57.32,2023-06-07 21:06:25,Retail
3990,C8600,26.37,2023-06-07 21:08:01,Retail
9514,C7045,91.87,2023-06-07 21:08:30,Entertainment
7507,C3034,44.88,2023-06-07 21:09:35,Restaurant
6923,C5150,30.1,2023-06-07 21:10:08,Retail
8314,C7961,27.67,2023-06-07 21:10:24,Electronics
9418,C4185,21.86,2023-06-07 21:10:52,Entertainment
2127,C8802,96.67,2023-06-07 21:11:23,Retail
9045,C6861,80.63,2023-06-07 21:12:38,Electronics
2505,C3273,10.0,2023-06-07 21:12:40,Retail
10416,C2429,69.6,2023-06-07 21:12:48,Retail
2543,C6908,66.12,2023-06-07 21:14:13,Grocery
10066,C4438,26.51,2023-06-07 21:18:02,Retail
3713,C5380,43.83,2023-06-07 21:18:52,Electronics
1314,C4335,96.11,2023-06-07 21:19:59,Restaurant
5236,C1760,96.05,2023-06-07 21:20:47,Entertainment
7464,C4533,75.59,2023-06-07 21:22:07,Retail
1699,C5494,124.65,2023-06-07 21:22:46,Retail
3642,C5732,25.61,2023-06-07 21:23:00,Retail
7119,C2925,138.94,2023-06-07 21:23:57,Grocery
9927,C7419,46.53,2023-06-07 21:24:17,Grocery
7569,C3671,60.26,2023-06-07 21:24:33,Restaurant
2043,C8724,63.04,2023-06-07 21:24:44,Restaurant
5094,C2417,94.36,2023-06-07 21:25:06,Grocery
4829,C7609,21.92,2023-06-07 21:25:50,Electronics
1460,C7291,53.24,2023-06-07 21:26:04,Electronics
9336,C6353,148.23,2023-06-07 21:29:46,Electronics
4236,C9129,53.65,2023-06-07 21:30:45,Retail
9974,C2922,35.03,2023-06-07 21:31:04,Retail
2220,C1100,0.9,2023-06-07 21:31:53,Entertainment
4569,C6031,0.58,2023-06-07 21:33:31,Grocery
9739,C8383,96.34,2023-06-07 21:33:58,Grocery
5411,C8133,64.7,2023-06-07 21:35:05,Restaurant
10768,C1917,69.19,2023-06-07 21:37:12,Electronics
9308,C8778,22.6,2023-06-07 21:38:28,Grocery
5200,C4658,70.47,2023-06-07 21:39:46,Electronics
9670,C8148,10.0,2023-06-07 21:40:28,Electronics
1742,C2330,75.22,2023-06-07 21:41:57,Entertainment
4036,C6161,73.93,2023-06-07 21:42:41,Retail
4648,C8105,29.06,2023-06-07 21:43:13,Electronics
8901,C5967,63.58,2023-06-07 21:43:56,Retail
4942,C2016,51.81,2023-06-07 21:44:37,Restaurant
5193,C5269,55.99,2023-06-07 21:45:21,Restaurant
10002,C4685,49.06,2023-06-07 21:45:41,Restaurant
3797,C8291,8968.11,2023-06-07 21:47:29,Restaurant
8203,C4337,63.92,2023-06-07 21:47:37,Entertainment
9585,C1099,55.95,2023-06-07 21:47:49,Entertainment
8169,C5321,61.95,2023-06-07 21:48:15,Restaurant
2793,C1829,52.8,2023-06-07 21:49:01,Retail
5084,C9762,82.51,2023-06-07 21:51:02,Retail
9131,C8474,5093.19,2023-06-07 21:53:29,Entertainment
4783,C5286,75.66,2023-06-07 21:53:42,Electronics
2697,C9094,70.88,2023-06-07 21:54:15,Entertainment
2377,C1641,1.65,2023-06-07 21:55:27,Restaurant
5297,C9464,92.1,2023-06-07 21:55:38,Entertainment
3555,C3321,25.71,2023-06-07 21:56:09,Grocery
3839,C5537,41.99,2023-06-07 21:56:29,Retail
2582,C6080,63.06,2023-06-07 21:57:11,Retail
6575,C3580,94.76,2023-06-07 21:57:56,Restaurant
2340,C3473,48.84,2023-06-07 21:58:09,Grocery
10561,C9630,36.44,2023-06-07 21:58:50,Entertainment
1366,C8711,60.8,2023-06-07 21:58:56,Grocery
5861,C1979,55.61,2023-06-07 21:59:40,Grocery
6062,C7436,65.77,2023-06-07 21:59:42,Retail
6696,C7389,47.5,2023-06-07 22:00:18,Grocery
10867,C2541,55.12,2023-06-07 22:01:06,Restaurant
4067,C4522,49.66,2023-06-07 22:01:58,Retail
6069,C7460,68.96,2023-06-07 22:03:15,Entertainment
8464,C3862,108.01,2023-06-07 22:04:16,Electronics
6864,C7390,42.43,2023-06-07 22:06:37,Entertainment
2188,C3131,61.45,2023-06-07 22:09:34,Grocery
9028,C4172,1.34,2023-06-07 22:10:33,Retail
1602,C1672,15.67,2023-06-07 22:15:02,Restaurant
4567,C6820,96.28,2023-06-07 22:15:04,Electronics
8218,C6384,48.52,2023-06-07 22:15:18,Retail
2292,C8033,74.65,2023-06-07 22:15:50,Electronics
10307,C3087,74.22,2023-06-07 22:16:53,Entertainment
5333,C9246,51.91,2023-06-07 22:17:06,Restaurant
9043,C8140,47.17,2023-06-07 22:19:31,Restaurant
8283,C7979,117.7,2023-06-07 22:21:05,Retail
6946,C4287,92.96,2023-06-07 22:21:15,Electronics
4886,C8091,32.56,2023-06-07 22:21:24,Entertainment
3068,C5054,86.0,2023-06-07 22:22:42,Entertainment
7990,C8786,43.85,2023-06-07 22:27:15,Grocery
2565,C6772,23.91,2023-06-07 22:28:00,Restaurant
5871,C8187,59.37,2023-06-07 22:28:02,Electronics
2261,C1744,48.06,2023-06-07 22:31:22,Retail
7831,C9433,114.64,2023-06-07 22:31:27,Grocery
7847,C9237,4027.47,2023-06-07 22:31:29,Retail
2230,C7163,80.79,2023-06-07 22:31:35,Entertainment
3078,C9281,46.25,2023-06-07 22:32:06,Grocery
3166,C8191,45.87,2023-06-07 22:34:12,Entertainment
8282,C8112,67.76,2023-06-07 22:34:42,Electronics
5638,C8598,45.87,2023-06-07 22:35:24,Entertainment
4594,C8496,71.25,2023-06-07 22:37:07,Electronics
3631,C7364,82.56,2023-06-07 22:37:34,Retail
7631,C1479,0.59,2023-06-07 22:38:07,Restaurant
2786,C8642,59.21,2023-06-07 22:40:59,Entertainment
5347,C4759,61.98,2023-06-07 22:41:43,Restaurant
7123,C9842,96.35,2023-06-07 22:42:46,Grocery
5279,C8844,21.41,2023-06-07 22:43:26,Entertainment
6020,C3557,23.53,2023-06-07 22:43:52,Restaurant
9236,C2168,67.42,2023-06-07 22:44:38,Grocery
10917,C8573,89.85,2023-06-07 22:45:14,Entertainment
8350,C1217,0.41,2023-06-07 22:45:22,Restaurant
1137,C6310,88.58,2023-06-07 22:46:27,Electronics
8002,C9763,70.54,2023-06-07 22:46:33,Electronics
4191,C1326,56.93,2023-06-07 22:50:40,Electronics
2415,C6928,27.99,2023-06-07 22:51:04,Retail
8539,C2140,14.23,2023-06-07 22:54:19,Retail
10401,C6476,67.78,2023-06-07 22:54:24,Restaurant
2790,C5061,34.07,2023-06-07 22:54:28,Electronics
4300,C9849,74.43,2023-06-07 22:56:58,Grocery
7245,C4916,28.64,2023-06-07 22:57:27,Entertainment
3062,C7121,53.03,2023-06-07 23:00:09,Grocery
1932,C2480,63.79,2023-06-07 23:03:18,Electronics
7540,C6832,42.16,2023-06-07 23:05:23,Entertainment
6318,C2481,88.1,2023-06-07 23:05:34,Entertainment
7338,C3163,30.23,2023-06-07 23:06:25,Restaurant
4974,C4063,8696.99,2023-06-07 23:07:38,Electronics
7050,C3822,53.37,2023-06-07 23:07:39,Electronics
6498,C2084,36.03,2023-06-07 23:08:53,Electronics
9894,C2746,86.22,2023-06-07 23:09:26,Electronics
3473,C6399,50.09,2023-06-07 23:10:13,Entertainment
7483,C1108,94.43,2023-06-07 23:10:48,Retail
2955,C9824,30.65,2023-06-07 23:11:18,Retail
9581,C9543,32.38,2023-06-07 23:13:07,Electronics
2101,C4817,76.46,2023-06-07 23:13:24,Retail
7330,C9131,58.3,2023-06-07 23:15:00,Restaurant
4059,C6051,77.57,2023-06-07 23:15:22,Restaurant
6257,C7126,36.28,2023-06-07 23:15:40,Entertainment
9298,C3518,33.85,2023-06-07 23:16:42,Grocery
2028,C7511,45.65,2023-06-07 23:20:28,Retail
10975,C4015,71.89,2023-06-07 23:20:56,Grocery
3034,C5272,58.03,2023-06-07 23:21:40,Retail
4551,C9759,73.05,2023-06-07 23:21:41,Restaurant
10032,C1087,52.57,2023-06-07 23:21:53,Entertainment
2212,C1430,60.32,2023-06-07 23:21:56,Grocery
4356,C7342,76.63,2023-06-07 23:23:28,Retail
9519,C5940,104.88,2023-06-07 23:23:43,Retail
4572,C7089,36.5,2023-06-07 23:24:58,Restaurant
1892,C7274,0.72,2023-06-07 23:25:35,Entertainment
9294,C6342,50.43,2023-06-07 23:28:47,Restaurant
5238,C6309,1.13,2023-06-07 23:29:47,Entertainment
9425,C6359,75.81,2023-06-07 23:30:34,Entertainment
4699,C9154,99.86,2023-06-07 23:30:42,Entertainment
1876,C1042,97.04,2023-06-07 23:31:13,Retail
1469,C3881,14.11,2023-06-07 23:32:50,Retail
10736,C9641,42.55,2023-06-07 23:33:26,Restaurant
7645,C4555,46.18,2023-06-07 23:33:41,Electronics
10058,C8289,38.8,2023-06-07 23:34:25,Entertainment
4679,C3024,46.52,2023-06-07 23:36:09,Electronics
8253,C2461,111.89,2023-06-07 23:36:26,Entertainment
3855,C2847,51.21,2023-06-07 23:37:47,Grocery
4217,C8157,66.13,2023-06-07 23:38:34,Restaurant
4896,C7302,39.94,2023-06-07 23:39:03,Electronics
8894,C1153,1.31,2023-06-07 23:39:40,Entertainment
5440,C1004,40.42,2023-06-07 23:40:09,Electronics
7400,C5940,102.6,2023-06-07 23:40:18,Entertainment
9106,C6896,58.86,2023-06-07 23:41:52,Grocery
1293,C2127,55.36,2023-06-07 23:42:15,Retail
4204,C3320,62.45,2023-06-07 23:42:20,Electronics
5027,C1653,1000.0,2023-06-07 23:44:01,Entertainment
9814,C4826,48.85,2023-06-07 23:44:45,Grocery
7220,C8114,19.57,2023-06-07 23:45:03,Electronics
6196,C5590,42.4,2023-06-07 23:46:02,Restaurant
8058,C3842,45.39,2023-06-07 23:46:16,Electronics
7457,C1199,47.78,2023-06-07 23:46:57,Restaurant
3117,C7698,48.51,2023-06-07 23:47:32,Retail
4350,C2404,59.12,2023-06-07 23:49:04,Grocery
1970,C8237,88.04,2023-06-07 23:50:07,Entertainment
3138,C1372,91.36,2023-06-07 23:50:49,Electronics
2805,C8648,69.87,2023-06-07 23:51:41,Entertainment
10703,C5828,59.06,2023-06-07 23:52:04,Electronics
1846,C3594,46.41,2023-06-07 23:52:33,Electronics
1679,C6169,128.0,2023-06-07 23:55:39,Grocery
10309,C7551,1.19,2023-06-07 23:56:09,Electronics
1522,C7232,54.77,2023-06-07 23:56:46,Grocery
5505,C8807,51.55,2023-06-07 23:58:48,Entertainment
1424,C7211,72.02,2023-06-07 23:59:47,Entertainment
